catalogue_entry,titles_names,catalog level,classification1,classification2,Material,description_notes,inscription/ marks,measurements,Exhibition_hall,periods,find spot,creator,ownership,collecting history,contributor_type,location,photo,Unnamed: 19,Unnamed: 20
1,VASE of funerary type,item,Ceramics,pottery,ceramics; pottery,with design of coiling spirals in purple and black,,H. 42.5 cm,1 Shang-Yin or and  Zhou Dynasty,Neolithic,,,"ÖSTASIATISKA SAMLINGARNA, Stockholm",,museum,"Stockholm, Sweden",yes,,
2,VASE of funerary type,item,Ceramics,pottery,ceramics; pottery,with decoration of leaves and rings in black,,H. 40 cm,1 Shang-Yin or and  Zhou Dynasty,Neolithic,,,"ÖSTASIATISKA SAMLINGARNA, Stockholm",,museum,"Stockholm, Sweden",yes,,
3,BOWL,item,Ceramics,pottery,ceramics; pottery,"double handled, painted with herring-bone design",,H. 13.5 cm,1 Shang-Yin or and  Zhou Dynasty,Neolithic,,,"M. CALMANN, Paris",,private,"Paris, France",yes,,
4,BOWL,item,Ceramics,pottery,ceramics; pottery,"with swag-like ornament in black, Non-funereal type",,Di. 26 cm,1 Shang-Yin or and  Zhou Dynasty,Neolithic,,,"ÖSTASIATISKA SAMLINGARNA, Stockholm",,museum,"Stockholm, Sweden",yes,,
5,AXE,item,Stones and Minerals,Utilitarian Objects,stones; stone,with painted men and horses,,H. 18.3 cm,1 Shang-Yin or and  Zhou Dynasty,Neolithic,,,"OSCAR RAPHAEL, London",,private,"London, U.K.",yes,,
6,YEN/YAN (steamer),item,Bronze,Containers,metalwork; bronze,bronze inlaid with gold and silver,Inscribed,H. 44.5 cm,1 Shang-Yin or and  Zhou Dynasty,Shang,,,THE CHINESE GOVERNMENT,,government,China,yes,,
7,LI (caldron),item,Bronze,Containers,metalwork; bronze,SQUARE,,H. 23.9 cm,1 Shang-Yin or and  Zhou Dynasty,Shang,,,THE CHINESE GOVERNMENT,,government,China,yes,,
8,LI (caldron),item,Bronze,Containers,metalwork; bronze,,Inscribed,H. 15.2 cm,1 Shang-Yin or and  Zhou Dynasty,Shang,,,THE CHINESE GOVERNMENT,,government,China,,,
9,TING (caldron),item,Bronze,Containers,metalwork; bronze,,Inscribed,H. 22.9 cm,1 Shang-Yin or and  Zhou Dynasty,Shang,,,THE CHINESE GOVERNMENT,,government,China,,,
10,KUEI (food vessel),item,Bronze,Containers,metalwork; bronze,,Inscribed,H. 16.4 cm,1 Shang-Yin or and  Zhou Dynasty,Shang,,,THE CHINESE GOVERNMENT,,government,China,,,
11,TING (caldron),item,Bronze,Containers,metalwork; bronze,,Inscribed,H. 24.5 cm,1 Shang-Yin or and  Zhou Dynasty,Shang,,,THE CHINESE GOVERNMENT,,government,China,,,
12,TSUN/ZUN (wine vessel),item,Bronze,Containers,metalwork; bronze,,Inscribed,H. 25.9 cm,1 Shang-Yin or and  Zhou Dynasty,Shang,,,THE CHINESE GOVERNMENT,,government,China,,,
13,KUEI (food vessel),item,Bronze,Containers,metalwork; bronze,,,H12.7cm,1 Shang-Yin or and  Zhou Dynasty,Shang,,,THE CHINESE GOVERNMENT,,government,China,yes,,
14,CHIA/JIA (wine vessel),item,Bronze,Containers,metalwork; bronze,,Inscribed,H33.9cm,1 Shang-Yin or and  Zhou Dynasty,Shang,,,THE CHINESE GOVERNMENT,,government,China,,,
15,VASE,item,Ceramics,pottery,ceramics; pottery,"brown pottery, with double loop handles",,H16.4cm,1 Shang-Yin or and  Zhou Dynasty,Shang,,,"PROFESSOR W. PERCEVAL YETTS, O.B.E., London",,private,"London, U.K.",yes,,
16,KUEI (food vessel),item,Bronze,Containers,metalwork; bronze,,Inscribed,H 12.5 cm,1 Shang-Yin or and  Zhou Dynasty,Shang,,,THE CHINESE GOVERNMENT,,government,China,,,
17,TSUN (wine vessel),item,Bronze,Containers,metalwork; bronze,,Inscribed,H 20'6 cm,1 Shang-Yin or and  Zhou Dynasty,Western Zhou,,,THE CHINESE GOVERNMENT,,government,China,,,
18,KUEI (food vessel),item,Bronze,Containers,metalwork; bronze,,Inscribed,H13.8cm,1 Shang-Yin or and  Zhou Dynasty,Shang,,,THE CHINESE GOVERNMENT,,government,China,yes,,
19,YU (wine vessel),item,Bronze,Containers,metalwork; bronze,,Inscribed,H24.5cm,1 Shang-Yin or and  Zhou Dynasty,Shang,,,THE CHINESE GOVERNMENT,,government,China,yes,,
20,KUEI (food vessel),item,Bronze,Containers,metalwork; bronze,SQUARE,Inscribed,H 20.6 cm,1 Shang-Yin or and  Zhou Dynasty,Shang,,,THE CHINESE GOVERNMENT,,government,China,yes,,
21,YEN/YAN (steamer),item,Bronze,Containers,metalwork; bronze,SQUARE,,H 40cm,1 Shang-Yin or and  Zhou Dynasty,Western Zhou,,,THE CHINESE GOVERNMENT,,government,China,yes,,
22,YU (wine vessel),item,Bronze,Containers,metalwork; bronze,with spout,Inscribed,H24.1cm,1 Shang-Yin or and  Zhou Dynasty,Shang,,,THE CHINESE GOVERNMENT,,government,China,yes,,
23,TING (caldron),item,Bronze,Containers,metalwork; bronze,,Inscribed,H24‘7 cm,1 Shang-Yin or and  Zhou Dynasty,Shang,,,THE CHINESE GOVERNMENT,,government,China,,,
24,HO (wine vessel),item,Bronze,Containers,metalwork; bronze,,Inscribed,H. 28.5 cm,1 Shang-Yin or and  Zhou Dynasty,Shang,,,THE CHINESE GOVERNMENT,,government,China,yes,,
25,TSUN (wine vessel),item,Bronze,Containers,metalwork; bronze,"SQUARE .On the shoulder four elephant and four stag heads are modelled,  The vessel has eight flanges。。",Inscribed,H 48*2 cm,1 Shang-Yin or and  Zhou Dynasty,Shang,,,THE CHINESE GOVERNMENT,,government,China,yes,,
26,P‘OU (? wine vessel),item,Bronze,Containers,metalwork; bronze,,,H20 cm,1 Shang-Yin or and  Zhou Dynasty,Shang,,,THE CHINESE GOVERNMENT,,government,China,yes,,
27,HU (wine vessel),item,Bronze,Containers,metalwork; bronze,,Inscribed,H33.3 cm,1 Shang-Yin or and  Zhou Dynasty,Spring and Autumn Annals,,,THE CHINESE GOVERNMENT,,government,China,,,
28,TING (caldron),item,Bronze,Containers,metalwork; bronze,SQUARE,Inscribed,H27.5 cm,1 Shang-Yin or and  Zhou Dynasty,Shang,,,THE CHINESE GOVERNMENT,,government,China,yes,,
29,P‘OU (? wine vessel),item,Bronze,Containers,metalwork; bronze,,,H17.6 cm,1 Shang-Yin or and  Zhou Dynasty,Shang,,,THE CHINESE GOVERNMENT,,government,China,,,
30,HO (wine vessel),item,Bronze,Containers,metalwork; bronze,SQUARE. Cover missing,,H17.5 cm,1 Shang-Yin or and  Zhou Dynasty,Shang,,,THE CHINESE GOVERNMENT,,government,China,,,
31,HO (wine vessel),item,Bronze,Containers,metalwork; bronze,,Inscribed,H27.3 cm,1 Shang-Yin or and  Zhou Dynasty,Shang,,,THE CHINESE GOVERNMENT,,government,China,yes,,
32,LEI (wine vessel) and cover,item,Bronze,Containers,metalwork; bronze,SQUARE,,H 26.4 cm,1 Shang-Yin or and  Zhou Dynasty,Shang,,,THE CHINESE GOVERNMENT,,government,China,,,
33,TING (caldron),item,Bronze,Containers,metalwork; bronze,SQUARE,Inscribed,H 21.2 cm,1 Shang-Yin or and  Zhou Dynasty,Shang,,,THE CHINESE GOVERNMENT,,government,China,yes,,
34,LEI (wine vessel),item,Bronze,Containers,metalwork; bronze,,,H23.2 cm,1 Shang-Yin or and  Zhou Dynasty,Shang,,,THE CHINESE GOVERNMENT,,government,China,yes,,
35,TING (caldron),item,Bronze,Containers,metalwork; bronze,,Inscribed,H31.7 cm,1 Shang-Yin or and  Zhou Dynasty,Western Zhou,,,THE CHINESE GOVERNMENT,,government,China,,,
36,KU (wine vessel),item,Bronze,Containers,metalwork; bronze,"Bell, with clapper, is hung within hollow base 。",,H23.7 cm,1 Shang-Yin or and  Zhou Dynasty,Shang,,,THE CHINESE GOVERNMENT,,government,China,yes,,
37,KUEI (food vessel),item,Bronze,Containers,metalwork; bronze,,Inscribed,H 10.5 cm,1 Shang-Yin or and  Zhou Dynasty,Western Zhou,,,THE CHINESE GOVERNMENT,,government,China,,,
38,TING (caldron),item,Bronze,Containers,metalwork; bronze,SQUARE,Inscribed,H 25.6 cm,1 Shang-Yin or and  Zhou Dynasty,Western Zhou,,,THE CHINESE GOVERNMENT,,government,China,yes,,
39,LEI (wine vessel),item,Bronze,Containers,metalwork; bronze,,,H37 cm,1 Shang-Yin or and  Zhou Dynasty,Shang,,,THE CHINESE GOVERNMENT,,government,China,,,
40,TING (caldron),item,Bronze,Containers,metalwork; bronze,,Inscribed,H 22.1 cm,1 Shang-Yin or and  Zhou Dynasty,Western Zhou,,,THE CHINESE GOVERNMENT,,government,China,,,
41,KU (wine vessel),item,Bronze,Containers,metalwork; bronze,,,H24.4 cm,1 Shang-Yin or and  Zhou Dynasty,Shang,,,THE CHINESE GOVERNMENT,,government,China,,,
42,CHÜEH (wine vessel),item,Bronze,Containers,metalwork; bronze,The two columns join under a single cap cap。,,H 19 cm,1 Shang-Yin or and  Zhou Dynasty,Shang,,,THE CHINESE GOVERNMENT,,government,China,yes,,
43,TING (caldron),item,Bronze,Containers,metalwork; bronze,,Inscribed,H23.8 cm,1 Shang-Yin or and  Zhou Dynasty,Song,,,THE CHINESE GOVERNMENT,,government,China,,,
44,TING (caldron),item,Bronze,Containers,metalwork; bronze,,,H 58.6 cm,1 Shang-Yin or and  Zhou Dynasty,Spring and Autumn Annals,"Hsin-chêng, Honan Province, chêng State",,"THE CHINESE GOVERNMENT, Honan Provincial Museum",,government,China,yes,,
45,TING (caldron),item,Bronze,Containers,metalwork; bronze,,Inscribed,H 32.7 cm,1 Shang-Yin or and  Zhou Dynasty,Spring and Autumn Annals,,,THE CHINESE GOVERNMENT,,government,China,yes,,
46,CHIA (wine vessel),item,Bronze,Containers,metalwork; bronze,,,H34.9 cm,1 Shang-Yin or and  Zhou Dynasty,Shang,,,THE CHINESE GOVERNMENT,,government,China,,,
47,CHUNG (bell),item,Bronze,Musical Instruments,metalwork; bronze,Modern jade knob,,H 32.6 cm,1 Shang-Yin or and  Zhou Dynasty,Warring States,,,THE CHINESE GOVERNMENT,,government,China,,,
48,KUEI (food vessel),item,Bronze,Containers,metalwork; bronze,,Inscribed,H 15.5 cm,1 Shang-Yin or and  Zhou Dynasty,Western Zhou,,,THE CHINESE GOVERNMENT,,government,China,yes,,
49,P'AN (basin),item,Bronze,Containers,metalwork; bronze,"with handle and spout , Figures of thirteen fish within circular zone inside the vessel。",,L 46 cm,1 Shang-Yin or and  Zhou Dynasty,Western Zhou,,,THE CHINESE GOVERNMENT,,government,China,yes,,
50,YU (wine vessel),item,Bronze,Containers,metalwork; bronze,,Inscribed,H 22.8 cm,1 Shang-Yin or and  Zhou Dynasty,Western Zhou,,,THE CHINESE GOVERNMENT,,government,China,,,
51,TSUN (wine vessel),item,Bronze,Containers,metalwork; bronze,Phoenix design,Inscribed,H 17.5 cm,1 Shang-Yin or and  Zhou Dynasty,Western Zhou,Hsing State,,THE CHINESE GOVERNMENT,,government,China,,,
52,TING (caldron),item,Bronze,Containers,metalwork; bronze,,,H74.8 cm,1 Shang-Yin or and  Zhou Dynasty,Western Zhou,,,THE CHINESE GOVERNMENT,,government,China,,,
53,TSUN (wine vessel),item,Bronze,Containers,metalwork; bronze,,Inscribed,H 22.8 cm,1 Shang-Yin or and  Zhou Dynasty,Western Zhou,,,THE CHINESE GOVERNMENT,,government,China,yes,,
54,TING (caldron),item,Bronze,Containers,metalwork; bronze,,Inscribed,H 28.8 cm,1 Shang-Yin or and  Zhou Dynasty,Spring and Autumn Annals,Huang State,,THE CHINESE GOVERNMENT,,government,China,,,
55,HU (wine vessel),item,Bronze,Containers,metalwork; bronze,,Inscribed,H 37cm,1 Shang-Yin or and  Zhou Dynasty,Spring and Autumn Annals,Jui State,,THE CHINESE GOVERNMENT,,government,China,yes,,
56,TING (caldron),item,Bronze,Containers,metalwork; bronze,,Inscribed,H 34.3 cm,1 Shang-Yin or and  Zhou Dynasty,Spring and Autumn Annals,Jui State,,THE CHINESE GOVERNMENT,,government,China,yes,,
57,HU (wine vessel),item,Bronze,Containers,metalwork; bronze,,,H 35 cm,1 Shang-Yin or and  Zhou Dynasty,Spring and Autumn Annals,"Hsin-chêng, Honan Province, chêng State",,"THE CHINESE GOVERNMENT, Honan Provincial Museum",,government,"Henan, China",yes,,
58,CHUNG (bell),item,Bronze,Musical Instruments,metalwork; bronze,Example from set of twenty-one,,H41.5 cm,1 Shang-Yin or and  Zhou Dynasty,Spring and Autumn Annals,"Hsin-chêng, Honan Province, chêng State",,"THE CHINESE GOVERNMENT, Honan Provincial Museum",,government,"Henan, China",,,
59,KUEI (food vessel) and cover,item,Bronze,Containers,metalwork; bronze,,,H 27.5 cm,1 Shang-Yin or and  Zhou Dynasty,Spring and Autumn Annals,"Hsin-chêng, Honan Province, chêng State",,"THE CHINESE GOVERNMENT, Honan Provincial Museum",,government,"Henan, China",yes,,
60,FU ( food vessel),item,Bronze,Containers,metalwork; bronze,,,H19.8cm,1 Shang-Yin or and  Zhou Dynasty,Spring and Autumn Annals,"Hsin-chêng, Honan Province, chêng State",,"THE CHINESE GOVERNMENT, Honan Provincial Museum",,government,"Henan, China",yes,,
61,LI (caldron),item,Bronze,Containers,metalwork; bronze,Dragon design,,H 13cm,1 Shang-Yin or and  Zhou Dynasty,Spring and Autumn Annals,"Hsin-chêng, Honan Province, chêng State",,"THE CHINESE GOVERNMENT, Honan Provincial Museum",,government,"Henan, China",,,
62,CHUNG (bell),item,Bronze,Musical Instruments,metalwork; bronze,Small example from set of twenty-one,,H 30 cm,1 Shang-Yin or and  Zhou Dynasty,Spring and Autumn Annals,"Hsin-chêng, Honan Province, chêng State",,"THE CHINESE GOVERNMENT, Honan Provincial Museum",,government,"Henan, China",,,
63,TSU (chopping table),item,Bronze,Tools,metalwork; bronze,,,H 18.6cm,1 Shang-Yin or and  Zhou Dynasty,Warring States,"Shou Hsien , Ch‘u State",,"THE CHINESE GOVERNMENT, Anhui Provincial Library",,government,"Anhui, China",yes,,
64,TING (caldron) with spout,item,Bronze,Containers,metalwork; bronze,,Inscribed,H 38.5 cm,1 Shang-Yin or and  Zhou Dynasty,Warring States,"Shou Hsien , Ch‘u State",,"THE CHINESE GOVERNMENT, Anhui Provincial Library",,government,"Anhui, China",,,
65,HU (wine vessel),item,Bronze,Containers,metalwork; bronze,,Inscribed,H58.5cm,1 Shang-Yin or and  Zhou Dynasty,Spring and Autumn Annals,,,THE CHINESE GOVERNMENT,,government,China,,,
66,PO (bell),item,Bronze,Musical Instruments,metalwork; bronze,,,H 58 cm,1 Shang-Yin or and  Zhou Dynasty,Spring and Autumn Annals,,,THE CHINESE GOVERNMENT,,government,China,yes,,
67,HU (wine vessel),item,Bronze,Containers,metalwork; bronze,,Inscribed,H48.4 cm,1 Shang-Yin or and  Zhou Dynasty,Spring and Autumn Annals,,,THE CHINESE GOVERNMENT,,government,China,,,
68,CHUNG (bell),item,Bronze,Musical Instruments,metalwork; bronze,,Inscribed,H 37cm,1 Shang-Yin or and  Zhou Dynasty,Spring and Autumn Annals,Jui  State,,THE CHINESE GOVERNMENT,,government,China,yes,,
69,I (ewer),item,Bronze,Containers,metalwork; bronze,,Inscribed,H17.3cm,1 Shang-Yin or and  Zhou Dynasty,Spring and Autumn Annals,Ch'ên State,,THE CHINESE GOVERNMENT,,government,China,,,
70,TUI (food vessel),item,Bronze,Containers,metalwork; bronze,Cover missing,inscribed,H 10.6 cm,1 Shang-Yin or and  Zhou Dynasty,Spring and Autumn Annals,Ch‘i State,,THE CHINESE GOVERNMENT,,government,China,,,
71,HU (wine vessel),item,Bronze,Containers,metalwork; bronze,,Inscribed,H41.2 cm,1 Shang-Yin or and  Zhou Dynasty,Spring and Autumn Annals,Tsêng State,,THE CHINESE GOVERNMENT,,government,China,,,
72,KUEI (food vessel),item,Bronze,Containers,metalwork; bronze,inlaid with gold and silver,Inscribed,H15 cm,1 Shang-Yin or and  Zhou Dynasty,Spring and Autumn Annals,,,THE CHINESE GOVERNMENT,,government,China,,,
73,HSÜ (food vessel),item,Bronze,Containers,metalwork; bronze,,Inscribed,H 17 cm,1 Shang-Yin or and  Zhou Dynasty,Spring and Autumn Annals,,,THE CHINESE GOVERNMENT,,government,China,,,
74,HU (wine vessel),item,Bronze,Containers,metalwork; bronze,,Inscribed,H 47.7 cm,1 Shang-Yin or and  Zhou Dynasty,Spring and Autumn Annals,,,THE CHINESE GOVERNMENT,,government,China,yes,,
75,PO (bell),item,Bronze,Musical Instruments,metalwork; bronze,,,H 55 cm,1 Shang-Yin or and  Zhou Dynasty,Spring and Autumn Annals,,,THE CHINESE GOVERNMENT,,government,China,yes,,
76,PO (bell),item,Bronze,Musical Instruments,metalwork; bronze,,,H 57.1 cm,1 Shang-Yin or and  Zhou Dynasty,Spring and Autumn Annals,,,THE CHINESE GOVERNMENT,,government,China,,,
77,HU (wine vessel),item,Bronze,Containers,metalwork; bronze,Swing handle,,H30 cm,1 Shang-Yin or and  Zhou Dynasty,Warring States,,,THE CHINESE GOVERNMENT,,government,China,,,
78,HSÜ (food vessel),item,Bronze,Containers,metalwork; bronze,Cover missing,Inscribed,L30.2 cm,1 Shang-Yin or and  Zhou Dynasty,Spring and Autumn Annals,,,THE CHINESE GOVERNMENT,,government,China,,,
79,HU (wine vessel),item,Bronze,Containers,metalwork; bronze,,Inscribed,H 26.5 cm,1 Shang-Yin or and  Zhou Dynasty,Spring and Autumn Annals,,,THE CHINESE GOVERNMENT,,government,China,,,
80,FU (food vessel),item,Bronze,Containers,metalwork; bronze,,Inscribed,L 30.5cm,1 Shang-Yin or and  Zhou Dynasty,Spring and Autumn Annals,Ch‘i State,,THE CHINESE GOVERNMENT,,government,China,yes,,
81,HU (wine vessel) and cover,item,Bronze,Containers,metalwork; bronze,GOURD-SHAPED,,H 33.5 cm,1 Shang-Yin or and  Zhou Dynasty,Warring States,,,THE CHINESE GOVERNMENT,,government,China,yes,,
82,I (ewer),item,Bronze,Containers,metalwork; bronze,Figures of fish and duck inside the vessel,,L 27 cm,1 Shang-Yin or and  Zhou Dynasty,Spring and Autumn Annals,,,THE CHINESE GOVERNMENT,,government,China,yes,,
83,HU (wine vessel),item,Bronze,Containers,metalwork; bronze,FLAT,Inscribed,H 26 cm,1 Shang-Yin or and  Zhou Dynasty,Warring States,,,THE CHINESE GOVERNMENT,,government,China,yes,,
84,HU (wine vessel),item,Bronze,Containers,metalwork; bronze,"with birds and beasts drawn in incised line, Bosses inlaid gold and silver 。",,H 33 cm,1 Shang-Yin or and  Zhou Dynasty,Warring States,,,THE CHINESE GOVERNMENT,,government,China,yes,,
85,I (ewer),item,Bronze,Containers,metalwork; bronze,Pendent ring on one side of body 。,,L29 cm,1 Shang-Yin or and  Zhou Dynasty,Spring and Autumn Annals,,,THE CHINESE GOVERNMENT,,government,China,,,
86,I (ewer),item,Bronze,Containers,metalwork; bronze,,Inscribed,H 13 cm,1 Shang-Yin or and  Zhou Dynasty,Warring States,,,THE CHINESE GOVERNMENT,,government,China,,,
87,KUEI (food vessel),item,Bronze,Containers,metalwork; bronze,,Inscribed,H33cm,1 Shang-Yin or and  Zhou Dynasty,Warring States,Ch‘i State,,THE CHINESE GOVERNMENT,,government,China,,,
88,TING (caldron),item,Bronze,Containers,metalwork; bronze,,Inscribed,H30.2cm,1 Shang-Yin or and  Zhou Dynasty,Spring and Autumn Annals,Shih State,,THE CHINESE GOVERNMENT,,government,China,yes,,
89,CHUNG (bell),item,Bronze,Musical Instruments,metalwork; bronze,,Inscribed,H 42.6cm,1 Shang-Yin or and  Zhou Dynasty,Spring and Autumn Annals,Wu State,,THE CHINESE GOVERNMENT,,government,China,,,
90,HU (wine vessel),item,Bronze,Containers,metalwork; bronze,with hunting scenes,,H 37 cm,1 Shang-Yin or and  Zhou Dynasty,Warring States,,,THE CHINESE GOVERNMENT,,government,China,yes,,
91,TING (caldron),item,Bronze,Containers,metalwork; bronze,Three rings on cover which is intended to serve as a dish,,H26 cm,1 Shang-Yin or and  Zhou Dynasty,Warring States,,,THE CHINESE GOVERNMENT,,government,China,yes,,
92,TING (caldron),item,Bronze,Containers,metalwork; bronze,,,H 18’5 cm,1 Shang-Yin or and  Zhou Dynasty,Warring States,,,THE CHINESE GOVERNMENT,,government,China,,,
93,CHIEN ( basin),item,Bronze,Containers,metalwork; bronze,Coiled-serpent design,,Di 28 cm,1 Shang-Yin or and  Zhou Dynasty,Warring States,,,THE CHINESE GOVERNMENT,,government,China,,,
94,TOU (food vessel),item,Bronze,Containers,metalwork; bronze,,,H 17 cm,1 Shang-Yin or and  Zhou Dynasty,Warring States,,,THE CHINESE GOVERNMENT,,government,China,yes,,
95,HU ( wine vessel),item,Bronze,Containers,metalwork; bronze,Phoenix and dragon design,,H 35cm,1 Shang-Yin or and  Zhou Dynasty,Warring States,,,THE CHINESE GOVERNMENT,,government,China,yes,,
96,TING (caldron),item,Bronze,Containers,metalwork; bronze,,,H 20.3cm,1 Shang-Yin or and  Zhou Dynasty,Warring States,,,THE CHINESE GOVERNMENT,,government,China,yes,,
97,TSUN (wine vessel),item,Bronze,Containers,metalwork; bronze,Animal form with a bird’s head serving as cover,,H 19.3 cm,1 Shang-Yin or and  Zhou Dynasty,Warring States,,,THE CHINESE GOVERNMENT,,government,China,yes,,
98,HU (wine vessel),item,Bronze,Containers,metalwork; bronze,SQUARE .  Inlaid with malachite,,H 46.3cm,1 Shang-Yin or and  Zhou Dynasty,Warring States,,,THE CHINESE GOVERNMENT,,government,China,yes,,
99,FU (food vessel),item,Bronze,Containers,metalwork; bronze,Cover missing,Inscribed,L 35cm,1 Shang-Yin or and  Zhou Dynasty,Warring States,"Shou Hsien , Ch‘u State",,"THE CHINESE GOVERNMENT, Anhui Provincial Library",,government,"Anhui, China",yes,,
100,FU (food vessel),item,Bronze,Containers,metalwork; bronze,Cover missing,Inscribed,L 28-5cm,1 Shang-Yin or and  Zhou Dynasty,Spring and Autumn Annals,Chêng State,,THE CHINESE GOVERNMENT,,government,China,,,
101,CHUNG (bell),item,Bronze,Musical Instruments,metalwork; bronze,,Inscribed,H 20 cm,1 Shang-Yin or and  Zhou Dynasty,Spring and Autumn Annals,"Hsin-chêng, Honan Province, chêng State",,"THE CHINESE GOVERNMENT, Honan Provincial Museum",,government,"Henan, China",,,
102,P'AN (basin),item,Bronze,Containers,metalwork; bronze,RECTANGULAR. with chain handles,,52 by 32 cm,1 Shang-Yin or and  Zhou Dynasty,Warring States,"Shou Hsien , Ch‘u State",,"THE CHINESE GOVERNMENT, Anhui Provincial Library",,government,"Anhui, China",yes,,
103,MIN ( wine vessel),item,Bronze,Containers,metalwork; bronze,,Inscribed,H 16.8 cm,1 Shang-Yin or and  Zhou Dynasty,Warring States,,,THE CHINESE GOVERNMENT,,government,China,,,
104,TSUN (wine vessel),item,Bronze,Containers,metalwork; bronze,"in bovine form, Inlaid with gold, silver and turquoise 、",,H28.9 cm,1 Shang-Yin or and  Zhou Dynasty,,,,THE CHINESE GOVERNMENT,,government,China,,,
105,TING (caldron) and cover,item,Bronze,Containers,metalwork; bronze,Coiled-serpent design,,H 49 cm,1 Shang-Yin or and  Zhou Dynasty,Spring and Autumn Annals,,,THE CHINESE GOVERNMENT,,government,China,yes,,
106,TSUNG (a ritual emblem),item,Jade,Ceremonial Objects,gemstones; jade,,,20.5 by 7.6 cm,1 Shang-Yin or and  Zhou Dynasty,Western Zhou,,,"OSCAR RAPHAEL, London",,private,"London, U.K.",yes,,
107,JAR,item,Ceramics,pottery,ceramics; pottery,"black pottery, with scroll ornaments in low relief",,H 16.5 cm,1 Shang-Yin or and  Zhou Dynasty,Western Zhou,,,"MRS MARGOT HOLMES, London",,private,"London, U.K.",yes,,
108,FIGURE OF KNEELING WARRIOR,item,Bronze,Sculptures,metalwork; bronze,,,H 17.6 cm,1 Shang-Yin or and  Zhou Dynasty,Warring States,,,"D. DAVID-WEILL, Paris",,private,"Paris, France",yes,,
109,FINIAL of a chariot pole,item,Bronze,Vehicles,metalwork; bronze,,,H 5.7 cm,1 Shang-Yin or and  Zhou Dynasty,Warring States,,,"OSCAR RAPHAEL, London",,private,"London, U.K.",yes,,
110,SWORD,item,Bronze,Weapons,metalwork; bronze,,,L 64.5 cm,1 Shang-Yin or and  Zhou Dynasty,Qin and Han,From Shou Hsien,,H.R.H. THE CROWN PRINCE OF SWEDEN,,private,"Stockholm, Sweden",,,
111,TIGER,item,Bronze,Sculptures,metalwork; bronze,,,L 16.8 cm,1 Shang-Yin or and  Zhou Dynasty,Warring States,,,"A HELLSTRÖM, Mölndal, Sweden",,private,"Mölndal, Sweden",yes,,
112,P‘AN (basin),item,Bronze,Containers,metalwork; bronze,"incomplete , Fishes and turtles in relief 。",,Di 44 cm,1 Shang-Yin or and  Zhou Dynasty,Warring States,,,"MUSÉE DU LOUVRE, Paris",,museum,"Paris, France",yes,,
113,TING (caldron) and cover,item,Bronze,Containers,metalwork; bronze,,,"H 17 cm, W 30.5 cm",1 Shang-Yin or and  Zhou Dynasty,Warring States,,,"MUSÉE DU LOUVRE, Paris",,museum,"Paris, France",yes,,
114,LIEN (casket) and cover,item,Bronze,Containers,metalwork; bronze,,,H 26.4 cm,1 Shang-Yin or and  Zhou Dynasty,Warring States,,,"A HELLSTRÖM, Mölndal, Sweden",,private,"Mölndal, Sweden",yes,,
115,CHARIOT FURNITURE,item,Bronze,Vehicles,metalwork; bronze,surmounted by a tiger,,"H 6.3 cm, W 9 cm",1 Shang-Yin or and  Zhou Dynasty,Warring States,,,"OSCAR RAPHAEL, London",,private,"London, U.K.",yes,,
116,TSUNG (ritual emblem),item,Jade,Ceremonial Objects,gemstones; jade,,,H 20.7 cm,1 Shang-Yin or and  Zhou Dynasty,Western Zhou,,,THE BRITISH MUSEUM (Eumorfopoulos Collection),,museum,"London, U.K.",yes,,
117,HANDLE,item,Bronze,Tools,metalwork; bronze,decorated with four heads,,H 9.5 cm,1 Shang-Yin or and  Zhou Dynasty,Warring States,,,"C. T. LOO, Paris",,private,"Paris, France",yes,,
118,JAR AND COVER,item,Ceramics,pottery,ceramics; pottery,red pottery with white slip and inlaid glass bead ornament in diced pattern interspersed with circles,,H 11.5 cm,1 Shang-Yin or and  Zhou Dynasty,Warring States,,,"THE WILLIAM ROCKHILL NELSON GALLERY OF ART, Kansas City",,museum,"Kansas, U.S.A.",yes,,
119,SWORD,item,Bronze,Weapons,metalwork; bronze,with turquoise-inlaid handle,,L 51*4 cm,1 Shang-Yin or and  Zhou Dynasty,Warring States,,,"A HELLSTRÖM, Mölndal, Sweden",,private,"Mölndal, Sweden",,,
120,KNEELING FIGURE,item,Bronze,Sculptures,metalwork; bronze,wearing a mask and holding two sockets,,H 14.5 cm,1 Shang-Yin or and  Zhou Dynasty,Warring States,,,"DR OSVALD SIRÉN, Stockholm",,private,"Stockholm, Sweden",yes,,
121,HU (wine vessel),item,Bronze,Containers,metalwork; bronze,,,H 31 cm,1 Shang-Yin or and  Zhou Dynasty,Warring States,,,H.R.H. THE CROWN PRINCE OF SWEDEN,,private,"Stockholm, Sweden",yes,,
122,APPLIQUÉ,item,Bronze,Ornament,metalwork; bronze,,,,1 Shang-Yin or and  Zhou Dynasty,Warring States,,,"J. HOMBERG, Paris",,private,"Paris, France",yes,,
123,LIEN (casket) and cover,item,Bronze,Containers,metalwork; bronze,,,Di 22.8 cm,1 Shang-Yin or and  Zhou Dynasty,Qin and Han,,,"MRS CHRISTIAN R. HOLMES, New York",,private,"New York, U.S.A.",yes,,
124,HU (wine vessel) and cover,item,Bronze,Containers,metalwork; bronze,,Inscribed,H 16.6 cm,1 Shang-Yin or and  Zhou Dynasty,Warring States,,,"THE WILLIAM ROCKHILL NELSON GALLERY OF ART, Kansas City",,museum,"Kansas, U.S.A.",yes,,
125,APPLIQUÉ,item,Bronze,Ornament,metalwork; bronze,with animal forms,,"L8.8 cm, W 9.2 cm",1 Shang-Yin or and  Zhou Dynasty,Warring States,,,"H. J. OPPENHEIM, London",,private,"London, U.K.",yes,,
126,KNEELING FIGURE,item,Bronze,Sculptures,metalwork; bronze,,,H 25 in,1 Shang-Yin or and  Zhou Dynasty,Warring States,,,"RAYMOND A. BIDWELL, Springfield, Mass",,private,"Massachusetts, U.S.A.",yes,,
127,YU (wine vessel),item,Bronze,Containers,metalwork; bronze,Band of convoluted pattern,,L 22.2 cm,1 Shang-Yin or and  Zhou Dynasty,Warring States,,,"ÖSTASIATISKA SAMLINGARNA, Stockholm",,museum,"Stockholm, Sweden",yes,,
128,YO (bell),item,Bronze,Musical Instruments,metalwork; bronze,with loop handle,,H  std 38.6 cm,1 Shang-Yin or and  Zhou Dynasty,Warring States,,,"BARON SUMITOMO, Kyoto",,private,"Tokyo, Japan",yes,,
129,HORSE,item,Bronze,Sculptures,metalwork; bronze,,,L18.6 cm,1 Shang-Yin or and  Zhou Dynasty,Qin and Han,,,"A HELLSTRÖM, Mölndal, Sweden",,private,"Malmö, Sweden",yes,,
130,AXE,item,Bronze,Tools,metalwork; bronze,decorated with elephant and other animals,,L 14.6 cm W 11.1 cm,1 Shang-Yin or and  Zhou Dynasty,Spring and Autumn Annals,,,"OSCAR RAPHAEL, London",,private,"London, U.K.",yes,,
131,GOURD-SHAPED HU (wine vessel) and cover,item,Bronze,Containers,metalwork; bronze,,,H 32.7 cm,1 Shang-Yin or and  Zhou Dynasty,Warring States,,,"A HELLSTRÖM, Mölndal, Sweden",,private,"Mölndal, Sweden",yes,,
132,TING (caldron) and cover,item,Bronze,Containers,metalwork; bronze,,,H 22.1 cm,1 Shang-Yin or and  Zhou Dynasty,Warring States,,,"THE ARTS AND CRAFTS MUSEUM, Gothenburg",,museum,"Gothenburg, Sweden",yes,,
133,HU (wine vessel),item,Bronze,Containers,metalwork; bronze,,Inscribed,H 48.2 cm,1 Shang-Yin or and  Zhou Dynasty,Warring States,,,"EDGAR WORCH, Geneva",,private,"Geneva, Switzerland",yes,,
134,TSUN (wine vessel),item,Bronze,Containers,metalwork; bronze,"in the form of a goose, Inlaid with gold",,H 24.7 cm,1 Shang-Yin or and  Zhou Dynasty,Western Zhou,,,"C. T. LOO, Paris",,private,"Paris, France",yes,,
135,OVAL VESSEL,item,Bronze,Containers,metalwork; bronze,with figures of two frogs,,L. 24.1 cm,1 Shang-Yin or and  Zhou Dynasty,Qin and Han,,,"MRS. CHRISTIAN R. HOLMES, New York",,private,"New York, U.S.A.",yes,,
136,MYTHICAL QUADRUPED,item,Bronze,Sculptures,metalwork; bronze,with surface decoration of geometric designs,,L. 21 cm,1 Shang-Yin or and  Zhou Dynasty,Warring States,,,"H. J. OPPENHEIM, London",,private,"London, U.K.",yes,,
137,LIEN,item,Bronze,Containers,metalwork; bronze,,,19.6 by 13.2 cm,1 Shang-Yin or and  Zhou Dynasty,Warring States,,,"MAJOR-GENERAL SIR NEILL MALCOLM, K.C.B., D.S.O., London",,private,"London, U.K.",yes,,
138,APPLIQUÉ MASK,item,Bronze,Ornament,metalwork; bronze,,,H. 19.5 cm,1 Shang-Yin or and  Zhou Dynasty,Warring States,,,"OSCAR RAPHAEL, London",,private,"London, U.K.",yes,,
139,CHUNG (bell),item,Bronze,Musical Instruments,metalwork; bronze,with central canon (canton),,H. 20.5 cm,1 Shang-Yin or and  Zhou Dynasty,Warring States,,,"MRS. CHRISTIAN R. HOLMES, New York",,private,"New York, U.S.A.",yes,,
140,HU (wine vessel),item,Bronze,Containers,metalwork; bronze,with bands of interlaced phoenixes,,H. 35.5 cm,1 Shang-Yin or and  Zhou Dynasty,Warring States,,,"DR. E. RIEFSTAHL, Stockholm",,private,"Stockholm, Sweden",yes,,
141,WHEEL-HUB,item,Bronze,Vehicles,metalwork; bronze,with broad band of coiled-serpent forms,,Di. 13.8 cm,1 Shang-Yin or and  Zhou Dynasty,Warring States,,,"A. HELLSTRÖM, Mölndal, Sweden",,private,"Mölndal, Sweden",yes,,
142,FLAT HU (wine vessel),item,Bronze,Containers,metalwork; bronze,Inlaid with gold and silver,,H. 26.5 cm,1 Shang-Yin or and  Zhou Dynasty,Warring States,,,"G. PILSTER, Berlin",,private,"Berlin, Germany",yes,,
143,POLE SHAFT、、,item,Bronze,Tools,metalwork; bronze,with two hares,,L. 25.9 cm,1 Shang-Yin or and  Zhou Dynasty,Qin and Han,,,"A. HELLSTRÖM, Mölndal, Sweden",,private,"Malmö, Sweden",yes,,
144,CH'UN (bell),item,Bronze,Musical Instruments,metalwork; bronze,,,H. 38 cm,1 Shang-Yin or and  Zhou Dynasty,Warring States,,,"ÖSTASIATISKA SAMLINGARNA, Stockholm",,museum,"Stockholm, Sweden",yes,,
145,LEI (wine vessel),item,Bronze,Containers,metalwork; bronze,,Inscribed,H. 25 cm,1 Shang-Yin or and  Zhou Dynasty,Spring and Autumn Annals,,,"PROFESSOR AND MRS. C. G. SELIGMAN, Toot Baldon, Oxford",,private,"Oxfordshire, U.K.",yes,,
146,T'AO-T'IEH (OGRE) MASK,item,Bronze,Ornament,metalwork; bronze,openwork,,"H. 27 cm, W. 3.25 cm",1 Shang-Yin or and  Zhou Dynasty,Western Zhou,,,"D. DAVID-WEILL, Paris",,private,"Paris, France",yes,,
147,I (ewer),item,Bronze,Containers,metalwork; bronze,Accompanies No. 158,Inscribed,L. 38 cm,1 Shang-Yin or and  Zhou Dynasty,Western Zhou,Ch'u State,,"MR. AND MRS. WALTER SEDGWICK, London",,private,"London, U.K.",yes,,
158,P'AN (basin) Accompanies No. 147,item,Bronze,Containers,metalwork; bronze,,Inscribed,W. 43.8 cm,1 Shang-Yin or and  Zhou Dynasty,Western Zhou,Ch'u State,,"MR. AND MRS. WALTER SEDGWICK, London",,private,"London, U.K.",,,
148,PAIR OF POLE FINIALS,item,Bronze,Vehicles,metalwork; bronze,in the form of a mule's head,,H. 14.5 cm,1 Shang-Yin or and  Zhou Dynasty,Spring and Autumn Annals,,,"G. EUMORFOPOULOS, London",,private,"London, U.K.",yes,,
149,AXE-HEAD,item,Bronze,Tools,metalwork; bronze,,,L. 12.8 cm,1 Shang-Yin or and  Zhou Dynasty,Warring States,,,THE BRITISH MUSEUM (Eumorfopoulos Collection),,museum,"London, U.K.",,,
150,"DISK, gold foil",item,Metals,,metalwork;  gold,,,Di. 17 cm,1 Shang-Yin or and  Zhou Dynasty,Warring States,,,"ÖSTASIATISKA SAMLINGARNA, Stockholm",,museum,"Stockholm, Sweden",,,
151&161,PLAQUE,set,Bronze,Ornament,metalwork; bronze,"in the form of a tiger with an antelope, Pair with No. 161",,15.1 by 9.9 cm,1 Shang-Yin or and  Zhou Dynasty,Qin and Han,,,"THE WILLIAM ROCKHILL NELSON GALLERY OF ART, Kansas City",,museum,"Kansas, U.S.A.",yes,,
152,CEREMONIAL SHAFT-HEAD,item,Bronze,Tools,metalwork; bronze,with head and animal decoration,,H. 17 cm,1 Shang-Yin or and  Zhou Dynasty,Western Zhou,,,H.R.H. THE CROWN PRINCE OF SWEDEN,,private,"Stockholm, Sweden",yes,,
153,PAIR OF BUCKLES,item,Metals,,metalwork; gold,,,"H. 3 cm, W. 3.6 cm",1 Shang-Yin or and  Zhou Dynasty,Warring States,,,THE BRITISH MUSEUM (Eumorfopoulos Collection),,museum,"London, U.K.",yes,,
154,DAGGER-HILT,item,Metals,,metalwork; gold,,,"H. 9.5 cm, W. 5.5 cm",1 Shang-Yin or and  Zhou Dynasty,Warring States,,,THE BRITISH MUSEUM (Eumorfopoulos Collection),,museum,"London, U.K.",yes,,
155,SWORD,item,Bronze,Weapons,metalwork; bronze,with engraved dragon,,L. 56.5 cm,1 Shang-Yin or and  Zhou Dynasty,Warring States,,,"A. HELLSTRÖM, Mölndal, Sweden",,private,"Malmö, Sweden",yes,,
156,FU (food vessel),item,Bronze,Containers,metalwork; bronze,,,H. 22 cm,1 Shang-Yin or and  Zhou Dynasty,Western Zhou,,,"C. T. LOO, Paris",,private,"Paris, France",,,
157,HINGE with human face,item,Bronze,Tools,metalwork; bronze,,,H. 2.9 cm,1 Shang-Yin or and  Zhou Dynasty,Western Zhou,,,H.R.H. THE CROWN PRINCE OF SWEDEN,,private,"Stockholm, Sweden",yes,,
159,BUTT OF A HALBERD (ko)halberd、、**butt**,item,Bronze,Weapons,metalwork; bronze,,,L. 15 cm,1 Shang-Yin or and  Zhou Dynasty,Warring States,,,"ÖSTASIATISKA SAMLINGARNA, Stockholm",,private,"Stockholm, Sweden",yes,,
160,LOCK,item,Bronze,Furnishings,metalwork; bronze,,,"H. 14.6 cm, W. 11 cm",1 Shang-Yin or and  Zhou Dynasty,Warring States,,,"D. DAVID-WEILL, Paris",,private,"Paris, France",yes,,
151&161,PLAQUE,,Bronze,Ornament,metalwork; bronze,"in the form of a tiger with an antelope, Pair with No. 151",,15.1 by 9.9 cm,1 Shang-Yin or and  Zhou Dynasty,Qin and Han,,,"THE WILLIAM ROCKHILL NELSON GALLERY OF ART, Kansas City",,museum,"Kansas, U.S.A.",yes,,
162,HO (wine vessel),item,Bronze,Containers,metalwork; bronze,,,H. 31.7 cm,1 Shang-Yin or and  Zhou Dynasty,Western Zhou,,,"THE GERMAN STATE MUSEUMS, Berlin",,museum,"Berlin, Germany",yes,,
163,KUEI (food vessel),item,Bronze,Containers,metalwork; bronze,with square stand,"Inscribed, but inscription erased",H. 25.7 cm,1 Shang-Yin or and  Zhou Dynasty,Spring and Autumn Annals,,,"A. STOCLET, Brussels",,private,"Brussels, Belgium",,,
164,TS'UNG (a ritual emblem),item,Jade,Ceremonial Objects,gemstones; jade,,,H. 39.8 cm,1 Shang-Yin or and  Zhou Dynasty,Western Zhou,,,THE BRITISH MUSEUM (Eumorfopoulos Collection),,museum,"London, U.K.",yes,,
165,TSUN (wine vessel),item,Bronze,Containers,metalwork; bronze,in the shape of an elephant-like animal,Inscribed,H. 26 cm,1 Shang-Yin or and  Zhou Dynasty,Western Zhou,,,"H. G. OEDER, Altmark, Germany",,private,"Altmark, Germany",yes,,
166,HU (wine vessel),item,Bronze,Containers,metalwork; bronze,"Hunting scenes, animals and birds",,H. 25.7 cm,1 Shang-Yin or and  Zhou Dynasty,Warring States,,,"A. STOCLET, Brussels",,private,"Brussels, Belgium",yes,,
167,T'AO-T'IEH (OGRE) MASK,item,Bronze,Ornament,metalwork; bronze,,,"H. 6.6 cm, W. 7 cm",1 Shang-Yin or and  Zhou Dynasty,Qin and Han,,,"OSCAR RAPHAEL, London",,private,"London, U.K.",yes,,
168,CHIO (wine vessel) and cover,item,Bronze,Containers,metalwork; bronze,National Treasure B,Inscribed,H. 19.3 cm,1 Shang-Yin or and  Zhou Dynasty,Western Zhou,,,"MATSASAKU SHIOHARA, Tokyo",,private,"Tokyo, Japan",yes,,
169,HALBERD HEAD (ko),item,Bronze,Weapons,metalwork; bronze,,,L. 28.6 cm,1 Shang-Yin or and  Zhou Dynasty,Warring States,,,"A. HELLSTRÖM, Mölndal, Sweden",,private,"Malmö, Sweden",yes,,
170,SPEAR HEAD,item,Bronze,Weapons,metalwork; bronze,,,L. 27.9 cm,1 Shang-Yin or and  Zhou Dynasty,Warring States,,,"OSCAR RAPHAEL, London",,private,"London, U.K.",yes,,
171,PI (ritual disk),item,Jade,Ceremonial Objects,gemstones; jade,black and green,,Di. 21.8 cm,1 Shang-Yin or and  Zhou Dynasty,Shang,,,THE BRITISH MUSEUM (Eumorfopoulos Collection),,museum,"London, U.K.",yes,,
172,SPEAR HEAD,item,Bronze,Weapons,metalwork; bronze,,,L. 28 cm,1 Shang-Yin or and  Zhou Dynasty,Warring States,,,"MALMÖ MUSEUM, Malmö, Sweden",,museum,"Malmö, Sweden",,,
173,SPEAR HEAD,item,Jade,Ornamental Objects,gemstones; jade,with copper turquoise-encrusted socket,,H. 19.8 cm,1 Shang-Yin or and  Zhou Dynasty,Shang,,,"OSCAR RAPHAEL, London",,private,"London, U.K.",yes,,
174,AXE,item,Jade,Utilitarian Objects,gemstones; jade,,,"H. 24 cm, W. 17.6 cm",1 Shang-Yin or and  Zhou Dynasty,Western Zhou,,,THE BRITISH MUSEUM (Eumorfopoulos Collection),,museum,"London, U.K.",yes,,
175,SPEAR HEAD,item,Bronze,Weapons,metalwork; bronze,with nielloed diaper pattern,,L. 27.4 cm,1 Shang-Yin or and  Zhou Dynasty,Warring States,,,"D. DAVID-WEILL, Paris",,private,"Paris, France",yes,,
176,SPEAR HEAD,item,Bronze,Weapons,metalwork; bronze,with incised dragon design on lower half,,L. 21 cm,1 Shang-Yin or and  Zhou Dynasty,Warring States,,,"MADAME RAMET, Paris",,private,"Paris, France",yes,,
177,CEREMONIAL AXE,item,Bronze,Tools,metalwork; bronze,leopard in relief,,"L. 19.5 cm, W. 12.2 cm",1 Shang-Yin or and  Zhou Dynasty,Warring States,,,"C. A. PIER, Bussum, Holland",,private,"Bussum, Netherlands",yes,,
178,YU (wine vessel),item,Bronze,Containers,metalwork; bronze,,Inscribed,H. 34 cm,1 Shang-Yin or and  Zhou Dynasty,Western Zhou,,,"THE WILLIAM ROCKHILL NELSON GALLERY OF ART, Kansas City",From the Tuan Fang Collection,museum,"Kansas, U.S.A.",yes,,
179,T'AO-T'IEH (OGRE) MASK,item,Bronze,Ornament,metalwork; bronze,,,"H. 14.2 cm, W. 16.3 cm",1 Shang-Yin or and  Zhou Dynasty,Spring and Autumn Annals,,,"D. DAVID-WEILL, Paris",,private,"Paris, France",yes,,
180,SQUARE HU (wine vessel),item,Bronze,Containers,metalwork; bronze,Inlaid with malachite,Inscribed,H. 37.5 cm,1 Shang-Yin or and  Zhou Dynasty,Warring States,,,"THE UNIVERSITY MUSEUM, University of Pennsylvania",,museum,"Pennsylvania, U.S.A.",yes,,
181,CHUNG (bell),item,Bronze,Musical Instruments,metalwork; bronze,,,H. 54.5 cm,1 Shang-Yin or and  Zhou Dynasty,Warring States,,,"A. STOCLET, Brussels",,private,"Brussels, Belgium",yes,,
182,TSUN (wine vessel),item,Bronze,Containers,metalwork; bronze,,Inscribed,H. 30.5 cm,1 Shang-Yin or and  Zhou Dynasty,Western Zhou,,,"MRS. C. L. AND MISS RUTHERSTON, Farnham and London",From the Collection of Charles L. Rutherston,private,"London, U.K.",yes,,
183,TING (caldron),item,Bronze,Containers,metalwork; bronze,,Inscribed,H. 18.8 cm,1 Shang-Yin or and  Zhou Dynasty,Shang,,,"W. VAN DER MANDELE, Bloemendaal, Holland",,private,"Bloemendaal, Netherlands",yes,,
184,KU (wine vessel),item,Bronze,Containers,metalwork; bronze,k'uei dragon decoration,,H. 26 cm,1 Shang-Yin or and  Zhou Dynasty,Western Zhou,,,"H. E. BURNEY, Bradford",,private,"Bradford, U.K.",yes,,
185,CHIH (wine vessel),item,Bronze,Containers,metalwork; bronze,,,H. 19.3 cm,1 Shang-Yin or and  Zhou Dynasty,Western Zhou,,,"A. HELLSTRÖM, Mölndal, Sweden",,private,"Malmö, Sweden",yes,,
186,RECUMBENT BUFFALO,item,Bronze,Sculptures,metalwork; bronze,,,"H. 11.5 cm, L. 20 cm",1 Shang-Yin or and  Zhou Dynasty,Spring and Autumn Annals,,,"ALFRED H. PILLSBURY, Minneapolis, U.S.A.",,private,"Minnesota, U.S.A.",yes,,
187,TSUN (wine vessel),item,Bronze,Containers,metalwork; bronze,with single handle,Inscribed,H. 21.6 cm,1 Shang-Yin or and  Zhou Dynasty,Shang,,,"JOHN SPARKS, London",,private,"London, U.K.",yes,,
188,LI (caldron),item,Bronze,Containers,metalwork; bronze,,,H. 15.5 cm,1 Shang-Yin or and  Zhou Dynasty,Warring States,,,"MRS CHRISTIAN R. HOLMES, New York",,private,"New York, U.S.A.",yes,,
189,LYNCH-PIN,item,Bronze,Vehicles,metalwork; bronze,in the form of a ram's head,,H. 15.2 cm,1 Shang-Yin or and  Zhou Dynasty,Spring and Autumn Annals,,,"MAJOR-GENERAL SIR NEILL MALCOLM, K.C.B., D.S.O., London",,private,"London, U.K.",yes,,
190,JINGLE,item,Bronze,Musical Instruments,metalwork; bronze,The centre piece is decorated with designs of animals in relief,,L. 33.4 cm,1 Shang-Yin or and  Zhou Dynasty,Spring and Autumn Annals,,,"H. J. OPPENHEIM, London",,private,"London, U.K.",yes,,
191,LYNCH-PIN,item,Bronze,Vehicles,metalwork; bronze,in the form of a human figure,,H. 15.8 cm,1 Shang-Yin or and  Zhou Dynasty,Western Zhou,,,"MAJOR-GENERAL SIR NEILL MALCOLM, K.C.B., D.S.O., London",,private,"London, U.K.",yes,,
192,SPOON,item,Bronze,Tools,metalwork; bronze,with dragon ornament,,L. 28.7 cm,1 Shang-Yin or and  Zhou Dynasty,Warring States,,,"A. HELLSTRÖM, Mölndal, Sweden",,private,"Mölndal, Sweden",yes,,
193,PLAQUE,item,Bronze,Ornament,metalwork; bronze,with human head,,"H. 7 cm, W. 6.7 cm",1 Shang-Yin or and  Zhou Dynasty,Spring and Autumn Annals,,,"ÖSTASIATISKA SAMLINGARNA, Stockholm",,museum,"Stockholm, Sweden",yes,,
194,KO BLADE,item,Bronze,Weapons,metalwork; bronze,,,L. 29.5 cm,1 Shang-Yin or and  Zhou Dynasty,Shang,,,"D. DAVID-WEILL, Paris",,private,"Paris, France",,,
195,HU (wine vessel) and cover,item,Bronze,Containers,metalwork; bronze,,,H. 37 cm,1 Shang-Yin or and  Zhou Dynasty,Warring States,,,"D. DAVID-WEILL, Paris",,private,"Paris, France",yes,,
196,YU (wine vessel) and cover,item,Bronze,Containers,metalwork; bronze,,Inscribed,H. 34.5 cm,1 Shang-Yin or and  Zhou Dynasty,Shang,,,"M. W. VAN DER MANDELE, Bloemendaal, Holland",,private,"Bloemendaal, Netherlands",yes,,
197,AXE HEAD,item,Bronze,Tools,metalwork; bronze,,,"H. 30.1 cm, W. 32 cm",1 Shang-Yin or and  Zhou Dynasty,Western Zhou,,,"D. DAVID-WEILL, Paris",,private,"Paris, France",yes,,
198,TING (caldron),item,Bronze,Containers,metalwork; bronze,,,H. 18.2 cm,1 Shang-Yin or and  Zhou Dynasty,Shang,,,"A. HELLSTRÖM, Mölndal, Sweden",,private,"Malmö, Sweden",yes,,
199,YU (wine vessel),item,Bronze,Containers,metalwork; bronze,,Inscribed,H. 24.5 cm,1 Shang-Yin or and  Zhou Dynasty,Shang,,,"G. EUMORFOPOULOS, London",,private,"London, U.K.",yes,,
200,RECTANGULAR FOUR-LEGGED TING (caldron),item,Bronze,Containers,metalwork; bronze,,Inscribed,H. 22.2 cm,1 Shang-Yin or and  Zhou Dynasty,Western Zhou,,,"A. STOCLET, Brussels",,private,"Brussels, Belgium",yes,,
201,KU (wine vessel),item,Bronze,Containers,metalwork; bronze,,Inscribed,H. 30 cm,1 Shang-Yin or and  Zhou Dynasty,Shang,,,"MISS M. L. HAMBLETON, Crawley, Sussex",,private,"Crawley, U.K.",yes,,
202,I (ewer),item,Bronze,Containers,metalwork; bronze,,Inscribed,H. 21 cm,1 Shang-Yin or and  Zhou Dynasty,Shang,,,"MR. AND MRS. WALTER SEDGWICK, London",,private,"London, U.K.",yes,,
203,YU (wine vessel),item,Bronze,Containers,metalwork; bronze,,Inscribed,H. 24.7 cm,1 Shang-Yin or and  Zhou Dynasty,Shang,,,"H. G. OEDER, Altmark, Germany",,private,"Altmark, Germany",yes,,
204,JINGLE,item,Bronze,Musical Instruments,metalwork; bronze,with horses' heads and inlaid turquoise decoration,,L. 33.7 cm,1 Shang-Yin or and  Zhou Dynasty,Western Zhou,,,H.R.H. THE CROWN PRINCE OF SWEDEN,,private,"Stockholm, Sweden",yes,,
205,CHIH (wine vessel),item,Bronze,Containers,metalwork; bronze,with horns,Inscribed,H. 14.5 cm,1 Shang-Yin or and  Zhou Dynasty,Shang,,,"MR. AND MRS. WALTER SEDGWICK, London",,private,"London, U.K.",yes,,
206,JINGLE,item,Bronze,Musical Instruments,metalwork; bronze,"with two human heads in relief, inlaid with turquoise",,L. 35.5 cm,1 Shang-Yin or and  Zhou Dynasty,Spring and Autumn Annals,,,"MRS. MARGOT HOLMES, London",,private,"London, U.K.",yes,,
207,KO,item,Jade,Utilitarian Objects,gemstones; jade,"yellow jade, with bronze handle",,L. 28 cm,1 Shang-Yin or and  Zhou Dynasty,Shang,,,"A. HELLSTRÖM, Mölndal, Sweden",,private,"Mölndal, Sweden",yes,,
208,KO,item,Jade,Utilitarian Objects,gemstones; jade,"with bronze and turquoise handle,  jade blade",,L. 22.6 cm,1 Shang-Yin or and  Zhou Dynasty,Western Zhou,,,"OSCAR RAPHAEL, London",,private,"London, U.K.",yes,,
209,KO,item,Jade,Utilitarian Objects,gemstones; jade,"bronze handle inlaid with turquoise, jade blade",,L. 27.3 cm,1 Shang-Yin or and  Zhou Dynasty,Western Zhou,,,"ALFRED H. PILLSBURY, Minneapolis, U.S.A.",,private,"Minnesota, U.S.A.",yes,,
210,CHÊNG (bell),item,Bronze,Musical Instruments,metalwork; bronze,,,H. 36 cm,1 Shang-Yin or and  Zhou Dynasty,Western Zhou,,,H.R.H. THE CROWN PRINCE OF SWEDEN,,private,"Stockholm, Sweden",yes,,
211,KUEI (food vessel),item,Bronze,Containers,metalwork; bronze,,Inscribed,H. 17.2 cm,1 Shang-Yin or and  Zhou Dynasty,Western Zhou,,,"A. HELLSTRÖM, Mölndal, Sweden",,private,"Malmö, Sweden",yes,,
212,CHIO (wine vessel) and cover,item,Bronze,Containers,metalwork; bronze,in form of a bird,Inscribed,H. 25.5 cm,1 Shang-Yin or and  Zhou Dynasty,Western Zhou,,,"MRS. CHRISTIAN R. HOLMES, New York",,private,"New York, U.S.A.",yes,,
213,YU (wine vessel),item,Bronze,Containers,metalwork; bronze,,Inscribed,H. 30.5 cm,1 Shang-Yin or and  Zhou Dynasty,Western Zhou,,,THE VICTORIA AND ALBERT MUSEUM (Eumorfopoulos Collection),,private,"London, U.K.",yes,,
214,KUEI (food vessel),item,Bronze,Containers,metalwork; bronze,,Inscribed,H. 15.3 cm,1 Shang-Yin or and  Zhou Dynasty,Shang,,,"MADAME WANNIECK, Paris",,private,"Paris, France",yes,,
215,CHÜEH (wine vessel),item,Bronze,Containers,metalwork; bronze,bird ornament,,H. 23.5 cm,1 Shang-Yin or and  Zhou Dynasty,Shang,,,"A. HELLSTRÖM, Mölndal, Sweden",,private,"Mölndal, Sweden",yes,,
216,TING (caldron),item,Bronze,Containers,metalwork; bronze,with black inlay,Inscribed,H. 32 cm,1 Shang-Yin or and  Zhou Dynasty,Shang,,,"E. M. B. INGRAM, C.M.G., Rome",,private,"Rome, Italy",yes,,
217,GROUP,item,Bronze,Sculptures,metalwork; bronze,wrestlers,,"H. 15.2 cm, W. 15.3 cm",1 Shang-Yin or and  Zhou Dynasty,Western Zhou,,,"CAPTAIN E. G. SPENCER-CHURCHILL, Blockley, Worc",,private,"Worcestershire, U.K.",yes,,
218,THREE PORTIONS OF A DRAGON,item,Organic Materials,,Animal derived materials; ivory,,,"L. 9.4 cm, 4.7 cm, 3.2 cm",1 Shang-Yin or and  Zhou Dynasty,Shang,,,"MRS. MARGOT HOLMES, London",,private,"London, U.K.",yes,,
219,HU (sceptre),item,Organic Materials,,Animal derived materials;  bone,,,L. 46 cm,1 Shang-Yin or and  Zhou Dynasty,Shang,,,"L. MICHON, Paris",,private,"Paris, France",,,
220,BIRD,item,Organic Materials,,Animal derived materials;  bone,inlaid with turquoise,,H. 11.2 cm,1 Shang-Yin or and  Zhou Dynasty,Shang,,,"A. STOCLET, Brussels",,private,"Brussels, Belgium",yes,,
221,DRAGON HEAD,item,Organic Materials,,Animal derived materials;  bone,,,H. 11 cm,1 Shang-Yin or and  Zhou Dynasty,Western Zhou,,,"M. CALMANN, Paris",,private,"Paris, France",yes,,
222,HAIRPIN,item,Organic Materials,,Animal derived materials;  bone,,,L. 11.5 cm,1 Shang-Yin or and  Zhou Dynasty,Western Zhou,,,"C. T. LOO, Paris",,private,"Paris, France",,,
223,SPATULA,item,Organic Materials,,Animal derived materials;  bone,,,L. 17.7 cm,1 Shang-Yin or and  Zhou Dynasty,Shang,,,"H. K. BURNET, Manningham, Yorks",,private,"Yorkshire, U.K.",,,
224,CARVED BONE,item,Organic Materials,,Animal derived materials;  bone,,,"H. 16.4 cm, W. 8.6 cm",1 Shang-Yin or and  Zhou Dynasty,Shang,,,"RAYMOND A. BIDWELL, Springfield, Mass",,private,"Massachusetts, U.S.A.",yes,,
225,SNAFFLE,item,Organic Materials,,Animal derived materials;  bone,painted bone,,W. 14 cm,1 Shang-Yin or and  Zhou Dynasty,Shang,,,"HEINRICH HARDT, Berlin",,private,"Berlin, Germany",,,
226,BONE HAIRPIN,item,Organic Materials,,Animal derived materials;  bone,,,H. 14 cm,1 Shang-Yin or and  Zhou Dynasty,Shang,,,"ÖSTASIATISKA SAMLINGARNA, Stockholm",,museum,"Stockholm, Sweden",,,
227,FOOD VESSEL,item,Ceramics,pottery,ceramics; pottery,grey pottery with impressed lozenge pattern,,H. 22.5 cm,1 Shang-Yin or and  Zhou Dynasty,Western Zhou,,,THE VICTORIA AND ALBERT MUSEUM (Eumorfopoulos Collection),,museum,"London, U.K.",yes,,
228,TRIPOD VESSEL,item,Ceramics,pottery,ceramics; pottery,grey pottery with mat marking on exterior,,H. 15.5 cm,1 Shang-Yin or and  Zhou Dynasty,Western Zhou,,,THE BRITISH MUSEUM (Eumorfopoulos Collection),,museum,"London, U.K.",yes,,
229,CHÊNG (bell),item,Bronze,Musical Instruments,metalwork; bronze,,,H. 26.6 cm,1 Shang-Yin or and  Zhou Dynasty,Western Zhou,,,"MRS. CHRISTIAN R. HOLMES, New York",,private,"New York, U.S.A.",yes,,
230,KUEI (food vessel),item,Bronze,Containers,metalwork; bronze,"with four handles, elephant design",Inscribed,H. 19 cm,1 Shang-Yin or and  Zhou Dynasty,Western Zhou,,,THE BRITISH MUSEUM (Eumorfopoulos Collection),,private,"London, U.K.",yes,,
231,FRONTAL FOR HORSE ARMOUR,item,Bronze,Vehicles,metalwork; bronze,,,H. 31.5 cm,1 Shang-Yin or and  Zhou Dynasty,Western Zhou,,,"OSCAR RAPHAEL, London",,private,"London, U.K.",yes,,
232,CHIA (wine vessel) and cover,item,Bronze,Containers,metalwork; bronze,,,H. 35 cm,1 Shang-Yin or and  Zhou Dynasty,Shang,,,"THE WILLIAM ROCKHILL NELSON GALLERY OF ART, Kansas City",,museum,"Kansas, U.S.A.",yes,,
233,FIFTEEN JADE BEADS,item,Jade,Ornamental Objects,gemstones; jade,found in the bronze yu No. 234,,,1 Shang-Yin or and  Zhou Dynasty,Western Zhou,,,"MRS. CHRISTIAN R. HOLMES, New York",,private,"New York, U.S.A.",,,
234,YU (wine vessel),item,Bronze,Containers,metalwork; bronze,Handle missing,,H. 22.3 cm,1 Shang-Yin or and  Zhou Dynasty,Western Zhou,,,"MRS. CHRISTIAN R. HOLMES, New York",,private,"New York, U.S.A.",yes,,
235,THREE BUTTONS,item,Stones and Minerals,Ornamental Objects,gemstones; turquoise,turquoise,,Di. 4 cm,1 Shang-Yin or and  Zhou Dynasty,Shang,,,THE BRITISH MUSEUM (Eumorfopoulos Collection),,museum,"London, U.K.",yes,,
236,TSUN (wine vessel),item,Bronze,Containers,metalwork; bronze,In the form of an owl,,H. 21.3 cm,1 Shang-Yin or and  Zhou Dynasty,Western Zhou,,,THE VICTORIA AND ALBERT MUSEUM (Eumorfopoulos Collection),,private,"London, U.K.",yes,,
237,LADLE,item,Bronze,Tools,metalwork; bronze,,,L. 23.5 cm,1 Shang-Yin or and  Zhou Dynasty,Spring and Autumn Annals,,,"A. STOCLET, Brussels",,private,"Brussels, Belgium",yes,,
238,YU (wine vessel) and cover,item,Bronze,Containers,metalwork; bronze,in form of a tiger clasping a man,,H. 35.5 cm,1 Shang-Yin or and  Zhou Dynasty,Shang,,,"BARON KICHIZAYEMON SUMITOMO, Kyoto",Japanese National Treasure B,private,"Tokyo, Japan",yes,,
239,MODEL OF A HELMET,item,Bronze,Weapons,metalwork; bronze,,,H. 5.8 cm,1 Shang-Yin or and  Zhou Dynasty,Shang,,,"A. SCHOENLICHT, The Hague, Holland",,private,"The Hague, Netherlands",yes,,
240,LEI (wine vessel) and cover,set,Bronze,Containers,metalwork; bronze,,Inscribed,H. 50.7 cm,1 Shang-Yin or and  Zhou Dynasty,Shang,,,"KAICHIRO NEDZU, Tokyo",,private,"Tokyo, Japan",yes,,
241,TING (caldron),item,Bronze,Containers,metalwork; bronze,bronze with band of cicada pattern with black inlay,,H. 23.3 cm,1 Shang-Yin or and  Zhou Dynasty,Shang,,,"ÖSTASIATISKA SAMLINGARNA, Stockholm",,museum,"Stockholm, Sweden",yes,,
242,FINIAL,item,Bronze,Tools,metalwork; bronze,of an axe handle with human head,,H. 7 cm,1 Shang-Yin or and  Zhou Dynasty,Qin and Han,,,"OSCAR RAPHAEL, London",,private,"London, U.K.",yes,,
243,YU (wine vessel) and cover,item,Bronze,Containers,metalwork; bronze,in form of a tiger clasping a man,,H. 35.5 cm,1 Shang-Yin or and  Zhou Dynasty,Shang,,,"MUSÉE CERNUSCHI, Paris",,private,"Paris, France",yes,,
244,CHAIR FOOT,item,Bronze,Furnishings,metalwork; bronze,,,"H. 8.8 cm, L. 18 cm",1 Shang-Yin or and  Zhou Dynasty,Shang,,,THE BRITISH MUSEUM (Eumorfopoulos Collection),,private,"London, U.K.",yes,,
245,HALBERD,item,Bronze,Weapons,metalwork; bronze,with rams' heads and meander pattern,,L. 48.3 cm,1 Shang-Yin or and  Zhou Dynasty,Shang,,,"OSCAR RAPHAEL, London",,private,"London, U.K.",yes,,
246,YU (wine vessel) and cover,item,Bronze,Containers,metalwork; bronze,,Inscribed,H. 26.6 cm,1 Shang-Yin or and  Zhou Dynasty,Western Zhou,,,"KAICHIRO NEDZU, Tokyo",,private,"Tokyo, Japan",yes,,
247,I (casket-shaped vessel),item,Bronze,Containers,metalwork; bronze,,Inscribed,H. 36 cm,1 Shang-Yin or and  Zhou Dynasty,Western Zhou,,,"From the LUCY MAUD BUCKINGHAM COLLECTION, Chicago",,private,"Illinois, U.S.A.",yes,,
248,RECTANGULAR TING (caldron),item,Bronze,Containers,metalwork; bronze,with k'uei dragon decoration,Inscribed,H. 22.2 cm,1 Shang-Yin or and  Zhou Dynasty,Shang,,,"THE EARL OF ELGIN AND KINCARDINE, K.T., C.M.G., Dunfermline",,private,"Fife, U.K.",yes,,
249,HALBERD (ko),item,Bronze,Weapons,metalwork; bronze,with tortoise design at handle end of the blade,,L. 24 cm,1 Shang-Yin or and  Zhou Dynasty,Western Zhou,,,"MRS. MARGOT HOLMES, London",,private,"London, U.K.",yes,,
250,TS'UNG (ritual emblem),item,Jade,Ceremonial Objects,gemstones; jade,golden-brown jade,,"H. 6.6 cm, W. 9 cm",1 Shang-Yin or and  Zhou Dynasty,Western Zhou,,,THE BRITISH MUSEUM (Eumorfopoulos Collection),,museum,"London, U.K.",yes,,
251,TING (caldron),item,Bronze,Containers,metalwork; bronze,,,H. 18 cm,1 Shang-Yin or and  Zhou Dynasty,Shang,,,"A. HELLSTRÖM, Mölndal, Sweden",,private,"Malmö, Sweden",yes,,
252,ONE FOOT OF A TRIPOD,item,Stones and Minerals,Utilitarian Objects,stones; marble,,,H. 19.5 cm,1 Shang-Yin or and  Zhou Dynasty,Shang,,,"ÖSTASIATISKA SAMLINGARNA, Stockholm",,museum,"Stockholm, Sweden",yes,,
253,KUANG (wine vessel) and cover with ladle,item,Bronze,Containers,metalwork; bronze,Interior partitioned,Inscribed,L. 21 cm,1 Shang-Yin or and  Zhou Dynasty,Western Zhou,,,"OSCAR RAPHAEL, London",,private,"London, U.K.",yes,,
254,VESSEL,item,Bronze,Containers,metalwork; bronze,in the form of a pheasant,Inscribed,H. 17 cm,1 Shang-Yin or and  Zhou Dynasty,Western Zhou,,,"C. T. LOO, Paris",,private,"Paris, France",yes,,
255,CHIH (wine vessel),item,Bronze,Containers,metalwork; bronze,,,H. 17 cm,1 Shang-Yin or and  Zhou Dynasty,Shang,,,"W. VAN DER MANDELE, Bloemendaal, Holland",,private,"Bloemendaal, Netherlands",yes,,
256,YU (wine vessel),item,Bronze,Containers,metalwork; bronze,Handle missing,,H. 15.5 cm,1 Shang-Yin or and  Zhou Dynasty,Western Zhou,,,THE BRITISH MUSEUM (Eumorfopoulos Collection),,museum,"London, U.K.",yes,,
257,KU (wine vessel),item,Bronze,Containers,metalwork; bronze,with openwork base,Inscribed,H. 13.8 cm,1 Shang-Yin or and  Zhou Dynasty,Shang,,,"MRS. MARGOT HOLMES, London",,private,"London, U.K.",yes,,
258,LI (caldron),item,Bronze,Containers,metalwork; bronze,,,H. 30 cm,1 Shang-Yin or and  Zhou Dynasty,Shang,,,"M. CALMANN, Paris",,private,"Paris, France",yes,,
259,KUANG (wine vessel) and cover,item,Bronze,Containers,metalwork; bronze,,,H. 23.5 cm,1 Shang-Yin or and  Zhou Dynasty,Shang,,,"L. MICHON, Paris",,private,"Paris, France",yes,,
260,TSUN (wine vessel),item,Bronze,Containers,metalwork; bronze,in the form of two rams,,H. 45.5 cm,1 Shang-Yin or and  Zhou Dynasty,Shang,,,THE BRITISH MUSEUM (Eumorfopoulos Collection),,museum,"London, U.K.",yes,,
260A,KUEI (food vessel),item,Bronze,Containers,metalwork; bronze,,Inscribed,H. 24 cm,1 Shang-Yin or and  Zhou Dynasty,Western Zhou,,,"MAJOR-GENERAL SIR NEILL MALCOLM, K.C.B., D.S.O., London",,private,"London, U.K.",,,
261,TIGER-HEAD,item,Stones and Minerals,Sculpture,stones; stone,,,H. 15.2 cm,1 Shang-Yin or and  Zhou Dynasty,Shang,,,THE BRITISH MUSEUM (Eumorfopoulos Collection),,museum,"London, U.K.",yes,,
262,HU (wine vessel) and cover,item,Bronze,Containers,metalwork; bronze,,,H. 24.4 cm,1 Shang-Yin or and  Zhou Dynasty,Shang,,,"MRS. WILLIAM H. MOORE, New York",,private,"New York, U.S.A.",yes,,
263,AXE (ch'i),item,Bronze,Tools,metalwork; bronze,"Blade ornamented with two confronted animals and, below, a row of five cicadas",Inscribed,H. 23.5 cm,1 Shang-Yin or and  Zhou Dynasty,Shang,,,"THE WILLIAM ROCKHILL NELSON GALLERY OF ART, Kansas City",,museum,"Kansas, U.S.A.",yes,,
264,DOUBLE BULL'S HEAD,item,Stones and Minerals,Sculpture,stones; marble,mottled marble,,"H. 5.3 cm, L. 12 cm",1 Shang-Yin or and  Zhou Dynasty,Shang,,,"MR. AND MRS. EDWARD SONNENSCHEIN, Glencoe, Ill.",,private,"Illinois, U.S.A.",,,
265,LITTER FITTING,item,Bronze,Vehicles,metalwork; bronze,,,H. 20.5 cm,1 Shang-Yin or and  Zhou Dynasty,Western Zhou,,,"MAJOR-GENERAL SIR NEILL MALCOLM, K.C.B., D.S.O., London",,private,"London, U.K.",yes,,
266,HAIR ORNAMENT,item,Jade,Ornamental Objects,gemstones; jade,,,6.9 by 7.8 cm,1 Shang-Yin or and  Zhou Dynasty,Western Zhou,,,"OSCAR RAPHAEL, London",,private,"London, U.K.",yes,,
267,AXE (ch'i),item,Bronze,Tools,metalwork; bronze,,,"H. 25 cm, W. 19.7 cm",1 Shang-Yin or and  Zhou Dynasty,Shang,,,"H. J. OPPENHEIM, London",,private,"London, U.K.",yes,,
268,LOWER HALF OF HUMAN FIGURE in carved limestone,item,Stones and Minerals,Sculpture,stones; limestone,,,H. 22.5 cm,1 Shang-Yin or and  Zhou Dynasty,Shang,Found at An-yang,,THE CHINESE GOVERNMENT,,government,China,,,
268A,BUFFALO,item,Stones and Minerals,Sculpture,stones; limestone,,,"H. 11.5 cm, L. 21 cm",1 Shang-Yin or and  Zhou Dynasty,Shang,,,"MR. AND MRS. WALTER SEDGWICK, London",,private,"London, U.K.",yes,,
269,TIGER MASK,item,Stones and Minerals,Ornamental Objects,stones; stone,,,23 by 25.5 cm,1 Shang-Yin or and  Zhou Dynasty,Shang,,,"G. EUMORFOPOULOS, London",,private,"London, U.K.",,,
270,PIGEON PENDANT,item,Jade,Ornamental Objects,gemstones; jade,,,"H. 3.2 cm, L. 3.6 cm",1 Shang-Yin or and  Zhou Dynasty,Western Zhou,,,"CHANG NAI-CHI, Shanghai",,private,"Shanghai, China",yes,,
271,PIGEON PENDANT,item,Jade,Ornamental Objects,gemstones; jade,,,L. 3.8 cm,1 Shang-Yin or and  Zhou Dynasty,Western Zhou,,,"CHANG NAI-CHI, Shanghai",,private,"Shanghai, China",yes,,
272,BUFFALO,item,Jade,Ornamental Objects,gemstones; jade,pale grey jade,,"H. 2.5 cm, L. 4.7 cm",1 Shang-Yin or and  Zhou Dynasty,Western Zhou,,,"ALFRED H. PILLSBURY, Minneapolis, U.S.A.",,private,"Minnesota, U.S.A.",,,
273,BUFFALO,item,Jade,Ornamental Objects,gemstones; jade,white jade,,"H. 2.6 cm, L. 4.5 cm",1 Shang-Yin or and  Zhou Dynasty,Western Zhou,,,"ALFRED H. PILLSBURY, Minneapolis, U.S.A.",,private,"Minnesota, U.S.A.",,,
274,GIRDLE ORNAMENT (p'ei),item,Jade,Ornamental Objects,gemstones; jade,,,L. 5 cm,1 Shang-Yin or and  Zhou Dynasty,Qin and Han,,,"CHANG NAI-CHI, Shanghai",,private,"Shanghai, China",yes,,
275,BUFFALO,item,Jade,Ornamental Objects,gemstones; jade,"buff-coloured jade, stylised surface decoration",,L. 4.5 cm,1 Shang-Yin or and  Zhou Dynasty,Western Zhou,,,"H. J. OPPENHEIM, London",,private,"London, U.K.",yes,,
276,BIRD FIGURE,item,Stones and Minerals,Sculpture,gemstones; turquoise,,,H. 4.4 cm,1 Shang-Yin or and  Zhou Dynasty,Western Zhou,,,"MR. AND MRS. WALTER SEDGWICK, London",,private,"London, U.K.",yes,,
277,BUTTON,item,Organic Materials,,Animal derived materials; mother-of-pearl,,,Di. 4.5 cm,1 Shang-Yin or and  Zhou Dynasty,Western Zhou,,,"M. CALMANN, Paris",,private,"Paris, France",yes,,
278,OWL,item,Jade,Ornamental Objects,gemstones; jade,,,H. 5 cm,1 Shang-Yin or and  Zhou Dynasty,Western Zhou,,,"MR. AND MRS. WALTER SEDGWICK, London",,private,"London, U.K.",yes,,
279,ELEPHANT HEAD FINIAL,item,Jade,Ornamental Objects,gemstones; jade,,,L. 4.5 cm,1 Shang-Yin or and  Zhou Dynasty,Shang,,,"CHANG NAI-CHI, Shanghai",,private,"Shanghai, China",yes,,
280,TIGER,item,Jade,Ornamental Objects,gemstones; jade,,,L. 6 cm,1 Shang-Yin or and  Zhou Dynasty,Shang,,,"CHANG NAI-CHI, Shanghai",,private,"Shanghai, China",yes,,
281,BUFFALO HEAD CHARM,item,Glass,,glass,,,L. 3.3 cm,1 Shang-Yin or and  Zhou Dynasty,Qin and Han,,,"CHANG NAI-CHI, Shanghai",,private,"Shanghai, China",yes,,
282,RAM'S HEAD,item,Jade,Ornamental Objects,gemstones; jade,buff jade with red pigment,,H. 3.8 cm,1 Shang-Yin or and  Zhou Dynasty,Spring and Autumn Annals,,,H.R.H. THE CROWN PRINCE OF SWEDEN,,private,"Stockholm, Sweden",yes,,
283,SITTING BEAR,item,Jade,Sculpture,gemstones; jade,,,H. 4.5 cm,1 Shang-Yin or and  Zhou Dynasty,Western Zhou,,,"M. CALMANN, Paris",,private,"Paris, France",yes,,
284,GIRDLE ORNAMENT(p'ei),item,Jade,Ornamental Objects,gemstones; jade,,,L. 4.2 cm,1 Shang-Yin or and  Zhou Dynasty,Qin and Han,,,"CHANG NAI-CHI, Shanghai",,private,"Shanghai, China",yes,,
285,HÊNG (girdle ornament),item,Jade,Ornamental Objects,gemstones; jade,pale green jade,,L. 9.4 cm,1 Shang-Yin or and  Zhou Dynasty,Western Zhou,,,"ALFRED H. PILLSBURY, Minneapolis, U.S.A.",,private,"Minnesota, U.S.A.",yes,,
286,FISH CHARM,item,Jade,Ornamental Objects,gemstones; jade,,,L. 9.6 cm,1 Shang-Yin or and  Zhou Dynasty,Spring and Autumn Annals,,,"CHANG NAI-CHI, Shanghai",,private,"Shanghai, China",yes,,
287,FISH PENDANT,item,Jade,Ornamental Objects,gemstones; jade,,,H. 8.3 cm,1 Shang-Yin or and  Zhou Dynasty,Spring and Autumn Annals,,,H.R.H. THE CROWN PRINCE OF SWEDEN,,private,"Stockholm, Sweden",yes,,
288,BLADE,item,Jade,Utilitarian Objects,gemstones; jade,black jade,,"L. 4.3 cm, W. 10.2 cm",1 Shang-Yin or and  Zhou Dynasty,Qin and Han,,,"OSCAR RAPHAEL, London",,private,"London, U.K.",yes,,
289,FISH,item,Jade,Ornamental Objects,gemstones; jade,hoop-shaped and carved in low relief,,L. 7.8 cm,1 Shang-Yin or and  Zhou Dynasty,Western Zhou,,,"H. J. OPPENHEIM, London",,private,"London, U.K.",,,
290,HÊNG (girdle ornament),item,Jade,Ornamental Objects,gemstones; jade,pale green jade,,L. 9.7 cm,1 Shang-Yin or and  Zhou Dynasty,Western Zhou,,,"ALFRED H. PILLSBURY, Minneapolis, U.S.A.",,private,"Minnesota, U.S.A.",yes,,
291,CROUCHING STAG,item,Jade,Ornamental Objects,gemstones; jade,,,H. 8 cm,1 Shang-Yin or and  Zhou Dynasty,Warring States,,,"M. CALMANN, Paris",,private,"Paris, France",yes,,
292,KUEI (symbol of authority),item,Jade,Ceremonial Objects,gemstones; jade,mottled green and brown jade,,"L. 43.7 cm, W. 6.8 cm",1 Shang-Yin or and  Zhou Dynasty,Shang,,,"ALFRED H. PILLSBURY, Minneapolis, U.S.A.",,private,"Minneapolis, U.S.A.",,,
293,SPEAR HEAD,item,Jade,Ornamental Objects,gemstones; jade,,,L. 33.7 cm,1 Shang-Yin or and  Zhou Dynasty,Neolithic,,,THE KYOTO IMPERIAL UNIVERSITY,,museum,"Kyoto, Japan",,,
294,KNIFE,item,Jade,Utilitarian Objects,gemstones; jade,,,L. 13 cm,1 Shang-Yin or and  Zhou Dynasty,Shang,,,"CHANG NAI-CHI, Shanghai",,private,"Shanghai, China",,,
295,SPEAR HEAD,item,Jade,Ornamental Objects,gemstones; jade,,,L. 10.5 cm,1 Shang-Yin or and  Zhou Dynasty,Spring and Autumn Annals,,,"CHANG NAI-CHI, Shanghai",,private,"Shanghai, China",yes,,
296,CHANG (a symbol of authority),item,Jade,Ceremonial Objects,gemstones; jade,mottled blue-grey jade,,"L. 38.3 cm, W. 9.4 cm",1 Shang-Yin or and  Zhou Dynasty,Western Zhou,,,"ALFRED H. PILLSBURY, Minneapolis, U.S.A.",,private,"Minneapolis, U.S.A.",,,
297,KUEI (symbol of authority),item,Jade,Ceremonial Objects,gemstones; jade,orange-coloured jade,,"L. 30.5 cm, W. 7.2 cm",1 Shang-Yin or and  Zhou Dynasty,Western Zhou,,,"MR. AND MRS. EDWARD SONNENSCHEIN, Glencoe, Ill.",,private,"Illinois, U.S.A.",yes,,
298,STAFF,item,Jade,Utilitarian Objects,gemstones; jade,"jade with incised dragons and phoenix, From the Tuan Fang Collection",,2.2 by 27.9 cm,1 Shang-Yin or and  Zhou Dynasty,Spring and Autumn Annals,,,"OSCAR RAPHAEL, London",From the Tuan Fang Collection,private,"London, U.K.",yes,,
299,FIGURE OF A KNEELING MAN,item,Jade,Ornamental Objects,gemstones; jade,,,L. 6.3 cm,1 Shang-Yin or and  Zhou Dynasty,Spring and Autumn Annals,,,THE BRITISH MUSEUM (Eumorfopoulos Collection),,museum,"London, U.K.",yes,,
300,ORNAMENT,item,Jade,Ornamental Objects,gemstones; jade,in form of a woman with a child on her back,,H. 8.1 cm,1 Shang-Yin or and  Zhou Dynasty,Spring and Autumn Annals,,,"MRS. CHRISTIAN R. HOLMES, New York",,private,"New York, U.S.A.",yes,,
301,PLAQUE,item,Jade,Ornamental Objects,gemstones; jade,stylised owl,,H. 11.5 cm,1 Shang-Yin or and  Zhou Dynasty,Shang,,,"G. EUMORFOPOULOS, London",,private,"London, U.K.",yes,,
302,TIGER in matrix of turquoise,item,Stones and Minerals,Sculpture,gemstones; turquoise,,,L. 5.1 cm,1 Shang-Yin or and  Zhou Dynasty,Western Zhou,,,H.R.H. THE CROWN PRINCE OF SWEDEN,,private,"Stockholm, Sweden",yes,,
303,CORMORANT,item,Jade,Ornamental Objects,gemstones; jade,grey jade,,"H. 4.4 cm, L. 6.5 cm",1 Shang-Yin or and  Zhou Dynasty,Spring and Autumn Annals,,,THE BRITISH MUSEUM (Eumorfopoulos Collection),,museum,"London, U.K.",yes,,
304,ANIMAL HEAD in relief,item,Jade,Ornamental Objects,gemstones; jade,,,"H. 3.4 cm, W. 2.6 cm",1 Shang-Yin or and  Zhou Dynasty,Western Zhou,,,"CHANG NAI-CHI, Shanghai",,private,"Shanghai, China",yes,,
305,PI (ritual disk),item,Jade,Ceremonial Objects,gemstones; jade,black jade,,Di. 15.2 cm,1 Shang-Yin or and  Zhou Dynasty,Western Zhou,,,THE BRITISH MUSEUM (Eumorfopoulos Collection),,museum,"London, U.K.",yes,,
305A,RITUAL KNIFE,item,Jade,Ceremonial Objects,gemstones; jade,,,L. 12.5 cm,1 Shang-Yin or and  Zhou Dynasty,Western Zhou,,,"MUSEUM FÜR OSTASIATISCHE KUNST, Cologne",,museum,"Cologne, Germany",yes,,
306,FIGURE OF MAN wearing a mask,item,Jade,Ornamental Objects,gemstones; jade,,,H. 5 cm,1 Shang-Yin or and  Zhou Dynasty,Warring States,,,"CHANG NAI-CHI, Shanghai",,private,"Shanghai, China",yes,,
307,STAFF,item,Jade,Utilitarian Objects,gemstones; jade,white jade,,L. 26 cm,1 Shang-Yin or and  Zhou Dynasty,Spring and Autumn Annals,,,THE BRITISH MUSEUM (Eumorfopoulos Collection),,museum,"London, U.K.",yes,,
308,KUEI (symbol of authority),item,Jade,Ceremonial Objects,gemstones; jade,,With designs and Imperial inscriptions of the Qianlong period,L. 30.5 cm,1 Shang-Yin or and  Zhou Dynasty,Western Zhou,,,THE CHINESE GOVERNMENT,,government,China,,,
309,RITUAL KNIFE,item,Jade,Ceremonial Objects,gemstones; jade,green jade,,L. 35 cm,1 Shang-Yin or and  Zhou Dynasty,Shang,,,THE VICTORIA AND ALBERT MUSEUM (Eumorfopoulos Collection),,museum,"London, U.K.",yes,,
310,DAGGER with bird handle,item,Jade,Utilitarian Objects,gemstones; jade,,,L. 14.2 cm,1 Shang-Yin or and  Zhou Dynasty,Western Zhou,,,"MRS. CHRISTIAN R. HOLMES, New York",,private,"New York, U.S.A.",yes,,
311,KNIFE,item,Jade,Utilitarian Objects,gemstones; jade,,,L. 17 cm,1 Shang-Yin or and  Zhou Dynasty,Shang,,,"CHANG NAI-CHI, Shanghai",,private,"Shanghai, China",,,
312,SWORD,item,Jade,Utilitarian Objects,gemstones; jade,,,L. 50.8 cm,1 Shang-Yin or and  Zhou Dynasty,Western Zhou,,,"OSCAR RAPHAEL, London",,private,"London, U.K.",yes,,
313,AXE with serrated edge,item,Jade,Utilitarian Objects,gemstones; jade,,,"H. 14.6 cm, W. 12.3 cm",1 Shang-Yin or and  Zhou Dynasty,Western Zhou,,,H.R.H. THE CROWN PRINCE OF SWEDEN,,private,"Stockholm, Sweden",yes,,
314,OWL,item,Organic Materials,,Animal derived materials; Animal derived materials; bone,carved bone,,H. 6 cm,1 Shang-Yin or and  Zhou Dynasty,Shang,,,"M. CALMANN, Paris",,private,"Paris, France",yes,,
315,KNIFE,item,Jade,Utilitarian Objects,gemstones; jade,,,"L. 63.5 cm, W. 9 cm",1 Shang-Yin or and  Zhou Dynasty,Western Zhou,,,"MUSÉE GUIMET, Paris",,museum,"Paris, France",yes,,
316,PENDANT,item,Jade,Ornamental Objects,gemstones; jade,,,H. 9.1 cm,1 Shang-Yin or and  Zhou Dynasty,Western Zhou,,,H.R.H. THE CROWN PRINCE OF SWEDEN,,private,"Stockholm, Sweden",yes,,
317,DISK,item,Jade,Ornamental Objects,gemstones; jade,"ivory-coloured jade, Each side serrated with seven notches",,Di. 12.7 cm,1 Shang-Yin or and  Zhou Dynasty,Western Zhou,,,"MR. AND MRS. EDWARD SONNENSCHEIN, Glencoe, Ill.",,private,"Illinois, U.S.A.",yes,,
318,TSUN (wine vessel),item,Bronze,Containers,metalwork; bronze,in form of elephant,,L. 96.5 cm,1 Shang-Yin or and  Zhou Dynasty,Shang,,,"MUSÉE DU LOUVRE, Paris",,museum,"Paris, France",yes,,
319,CHIN (altar table),set,Bronze,Containers,metalwork; bronze,"SET OF SACRIFICIAL WINE VESSELS AND ALTAR TABLE,",,"H. 18 cm, W. 89.9 cm",1 Shang-Yin or and  Zhou Dynasty,Shang,"Found near Pao-chi, Shensi, in 1901",,"THE METROPOLITAN MUSEUM OF ART, New York",From the Tuan Fang Collection,museum,"New York, U.S.A.",yes,,
319A,YU with cover and stand,,Bronze,Containers,metalwork; bronze,"SET OF SACRIFICIAL WINE VESSELS AND ALTAR TABLE,",,H. 46.9 cm,1 Shang-Yin or and  Zhou Dynasty,Shang,"Found near Pao-chi, Shensi, in 1901",,"THE METROPOLITAN MUSEUM OF ART, New York",From the Tuan Fang Collection,museum,"New York, U.S.A.",yes,,
319B,YU and cover,,Bronze,Containers,metalwork; bronze,"SET OF SACRIFICIAL WINE VESSELS AND ALTAR TABLE,",Inscribed,H. 46.4 cm,1 Shang-Yin or and  Zhou Dynasty,Shang,"Found near Pao-chi, Shensi, in 1901",,"THE METROPOLITAN MUSEUM OF ART, New York",From the Tuan Fang Collection,museum,"New York, U.S.A.",yes,,
319C,KU,,Bronze,Containers,metalwork; bronze,"SET OF SACRIFICIAL WINE VESSELS AND ALTAR TABLE,",Inscribed,H. 20.9 cm,1 Shang-Yin or and  Zhou Dynasty,Shang,"Found near Pao-chi, Shensi, in 1901",,"THE METROPOLITAN MUSEUM OF ART, New York",From the Tuan Fang Collection,museum,"New York, U.S.A.",yes,,
319D,KU,,Bronze,Containers,metalwork; bronze,"SET OF SACRIFICIAL WINE VESSELS AND ALTAR TABLE,",Inscribed,H. 34 cm,1 Shang-Yin or and  Zhou Dynasty,Shang,"Found near Pao-chi, Shensi, in 1901",,"THE METROPOLITAN MUSEUM OF ART, New York",From the Tuan Fang Collection,museum,"New York, U.S.A.",yes,,
319E,HO,,Bronze,Containers,metalwork; bronze,"SET OF SACRIFICIAL WINE VESSELS AND ALTAR TABLE,",Inscribed,H. 28.6 cm,1 Shang-Yin or and  Zhou Dynasty,Shang,"Found near Pao-chi, Shensi, in 1901",,"THE METROPOLITAN MUSEUM OF ART, New York",From the Tuan Fang Collection,museum,"New York, U.S.A.",yes,,
319F,CHIA,,Bronze,Containers,metalwork; bronze,"SET OF SACRIFICIAL WINE VESSELS AND ALTAR TABLE,",Inscribed,H. 32.4 cm,1 Shang-Yin or and  Zhou Dynasty,Shang,"Found near Pao-chi, Shensi, in 1901",,"THE METROPOLITAN MUSEUM OF ART, New York",From the Tuan Fang Collection,museum,"New York, U.S.A.",yes,,
319G,CHÜEH,,Bronze,Containers,metalwork; bronze,"SET OF SACRIFICIAL WINE VESSELS AND ALTAR TABLE,",Inscribed,H. 25 cm,1 Shang-Yin or and  Zhou Dynasty,Shang,"Found near Pao-chi, Shensi, in 1901",,"THE METROPOLITAN MUSEUM OF ART, New York",From the Tuan Fang Collection,museum,"New York, U.S.A.",yes,,
319H,CHIO,,Bronze,Containers,metalwork; bronze,"SET OF SACRIFICIAL WINE VESSELS AND ALTAR TABLE,",Inscribed,H. 20 cm,1 Shang-Yin or and  Zhou Dynasty,Shang,"Found near Pao-chi, Shensi, in 1901",,"THE METROPOLITAN MUSEUM OF ART, New York",From the Tuan Fang Collection,museum,"New York, U.S.A.",yes,,
319I,CHIH,,Bronze,Containers,metalwork; bronze,"SET OF SACRIFICIAL WINE VESSELS AND ALTAR TABLE,",Inscribed,H. 14.5 cm,1 Shang-Yin or and  Zhou Dynasty,Shang,"Found near Pao-chi, Shensi, in 1901",,"THE METROPOLITAN MUSEUM OF ART, New York",From the Tuan Fang Collection,museum,"New York, U.S.A.",yes,,
319J,CHIH,,Bronze,Containers,metalwork; bronze,"SET OF SACRIFICIAL WINE VESSELS AND ALTAR TABLE,",,H. 13.8 cm,1 Shang-Yin or and  Zhou Dynasty,Shang,"Found near Pao-chi, Shensi, in 1901",,"THE METROPOLITAN MUSEUM OF ART, New York",From the Tuan Fang Collection,museum,"New York, U.S.A.",yes,,
319K,CHIH,,Bronze,Containers,metalwork; bronze,"SET OF SACRIFICIAL WINE VESSELS AND ALTAR TABLE,",Inscribed,H. 14.5 cm,1 Shang-Yin or and  Zhou Dynasty,Shang,"Found near Pao-chi, Shensi, in 1901",,"THE METROPOLITAN MUSEUM OF ART, New York",From the Tuan Fang Collection,museum,"New York, U.S.A.",yes,,
319L,CHIH,,Bronze,Containers,metalwork; bronze,"SET OF SACRIFICIAL WINE VESSELS AND ALTAR TABLE,",Inscribed,H. 13 cm,1 Shang-Yin or and  Zhou Dynasty,Shang,"Found near Pao-chi, Shensi, in 1901",,"THE METROPOLITAN MUSEUM OF ART, New York",From the Tuan Fang Collection,museum,"New York, U.S.A.",yes,,
320,HO (wine vessel),,Bronze,Containers,metalwork; bronze,,Inscribed,H. 73 cm,1 Shang-Yin or and  Zhou Dynasty,Shang,,,"KAICHIRO NEDZU, Tokyo",,private,"Tokyo, Japan",yes,,
321,RING,item,Jade,Ornamental Objects,gemstones; jade,"ivory-coloured jade, A notched flange around the centre",,Di. 8 cm,1 Shang-Yin or and  Zhou Dynasty,Western Zhou,,,"MR. AND MRS. EDWARD SONNENSCHEIN, Glencoe, Ill.",,private,"Illinois, U.S.A.",,,
322,ARCHER'S THUMB RING,item,Jade,Utilitarian Objects,gemstones; jade,,,L. 4.4 cm,1 Shang-Yin or and  Zhou Dynasty,Warring States,,,"OSCAR RAPHAEL, London",,private,"London, U.K.",,,
323,SWORD,item,Bronze,Weapons,metalwork; bronze,with lacquer scabbard,,L. 85 cm,1 Shang-Yin or and  Zhou Dynasty,Warring States,,,"C. T. LOO, Paris",,private,"Paris, France",yes,,
324,ARCHER'S THUMB RING,item,Stones and Minerals,Utilitarian Objects,gemstones; turquoise,,,H. 4.5 cm,1 Shang-Yin or and  Zhou Dynasty,Qin and Han,,,"M. CALMANN, Paris",,private,"Paris, France",,,
325,AWL HANDLE,item,Jade,Utilitarian Objects,gemstones; jade,mottled pale green and orange-coloured jade,,L. 6.5 cm,1 Shang-Yin or and  Zhou Dynasty,Western Zhou,,,"MR. AND MRS. EDWARD SONNENSCHEIN, Glencoe, Ill.",,private,"Illinois, U.S.A.",yes,,
326,SPEAR HEAD,item,Jade,Ornamental Objects,gemstones; jade,white jade,,L. 20.9 cm,1 Shang-Yin or and  Zhou Dynasty,Spring and Autumn Annals,,,"MR. AND MRS. EDWARD SONNENSCHEIN, Glencoe, Ill.",,private,"Illinois, U.S.A.",,,
327,PARTS OF A DAGGER HANDLE,item,Jade,Ornamental Objects,gemstones; jade,,,L. 10 cm,1 Shang-Yin or and  Zhou Dynasty,Warring States,,,"CHANG NAI-CHI, Shanghai",,private,"Shanghai, China",,,
328,PIECE OF CARVED AND ENGRAVED JADE,item,Jade,Ornamental Objects,gemstones; jade,,,H. 4.7 cm,1 Shang-Yin or and  Zhou Dynasty,Qin and Han,,,"CHANG NAI-CHI, Shanghai",,private,"Shanghai, China",yes,,
329 & 332,PAIR OF PENDANTS (huang),set,Jade,Ceremonial Objects,gemstones; jade,,,W. 13 cm,1 Shang-Yin or and  Zhou Dynasty,Warring States,,,"CHANG NAI-CHI, Shanghai",,private,"Shanghai, China",yes,,
330,GIRDLE ORNAMENTS (p'ei),item,Jade,Ceremonial Objects,gemstones; jade,A pair of geese,,H. 4.8 cm,1 Shang-Yin or and  Zhou Dynasty,Warring States,,,"CHANG NAI-CHI, Shanghai",,private,"Shanghai, China",yes,,
331,TWO MALE FIGURES,item,Jade,Ornamental Objects,gemstones; jade,pale green jade,,H. 6.2 and 6.8 cm,1 Shang-Yin or and  Zhou Dynasty,Spring and Autumn Annals,,,"OSCAR RAPHAEL, London",,private,"London, U.K.",yes,,
329 & 332,PAIR OF PENDANTS (huang),,Jade,Ceremonial Objects,gemstones; jade,,,W. 13 cm,1 Shang-Yin or and  Zhou Dynasty,Warring States,,,"CHANG NAI-CHI, Shanghai",,private,"Shanghai, China",yes,,
333,BUCKLE,item,Jade,Ornamental Objects,gemstones; jade,"with the hook missing, now consisting of ten pieces, Ox-head finial",,L. 14.5 cm,1 Shang-Yin or and  Zhou Dynasty,Qin and Han,,,"CHANG NAI-CHI, Shanghai",,private,"Shanghai, China",,,
334,CYLINDRICAL HANDLE,item,Jade,Utilitarian Objects,gemstones; jade,"ivory-coloured jade, Each end engraved with a silkworm pattern",,L. 15.9 cm,1 Shang-Yin or and  Zhou Dynasty,Warring States,,,"MR. AND MRS. EDWARD SONNENSCHEIN, Glencoe, Ill.",,private,"Illinois, U.S.A.",,,
335,ORNAMENT,item,Jade,Ornamental Objects,gemstones; jade,in the form of a bird,,L. 4.4 cm,1 Shang-Yin or and  Zhou Dynasty,Qin and Han,,,"CHANG NAI-CHI, Shanghai",,private,"Shanghai, China",yes,,
336,CICADA,item,Glass,,glass,,,L. 3.9 cm,1 Shang-Yin or and  Zhou Dynasty,Qin and Han,,,"CHANG NAI-CHI, Shanghai",,private,"Shanghai, China",yes,,
337,CICADA,item,Jade,Ornamental Objects,gemstones; jade,white and green jade,,L. 6 cm,1 Shang-Yin or and  Zhou Dynasty,Spring and Autumn Annals,,,"MR. AND MRS. EDWARD SONNENSCHEIN, Glencoe, Ill.",,private,"Illinois, U.S.A.",yes,,
338,PI (ritual disk),item,Jade,Ceremonial Objects,gemstones; jade,Grain pattern,,Di. 16 cm,1 Shang-Yin or and  Zhou Dynasty,Western Zhou,,,"OSCAR RAPHAEL, London",,private,"London, U.K.",,,
339,STAG,item,Jade,Ornamental Objects,gemstones; jade,dull green jade,,"H. 5.6 cm., L. 5.8 cm",1 Shang-Yin or and  Zhou Dynasty,Warring States,,,"H. J. OPPENHEIM, London",,private,"London, U.K.",yes,,
340,FIGURE OF BUCK,item,Jade,Ornamental Objects,gemstones; jade,,,H. 5.7 cm,1 Shang-Yin or and  Zhou Dynasty,Warring States,,,"OSCAR RAPHAEL, London",,private,"London, U.K.",yes,,
341,PI (ritual disk),item,Jade,Ceremonial Objects,gemstones; jade,with two dragons on the rim,,W. 21.7 cm,1 Shang-Yin or and  Zhou Dynasty,Warring States,,,"THE WILLIAM ROCKHILL NELSON GALLERY OF ART, Kansas City",,museum,"Kansas, U.S.A.",yes,,
342,BELT HOOK,item,Jade,Utilitarian Objects,gemstones; jade,,,L. 5.3 cm,1 Shang-Yin or and  Zhou Dynasty,Warring States,,,"CHANG NAI-CHI, Shanghai",,private,"Shanghai, China",yes,,
343,PI (ritual disk),item,Jade,Ceremonial Objects,gemstones; jade,,,W. 17.6 cm,1 Shang-Yin or and  Zhou Dynasty,Warring States,,,THE BRITISH MUSEUM (Eumorfopoulos Collection),,museum,"London, U.K.",yes,,
344,ARCHER'S RING,item,Jade,Utilitarian Objects,gemstones; jade,,,H. 5.3 cm,1 Shang-Yin or and  Zhou Dynasty,Qin and Han,,,"HEINRICH HARDT, Berlin",,private,"Berlin, Germany",,,
345,STAFF,item,Jade,Utilitarian Objects,gemstones; jade,,,L. 17.4 cm,1 Shang-Yin or and  Zhou Dynasty,Spring and Autumn Annals,,,"CHANG NAI-CHI, Shanghai",,private,"Shanghai, China",,,
346,EAR PICK,item,Jade,Utilitarian Objects,gemstones; jade,with fish handle,,L. 6.5 cm,1 Shang-Yin or and  Zhou Dynasty,Qin and Han,,,"CHANG NAI-CHI, Shanghai",,private,"Shanghai, China",yes,,
347,PENDANT,item,Jade,Ornamental Objects,gemstones; jade,,,L. 5 cm,1 Shang-Yin or and  Zhou Dynasty,Warring States,,,"CHANG NAI-CHI, Shanghai",,private,"Shanghai, China",yes,,
348,HARE,item,Jade,Ornamental Objects,gemstones; jade,,,"H. 3.1 cm, L. 5.8 cm",1 Shang-Yin or and  Zhou Dynasty,Warring States,,,"OSCAR RAPHAEL, London",,private,"London, U.K.",yes,,
349,WOVEN GOLD CHAIN,item,Jade,Ornamental Objects,gemstones; jade,"with two amber and two jade beads, a pearl set in the fastening",,L. 71 cm,1 Shang-Yin or and  Zhou Dynasty,Warring States,,,"CHANG NAI-CHI, Shanghai",,private,"Shanghai, China",yes,,
350,PIERCED PENDANT,item,Jade,Ornamental Objects,gemstones; jade,two confronted phoenixes and two dragons,,"H. 5.6 cm, W. 6.6 cm",1 Shang-Yin or and  Zhou Dynasty,Warring States,,,"THE WILLIAM ROCKHILL NELSON GALLERY OF ART, Kansas City",,museum,"Kansas, U.S.A.",yes,,
351,CORMORANT AND FISH,item,Jade,Ornamental Objects,gemstones; jade,,,"H. 4 cm, W. 4.3 cm",1 Shang-Yin or and  Zhou Dynasty,Qin and Han,,,THE BRITISH MUSEUM (Eumorfopoulos Collection),,museum,"London, U.K.",yes,,
352,STAFF,item,Jade,Utilitarian Objects,gemstones; jade,ivory-coloured jade,,L. 22.8 cm,1 Shang-Yin or and  Zhou Dynasty,Spring and Autumn Annals,,,"MR. AND MRS. EDWARD SONNENSCHEIN, Glencoe, Ill.",,private,"Illinois, U.S.A.",,,
353,INCISED BELT ORNAMENT,item,Jade,Ornamental Objects,gemstones; jade,Archaic inscription on the reverse,,L. 3.4 cm,1 Shang-Yin or and  Zhou Dynasty,Warring States,,,"CHANG NAI-CHI, Shanghai",,private,"Shanghai, China",,,
354,FINGER RING,item,Jade,Utilitarian Objects,gemstones; jade,,,H. 3.7 cm,1 Shang-Yin or and  Zhou Dynasty,Qin and Han,,,"HEINRICH HARDT, Berlin",,private,"Berlin, Germany",,,
355,BEAD,item,Jade,Ornamental Objects,gemstones; jade,,,L. 6.4 cm,1 Shang-Yin or and  Zhou Dynasty,Warring States,,,"CHANG NAI-CHI, Shanghai",,private,"Shanghai, China",yes,,
356&360,RITUAL PENDANT,set,Jade,Ornamental Objects,gemstones; jade,"in the form of a dragon, Pair with No. 360",,"H. 8 cm, L. 15.1 cm",1 Shang-Yin or and  Zhou Dynasty,Warring States,,,"OSCAR RAPHAEL, London",,private,"London, U.K.",yes,,
357,GIRDLE ORNAMENT (p'ei),item,Jade,Ceremonial Objects,gemstones; jade,,,Di. 5 cm,1 Shang-Yin or and  Zhou Dynasty,Warring States,,,"MR. AND MRS. EDWARD SONNENSCHEIN, Glencoe, Ill.",,private,"Illinois, U.S.A.",yes,,
358,ORNAMENT,item,Jade,Ornamental Objects,gemstones; jade,of tiger form,,L. 13.9 cm,1 Shang-Yin or and  Zhou Dynasty,Spring and Autumn Annals,,,"MRS. CHRISTIAN R. HOLMES, New York",,private,"New York, U.S.A.",yes,,
359,GIRDLE ORNAMENT (p'ei),item,Jade,Ceremonial Objects,gemstones; jade,,,Di. 5.4 cm,1 Shang-Yin or and  Zhou Dynasty,Warring States,,,"CHANG NAI-CHI, Shanghai",,private,"Shanghai, China",yes,,
356&360,RITUAL PENDANT,,Jade,Ceremonial Objects,gemstones; jade,"in the form of a dragon, Pair with No. 356",,"H. 8 cm, L. 15.1 cm",1 Shang-Yin or and  Zhou Dynasty,Warring States,,,"OSCAR RAPHAEL, London",,private,"London, U.K.",yes,,
361,END OF A SWORD SCABBARD,item,Jade,Ornamental Objects,gemstones; jade,,,L. 4.2 cm,1 Shang-Yin or and  Zhou Dynasty,Warring States,,,"CHANG NAI-CHI, Shanghai",,private,"Shanghai, China",,,
362,ARROW HEAD,item,Jade,Ornamental Objects,gemstones; jade,,,L. 8.3 cm,1 Shang-Yin or and  Zhou Dynasty,Qin and Han,,,"CHANG NAI-CHI, Shanghai",,private,"Shanghai, China",yes,,
363,GIRDLE ORNAMENT,item,Jade,Ornamental Objects,gemstones; jade,,,L. 9.4 cm,1 Shang-Yin or and  Zhou Dynasty,Qin and Han,,,"CHANG NAI-CHI, Shanghai",,private,"Shanghai, China",,,
364&365,PENDANT,set,Jade,Ornamental Objects,gemstones; jade,Pair with No. 365,,W. 13.5 cm,1 Shang-Yin or and  Zhou Dynasty,Warring States,,,"OSCAR RAPHAEL, London",,private,"London, U.K.",yes,,
364&365,PENDANT,,Jade,Ornamental Objects,gemstones; jade,Pair with No. 364,,W. 13.5 cm,1 Shang-Yin or and  Zhou Dynasty,Warring States,,,"OSCAR RAPHAEL, London",,private,"London, U.K.",yes,,
366,PLAQUE,item,Jade,Ornamental Objects,gemstones; jade,"thin brown jade, engraved with silkworm pattern",,"H. 5.9 cm, W. 6.2 cm",1 Shang-Yin or and  Zhou Dynasty,Warring States,,,"MR. AND MRS. EDWARD SONNENSCHEIN, Glencoe, Ill.",,private,"Illinois, U.S.A.",,,
367,PLAQUE,item,Jade,Ornamental Objects,gemstones; jade,,,"L. 5.3 cm, W. 3.3 cm",1 Shang-Yin or and  Zhou Dynasty,Spring and Autumn Annals,,,H.R.H. THE CROWN PRINCE OF SWEDEN,,private,"Stockholm, Sweden",yes,,
368,PENDANT,item,Jade,Ornamental Objects,gemstones; jade,"with interlaced pattern, green and brown jade",,L. 8.2 cm,1 Shang-Yin or and  Zhou Dynasty,Warring States,,,"H. K. BURNET, Manningham, Yorks",,private,"Yorkshire, U.K.",,,
369,FISH PENDANT,item,Jade,Ornamental Objects,gemstones; jade,,,L. 11.5 cm,1 Shang-Yin or and  Zhou Dynasty,Qin and Han,,,"CHANG NAI-CHI, Shanghai",,private,"Shanghai, China",yes,,
370,PENDANT,item,Jade,Ornamental Objects,gemstones; jade,"honey-coloured jade, decorated with entwined dragons in openwork",,H. 3 cm,1 Shang-Yin or and  Zhou Dynasty,Warring States,,,"H. J. OPPENHEIM, London",,private,"London, U.K.",yes,,
371,DAGGER POMMEL,item,Jade,Utilitarian Objects,gemstones; jade,with interlaced design,,H 6.5 cm,1 Shang-Yin or and  Zhou Dynasty,Warring States,,,H.R.H. THE CROWN PRINCE OF SWEDEN,,private,"Stockholm, Sweden",yes,,
372,PLAQUE,item,Jade,Ornamental Objects,gemstones; jade,,,"L. 5.4 cm, W. 3.5 cm",1 Shang-Yin or and  Zhou Dynasty,Spring and Autumn Annals,,,H.R.H. THE CROWN PRINCE OF SWEDEN,,private,"Stockholm, Sweden",yes,,
373,BELT ORNAMENT,item,Jade,Ornamental Objects,gemstones; jade,,,L. 4.5 cm,1 Shang-Yin or and  Zhou Dynasty,Warring States,,,"CHANG NAI-CHI, Shanghai",,private,"Shanghai, China",,,
374,PAIR OF FISHES,set,Jade,Ornamental Objects,gemstones; jade,,,L. 13.7 cm,1 Shang-Yin or and  Zhou Dynasty,Spring and Autumn Annals,,,"A. SCHOENLICHT, The Hague, Holland",,private,"The Hague, Netherlands",yes,,
375,SWORD SCABBARD FITTING,item,Jade,Utilitarian Objects,gemstones; jade,,,L. 10 cm,1 Shang-Yin or and  Zhou Dynasty,Warring States,,,"OSCAR RAPHAEL, London",,private,"London, U.K.",yes,,
376,STAFF,item,Jade,Utilitarian Objects,gemstones; jade,"pale green jade, with engraved palm-stem design",,L. 12 cm,1 Shang-Yin or and  Zhou Dynasty,Spring and Autumn Annals,,,"MR. AND MRS. EDWARD SONNENSCHEIN, Glencoe, Ill.",,private,"Illinois, U.S.A.",yes,,
377,LIEN (casket),item,Bronze,Containers,metalwork; bronze,"Inlaid with gold, Cover missing",,H. 10.2 cm,2 Warring States Han Dynasty Wei Sculpture,Qin and Han,,,THE CHINESE GOVERNMENT,,government,China,,,
378,BUCKLE,item,Bronze,Costume Acessories,metalwork; bronze,Design reserved on gold ground and inlaid with silver,,L. 22.8 cm,2 Warring States Han Dynasty Wei Sculpture,Qin and Han,,,"MRS. CHRISTIAN R. HOLMES, New York",,private,"New York, U.S.A.",yes,,
379,PAIR OF CHARIOT FITTINGS,item,Bronze,Vehicles,metalwork; bronze,,,W. 10 cm,2 Warring States Han Dynasty Wei Sculpture,Warring States,,,"C. T. LOO, Paris",,private,"Paris, France",,,
380,PAIR OF CHARIOT FITTINGS,item,Bronze,Vehicles,metalwork; bronze,,,L. 12.4 cm,2 Warring States Han Dynasty Wei Sculpture,Warring States,,,"C. T. LOO, Paris",,private,"Paris, France",,,
381,PAIR OF CHARIOT FITTINGS,item,Bronze,Vehicles,metalwork; bronze,,,W. 10 cm,2 Warring States Han Dynasty Wei Sculpture,Warring States,,,"C. T. LOO, Paris",,private,"Paris, France",,,
382,PAIR OF FINIALS,item,Bronze,Ornament,metalwork; bronze,"in the form of birds' heads, probably for a chair or chariot, Inlaid with silver。",,L. 19 cm,2 Warring States Han Dynasty Wei Sculpture,Qin and Han,,,"From the LUCY MAUD BUCKINGHAM COLLECTION, Chicago",,private,"Illinois, U.S.A.",yes,,
383,SNAKE HEAD,item,Bronze,Sculptures,metalwork; bronze,Inlaid with gold and silver,,L. 6.2 cm,2 Warring States Han Dynasty Wei Sculpture,Warring States,,,H.R.H. THE CROWN PRINCE OF SWEDEN,,private,"Stockholm, Sweden",yes,,
384,HU (wine vessel),item,Bronze,Containers,metalwork; bronze,Inlaid with gold and silver,,H. 23.5 cm,2 Warring States Han Dynasty Wei Sculpture,Warring States,,,"C. T. LOO, Paris",,private,"Paris, France",yes,,
385,RING,item,Bronze,Ornament,metalwork; bronze,with inlaid gold and silver design,,Di. 16.7 cm,2 Warring States Han Dynasty Wei Sculpture,Qin and Han,,,"THE HON. AND MRS. ROBERT WOODS BLISS, Washington, D.C.",,private,"Washington, D.C., U.S.A.",yes,,
386,STAFF-END,item,Bronze,Tools,metalwork; bronze,inlaid with gold and silver,,L. 9 cm,2 Warring States Han Dynasty Wei Sculpture,Warring States,,,"A. STOCLET, Brussels",,private,"Brussels, Belgium",yes,,
387,STAFF-END,item,Bronze,Tools,metalwork; bronze,"in form of dragon's head, inlaid with gold and silver",,H. 13.4 cm,2 Warring States Han Dynasty Wei Sculpture,Warring States,,,"THE CLEVELAND MUSEUM OF ART, Cleveland, Ohio",,museum,"Ohio, U.S.A.",yes,,
388,BUCKLE,item,Bronze,Costume Acessories,metalwork; bronze,"with jade centre, Inlaid with gold and silver",,W. 8.3 cm,2 Warring States Han Dynasty Wei Sculpture,Qin and Han,,,"From the LUCY MAUD BUCKINGHAM COLLECTION, Chicago",,private,"Illinois, U.S.A.",yes,,
389,SWORD,item,Bronze,Weapons,metalwork; bronze,"With gold inlaid inscription along the blade, turquoise and gold on the guard, and a jade disk pommel。",Inscribed,L. 53 cm,2 Warring States Han Dynasty Wei Sculpture,Warring States,,,"MUSÉE DU LOUVRE, Paris",,museum,"Paris, France",yes,,
390,FRAME FOR A LOOM,item,Bronze,Tools,metalwork; bronze,Inlaid with gold,,"H. 19 cm, W. 44.2 cm",2 Warring States Han Dynasty Wei Sculpture,Warring States,,,"C. T. LOO, Paris",,private,"Paris, France",yes,,
391,TING (caldron) and cover,item,Bronze,Containers,metalwork; bronze,Inlaid with silver,,H. 15.3 cm,2 Warring States Han Dynasty Wei Sculpture,Warring States,,,"C. T. LOO, Paris",,private,"Paris, France",yes,,
392,APPLIQUÉ,item,Bronze,Ornament,metalwork; bronze,Inlaid with geometric carved design and crouching tiger,,L. 18.6 cm,2 Warring States Han Dynasty Wei Sculpture,Warring States,,,"M. CALMANN, Paris",,private,"Paris, France",yes,,
393,FLAT HU (wine vessel),item,Bronze,Containers,metalwork; bronze,,,H. 32.5 cm,2 Warring States Han Dynasty Wei Sculpture,Qin and Han,,,"MALMÖ MUSEUM, Malmö, Sweden",,museum,"Malmö, Sweden",yes,,
394,PO SHAN LU (censer) and cover,item,Bronze,Furnishings,metalwork; bronze,,,H. 24.4 cm,2 Warring States Han Dynasty Wei Sculpture,Qin and Han,,,"MRS. CHRISTIAN R. HOLMES, New York",,private,"New York, U.S.A.",yes,,
395,LU (brazier),item,Bronze,Containers,metalwork; bronze,,,H. 21.9 cm,2 Warring States Han Dynasty Wei Sculpture,Qin and Han,,,"MRS. CHRISTIAN R. HOLMES, New York",,private,"New York, U.S.A.",yes,,
396,DAGGER AND SHEATH,item,Bronze,Weapons,metalwork; bronze,,,L. 30 cm,2 Warring States Han Dynasty Wei Sculpture,Qin and Han,,,THE BRITISH MUSEUM (Eumorfopoulos Collection),,museum,"London, U.K.",,,
397,TUBE,item,Bronze,Tools,metalwork; bronze,"Inlaid with gold and silver, Japanese National Treasure B",,L. 27.9 cm,2 Warring States Han Dynasty Wei Sculpture,Qin and Han,,,"MARQUIS GORYU HOSOKAWA, Tokyo",,private,"Tokyo, Japan",yes,,
398,STAND,item,Bronze,Furnishings,metalwork; bronze,Inlaid with gold and silver,,"H. 6 cm, L. 12.3 cm, W. 10.6 cm",2 Warring States Han Dynasty Wei Sculpture,Qin and Han,,,"THE NATIONAL MUSEUM, Stockholm",,museum,"Stockholm, Sweden",yes,,
399,MIRROR,item,Bronze,Furnishings,metalwork; bronze,,,Di. 7 cm,2 Warring States Han Dynasty Wei Sculpture,Warring States,,,"A. HELLSTRÖM, Mölndal, Sweden",,private,"Malmö, Sweden",,,
400,PO SHAN LU (censer),item,Bronze,Furnishings,metalwork; bronze,Inlaid with gold,,H. 19 cm,2 Warring States Han Dynasty Wei Sculpture,Qin and Han,,,"THE GERMAN STATE MUSEUMS, Berlin",,museum,"Berlin, Germany",yes,,
401,MIRROR,item,Bronze,Furnishings,metalwork; bronze,,,Di. 10.4 cm,2 Warring States Han Dynasty Wei Sculpture,Warring States,,,"THE GERMAN STATE MUSEUMS, Berlin",,museum,"Berlin, Germany",,,
402,LIEN (casket) and cover,item,Bronze,Containers,metalwork; bronze,Painted inside and on base,,H. 16.5 cm,2 Warring States Han Dynasty Wei Sculpture,Qin and Han,,,THE BRITISH MUSEUM (Eumorfopoulos Collection),,museum,"London, U.K.",yes,,
403,BUTT-END,item,Bronze,Weapons,metalwork; bronze,Inlaid with arabesques and characters in gold and silver,,H. 3.3 in,2 Warring States Han Dynasty Wei Sculpture,Qin and Han,"Given to Chang Yü, in the State of An Ch'ang, by the Han Government",,H.R.H. THE CROWN PRINCE OF SWEDEN,,private,"Stockholm, Sweden",yes,,
404,MIRROR,item,Bronze,Furnishings,metalwork; bronze,with four tigers in relief,,Di. 6 cm,2 Warring States Han Dynasty Wei Sculpture,Warring States,,,H.R.H. THE CROWN PRINCE OF SWEDEN,,private,"Stockholm, Sweden",,,
405,STANDING FIGURE,item,Metals,,metalwork; silver,Japanese National Treasure B,,H. 8.8 cm,2 Warring States Han Dynasty Wei Sculpture,Qin and Han,,,"MARQUIS GORYU HOSOKAWA, Tokyo",,private,"Tokyo, Japan",yes,,
406,HU (wine vessel) and cover,item,Bronze,Containers,metalwork; bronze,"Inlaid with silver, gold plated and glass inset",,H. 34 cm,2 Warring States Han Dynasty Wei Sculpture,Warring States,,,"A. STOCLET, Brussels",,private,"Brussels, Belgium",yes,,
407,"SMALL VESSEL AND COVER, ribbed",item,Bronze,Containers,metalwork; bronze,,,H. 8 cm,2 Warring States Han Dynasty Wei Sculpture,Warring States,,,"ÖSTASIATISKA SAMLINGARNA, Stockholm",,museum,"Stockholm, Sweden",yes,,
408,BUTT-END OF A SPEAR,item,Bronze,Weapons,metalwork; bronze,with silver inlays,,L. 12.2 cm,2 Warring States Han Dynasty Wei Sculpture,Warring States,,,"M. CALMANN, Paris",,private,"Paris, France",yes,,
409,TUBE,item,Bronze,Tools,metalwork; bronze,"Inlaid with gold and silver, Hunting scene",,L. 25.5 cm,2 Warring States Han Dynasty Wei Sculpture,Qin and Han,,,"TOKYO FINE ARTS SCHOOL, Tokyo",,private,"Tokyo, Japan",yes,,
410,CUP,item,Metals,,metalwork; silver,Japanese National Treasure B,,W. 10.1 cm,2 Warring States Han Dynasty Wei Sculpture,Qin and Han,,,"MARQUIS GORYU HOSOKAWA, Tokyo",,private,"Tokyo, Japan",yes,,
411,CROSSBOW LOCK,item,Bronze,Weapons,metalwork; bronze,,,16.4 by 13.8 cm,2 Warring States Han Dynasty Wei Sculpture,Qin and Han,"Found at Lo-lang, N. Korea",,"THE IMPERIAL HOUSEHOLD MUSEUM, Tokyo",,museum,"Tokyo, Japan",,,
412,HU (wine vessel),item,Bronze,Containers,metalwork; bronze,gold and silver plated,,H. 45 cm,2 Warring States Han Dynasty Wei Sculpture,Qin and Han,,,"From the LUCY MAUD BUCKINGHAM COLLECTION, Chicago",,private,"Illinois, U.S.A.",yes,,
413,CORNER-PIECE,item,Bronze,Tools,metalwork; bronze,Inlaid with silver,,H. 11 cm,2 Warring States Han Dynasty Wei Sculpture,Warring States,,,"A. STOCLET, Brussels",,private,"Brussels, Belgium",yes,,
414,TUBE,item,Bronze,Tools,metalwork; bronze,with silver inlay,,H. 10.5 cm,2 Warring States Han Dynasty Wei Sculpture,Qin and Han,,,"MALMÖ MUSEUM, Malmö, Sweden",,museum,"Stockholm, Sweden",,,
415,TUI (food vessel),item,Bronze,Containers,metalwork; bronze,Inlaid with silver and malachite,,H. 27 cm,2 Warring States Han Dynasty Wei Sculpture,Warring States,,,"A. STOCLET, Brussels",,private,"Brussels, Belgium",yes,,
416,DAGGER、,item,Bronze,Weapons,metalwork; bronze,with openwork handle,,L. 24.7 cm,2 Warring States Han Dynasty Wei Sculpture,Warring States,,,"D. DAVID-WEILL, Paris",,private,"Paris, France",,,
417,CUP,item,Metals,,metalwork; silver,Japanese National Treasure B,,W. 14.9 cm,2 Warring States Han Dynasty Wei Sculpture,Qin and Han,,,"MARQUIS GORYU HOSOKAWA, Tokyo",,private,"Tokyo, Japan",yes,,
418,CUP,item,Metals,,metalwork; silver,Japanese National Treasure B,,W. 10.9 cm,2 Warring States Han Dynasty Wei Sculpture,Qin and Han,,,"MARQUIS GORYU HOSOKAWA, Tokyo",,private,"Tokyo, Japan",yes,,
419,TÊNG (lamp),item,Bronze,Furnishings,metalwork; bronze,,,H. 24.4 cm,2 Warring States Han Dynasty Wei Sculpture,Qin and Han,,,"THE GERMAN STATE MUSEUMS, Berlin",,museum,"Berlin, Germany",yes,,
420,TUBE,item,Bronze,Tools,metalwork; bronze,inlaid with silver,,L. 24.5 cm,2 Warring States Han Dynasty Wei Sculpture,Qin and Han,,,THE BRITISH MUSEUM (Eumorfopoulos Collection),,museum,"London, U.K.",yes,,
421,PAIR OF ORNAMENTAL SLEEVE WEIGHTS,set,Bronze,Costume Acessories,metalwork; bronze,,,Di. 6.8 cm,2 Warring States Han Dynasty Wei Sculpture,Qin and Han,,,THE GOVERNMENT OF CHOSEN (KOREA),,government,Korea,yes,,
422,MIRROR,item,Bronze,Furnishings,metalwork; bronze,with curved bow forms and diaper ground,,Di. 20.4 cm,2 Warring States Han Dynasty Wei Sculpture,Warring States,,,"DR. LAGRELIUS, Stockholm",,private,"Stockholm, Sweden",,,
423,HALBERD (ko),item,Bronze,Weapons,metalwork; bronze,with gold inlay,,W. 30.2 cm,2 Warring States Han Dynasty Wei Sculpture,Warring States,,,"OSCAR RAPHAEL, London",,private,"London, U.K.",yes,,
424,MIRROR,item,Bronze,Furnishings,metalwork; bronze,,,Di. 11.6 cm,2 Warring States Han Dynasty Wei Sculpture,Warring States,,,"A. STOCLET, Brussels",,private,"Brussels, Belgium",yes,,
425,MIRROR,item,Bronze,Furnishings,metalwork; bronze,with T-patterns,,Di. 12.5 cm,2 Warring States Han Dynasty Wei Sculpture,Warring States,,,"DR. LAGRELIUS, Stockholm",,private,"Stockholm, Sweden",yes,,
426,PO SHAN LU (censer),item,Bronze,Furnishings,metalwork; bronze,,,H. 20 cm,2 Warring States Han Dynasty Wei Sculpture,Qin and Han,,,THE GOVERNMENT OF CHOSEN (KOREA),,government,Korea,yes,,
427,HU (wine vessel) and cover with suspension chain,item,Bronze,Containers,metalwork; bronze,Plated with gold and silver,Inscribed,H. 36 cm,2 Warring States Han Dynasty Wei Sculpture,Qin and Han,,,"C. T. LOO, Paris",,private,"Paris, France",yes,,
428,LEOPARD,item,Bronze,Sculptures,metalwork; bronze,,,H. 12.2 cm,2 Warring States Han Dynasty Wei Sculpture,Qin and Han,,,"A. STOCLET, Brussels",,private,"Brussels, Belgium",yes,,
429,LAMP,item,Bronze,Furnishings,metalwork; bronze,,,H. 22.5 cm,2 Warring States Han Dynasty Wei Sculpture,Qin and Han,,,"C. T. LOO, Paris",,private,"Paris, France",,,
430,HALBERD (ko),item,Bronze,Weapons,metalwork; bronze,with bird decoration,,L. 19 cm,2 Warring States Han Dynasty Wei Sculpture,Warring States,,,H.R.H. THE CROWN PRINCE OF SWEDEN,,private,"Stockholm, Sweden",yes,,
431,BUCKLE,item,Bronze,Others,metalwork; bronze,with male figure,,L. 5.2 cm,2 Warring States Han Dynasty Wei Sculpture,Qin and Han,,,"MUSÉE DU LOUVRE, Paris",,museum,"Paris, France",,,
432,HU (wine vessel) and cover,item,Bronze,Containers,metalwork; bronze,Inlaid with copper,Inscribed,H. 38 cm,2 Warring States Han Dynasty Wei Sculpture,Warring States,,,"THE GERMAN STATE MUSEUMS, Berlin",,museum,"Berlin, Germany",,,
433,LARGE DISK,item,Bronze,Containers,metalwork; bronze,,,Di. 28.5 cm,2 Warring States Han Dynasty Wei Sculpture,Qin and Han,,,"D. DAVID-WEILL, Paris",,private,"Paris, France",yes,,
434,VASE,item,Ceramics,pottery,ceramics; pottery,"with bands of incised ornament in a polished ground, black pottery",,H. 40.5 cm,2 Warring States Han Dynasty Wei Sculpture,Qin and Han,,,THE BRITISH MUSEUM (Eumorfopoulos Collection),,museum,"London, U.K.",yes,,
435,"LIEN (casket) and cover, with chain handle",item,Bronze,Containers,metalwork; bronze,,,H. 20 cm,2 Warring States Han Dynasty Wei Sculpture,Qin and Han,"Found at Lo-lang, N. Korea",,THE GOVERNMENT OF CHOSEN (KOREA),,government,Korea,yes,,
436,RECTANGULAR PILLOW,item,Stones and Minerals,Utilitarian Objects,stones; steatite,,,"H. 11.8 cm, W. 13.6 cm",2 Warring States Han Dynasty Wei Sculpture,Six Dynasties,,,THE KYOTO IMPERIAL UNIVERSITY,,private,"Tokyo, Japan",yes,,
437,STAFF FINIAL,item,Bronze,Tools,metalwork; bronze,in bird-head form,,H. 14 cm,2 Warring States Han Dynasty Wei Sculpture,Qin and Han,,,H.R.H. THE CROWN PRINCE OF SWEDEN,,private,"Stockholm, Sweden",yes,,
438,JAR (cha tou),item,Bronze,Containers,metalwork; bronze,,,H. 10.5 cm,2 Warring States Han Dynasty Wei Sculpture,Qin and Han,"Found at Lo-lang, N. Korea",,THE GOVERNMENT OF CHOSEN (KOREA),,government,Korea,yes,,
439,TOP OF A COMB,item,Bronze,Tools,metalwork; bronze,,,H. 8.5 cm,2 Warring States Han Dynasty Wei Sculpture,Qin and Han,,,"A. HELLSTRÖM, Mölndal, Sweden",,private,"Malmö, Sweden",yes,,
440,MIRROR,item,Bronze,Furnishings,metalwork; bronze,,,Di. 19 cm,2 Warring States Han Dynasty Wei Sculpture,Qin and Han,,,"A. HELLSTRÖM, Mölndal, Sweden",,private,"Malmö, Sweden",yes,,
441,MIRROR,item,Bronze,Furnishings,metalwork; bronze,,,Di. 18 cm,2 Warring States Han Dynasty Wei Sculpture,Qin and Han,,,"M. CALMANN, Paris",,private,"Paris, France",yes,,
442,DEATH MASK,item,Bronze,Ornament,metalwork; bronze,,,H. 22 cm,2 Warring States Han Dynasty Wei Sculpture,Qin and Han,,,THE KYOTO IMPERIAL UNIVERSITY,,private,"Tokyo, Japan",yes,,
443,LIEN (casket) and cover,item,Bronze,Containers,metalwork; bronze,"Painted inside and on base,",,H. 21 cm,2 Warring States Han Dynasty Wei Sculpture,Qin and Han,,,"THE GERMAN STATE MUSEUMS, Berlin",,museum,"Berlin, Germany",yes,,
444,DRAGON BIRD,item,Bronze,Sculptures,metalwork; bronze,,,H. 6.5 cm,2 Warring States Han Dynasty Wei Sculpture,Six Dynasties,,,"M. CALMANN, Paris",,private,"Paris, France",,,
445,MIRROR,item,Bronze,Furnishings,metalwork; bronze,,,Di. 22 cm,2 Warring States Han Dynasty Wei Sculpture,Warring States,,,"M. CALMANN, Paris",,private,"Paris, France",yes,,
446,TING (caldron),item,Bronze,Containers,metalwork; bronze,Cover missing,,H. 22.8 cm,2 Warring States Han Dynasty Wei Sculpture,Qin and Han,"Found at Lo-lang, N. Korea",,THE GOVERNMENT OF CHOSEN (KOREA),,government,Korea,yes,,
447&458,PANEL,set,Ceramics,pottery,ceramics; clay,"incised with horse and tree, Pair with No. 458, grey clay",,40.7 by 44.4 cm,2 Warring States Han Dynasty Wei Sculpture,Qin and Han,,,"MR. AND MRS. WALTER SEDGWICK, London",,private,"London, U.K.",yes,,
448,VASE,item,Ceramics,pottery,ceramics; pottery,green glazed pottery,,H. 44.4 cm,2 Warring States Han Dynasty Wei Sculpture,Qin and Han,,,"OSCAR RAPHAEL, London",,private,"London, U.K.",yes,,
449,MIRROR,item,Bronze,Furnishings,metalwork; bronze,with interlaced designs,,Di. 17.9 cm,2 Warring States Han Dynasty Wei Sculpture,Warring States,,,"RAYMOND A. BIDWELL, Springfield, Mass",,private,"Massachusetts, U.S.A.",yes,,
450,GOBLET,item,Ceramics,pottery,ceramics; earthenware,earthenware with green glaze,,H. 14.3 cm,2 Warring States Han Dynasty Wei Sculpture,Qin and Han,,,H.R.H. THE CROWN PRINCE OF SWEDEN,,private,"Stockholm, Sweden",yes,,
451,COVERED BOWL,item,Ceramics,pottery,ceramics; pottery,"with reliefs in the cover, red pottery with green glaze",,H. 16.5 cm,2 Warring States Han Dynasty Wei Sculpture,Qin and Han,,,THE BRITISH MUSEUM (Eumorfopoulos Collection),,museum,"London, U.K.",yes,,
452,MIRROR,item,Bronze,Furnishings,metalwork; bronze,,Inscribed,Di. 18.5 cm,2 Warring States Han Dynasty Wei Sculpture,Warring States,,,"MUSÉE GUIMET, Paris",,private,"Paris, France",yes,,
453,CANDLESTICK,item,Ceramics,pottery,ceramics; pottery,"with stem in form of a bear, red pottery with green glaze",,H. 40.1 cm,2 Warring States Han Dynasty Wei Sculpture,Qin and Han,,,THE BRITISH MUSEUM (Eumorfopoulos Collection),,museum,"London, U.K.",yes,,
454,JAR AND COVER,item,Ceramics,pottery,ceramics; pottery,"of bronze form, with mask handles and bands of interlacing ornament in relief in late Chou style, red pottery, Green glaze",,H. 19.7 cm,2 Warring States Han Dynasty Wei Sculpture,Qin and Han,,,"THE WILLIAM ROCKHILL NELSON GALLERY OF ART, Kansas City",,museum,"Kansas, U.S.A.",yes,,
455,MIRROR,item,Bronze,Furnishings,metalwork; bronze,with square framed inscription,Inscribed,Di. 18.3 cm,2 Warring States Han Dynasty Wei Sculpture,Qin and Han,,,"RAYMOND A. BIDWELL, Springfield, Mass",,private,"Massachusetts, U.S.A.",yes,,
456,MIRROR,item,Bronze,Furnishings,metalwork; bronze,,,Di. 18.5 cm,2 Warring States Han Dynasty Wei Sculpture,Warring States,,,"A. STOCLET, Brussels",,private,"Brussels, Belgium",yes,,
457,LIEN (casket) and cover,item,Bronze,Containers,metalwork; bronze,,,H. 21.5 cm,2 Warring States Han Dynasty Wei Sculpture,Qin and Han,"Found at Lo-lang, N. Korea",,THE GOVERNMENT OF CHOSEN (KOREA),,government,Korea,yes,,
447&458,PANEL,,Ceramics,pottery,ceramics; clay,"incised with horse and tree, Pair with No. 447, grey clay",,40.7 by 44.4 cm,2 Warring States Han Dynasty Wei Sculpture,Qin and Han,,,"MR. AND MRS. WALTER SEDGWICK, London",,private,"London, U.K.",yes,,
459,GRANARY JAR,item,Ceramics,pottery,ceramics; pottery,"of cylindrical form with bear feet, green glaze",,H. 37 cm,2 Warring States Han Dynasty Wei Sculpture,Qin and Han,,,"S. D. WINKWORTH, Walton-on-the-Hill, Surrey",,private,"Surrey, U.K.",yes,,
460,BOWING FIGURE,item,Ceramics,pottery,ceramics; pottery,pottery with green glaze,,H. 12.5 cm,2 Warring States Han Dynasty Wei Sculpture,Qin and Han,,,THE BRITISH MUSEUM (Eumorfopoulos Collection),,museum,"London, U.K.",yes,,
461,BOWING FIGURE,item,Ceramics,pottery,ceramics; pottery,pottery with green glaze,,H. 10.1 cm,2 Warring States Han Dynasty Wei Sculpture,Qin and Han,,,THE BRITISH MUSEUM (Eumorfopoulos Collection),,museum,"London, U.K.",yes,,
462,VASE,item,Ceramics,pottery,ceramics; pottery,"with band of reliefs under a streaky green glaze, red pottery",,H. 27.5 cm,2 Warring States Han Dynasty Wei Sculpture,Qin and Han,,,THE BRITISH MUSEUM (Eumorfopoulos Collection),,museum,"London, U.K.",yes,,
463,COCK,item,Ceramics,pottery,ceramics; pottery,dark-grey pottery with pigment,,H. 22.5 cm,2 Warring States Han Dynasty Wei Sculpture,Qin and Han,,,THE BRITISH MUSEUM (Eumorfopoulos Collection),,museum,"London, U.K.",yes,,
464,MIRROR,item,Bronze,Furnishings,metalwork; bronze,with elongated dragons on diaper ground,,Di. 14 cm,2 Warring States Han Dynasty Wei Sculpture,Warring States,,,"ÖSTASIATISKA SAMLINGARNA, Stockholm",,museum,"Stockholm, Sweden",yes,,
465,MIRROR,item,Bronze,Furnishings,metalwork; bronze,,Inscribed,Di. 13.2 cm,2 Warring States Han Dynasty Wei Sculpture,Qin and Han,,,"M. CALMANN, Paris",,private,"Paris, France",yes,,
466,BOWL,item,Lacquer,Containers,plant derived materials; lacquer,with painted geometrical design,,Di. 25.4 cm,2 Warring States Han Dynasty Wei Sculpture,Qin and Han,,,"C. T. LOO, Paris",,private,"Paris, France",,,
468,LADLE,item,Lacquer,Containers,plant derived materials; lacquer,,,H. 12 cm,2 Warring States Han Dynasty Wei Sculpture,Qin and Han,,,"OSCAR RAPHAEL, London",,private,"London, U.K.",,,
470,FIGURE OF STANDING WOMAN,item,Organic Materials,,plant derived materials; wood,with traces of lacquer,,H. 45 cm,2 Warring States Han Dynasty Wei Sculpture,Qin and Han,,,"M. CALMANN, Paris",,private,"Paris, France",yes,,
471,MIRROR,item,Bronze,Furnishings,metalwork; bronze,,,Di. 21.5 cm,2 Warring States Han Dynasty Wei Sculpture,Qin and Han,,,"D. DAVID-WEILL, Paris",,private,"Paris, France",yes,,
472,SQUARE MIRROR,item,Bronze,Furnishings,metalwork; bronze,inlaid with malachite,,W. 9.8 cm,2 Warring States Han Dynasty Wei Sculpture,Qin and Han,,,"A. STOCLET, Brussels",,private,"Brussels, Belgium",yes,,
473,MIRROR,item,Bronze,Furnishings,metalwork; bronze,,,Di. 15.2 cm,2 Warring States Han Dynasty Wei Sculpture,Warring States,,,"MR. AND MRS. WALTER SEDGWICK, London",,private,"London, U.K.",yes,,
474,"RELIEF, flying apsara",item,Stones and Minerals,Sculpture,minerals; others; stucco,,,H. 84.4 cm,2 Warring States Han Dynasty Wei Sculpture,Song,,,THE VICTORIA AND ALBERT MUSEUM (Eumorfopoulos Collection),,museum,"London, U.K.",yes,,
475,CARVED SLAB,item,Stones and Minerals,Sculpture,stones; marble,,,88 by 119 cm,2 Warring States Han Dynasty Wei Sculpture,Qin and Han,,,"BARON VON DER HEYDT, Berlin",,private,"Berlin, Germany",yes,,
476,"BUDDHIST FIGURE, Śākyamuni",item,Stones and Minerals,Sculpture,stones; stone,,,H. 120 cm,2 Warring States Han Dynasty Wei Sculpture,Six Dynasties,,,"G. EUMORFOPOULOS, London",,private,"London, U.K.",yes,,
477,CARPET,item,Textile,Furnishings,textiles; wool,,,731.8 by 548.9 cm,2 Warring States Han Dynasty Wei Sculpture,Ming,,,"TEXTILE MUSEUM OF THE DISTRICT OF COLUMBIA, Washington, D.C.",,museum,"Washington, D.C., U.S.A.",yes,,
478,SEATED BUDDHA,item,Stones and Minerals,Sculpture,stones; marble,,,H. 71 cm,2 Warring States Han Dynasty Wei Sculpture,Six Dynasties,,,"OSCAR RAPHAEL, London",,private,"London, U.K.",yes,,
479,SEATED BODHISATTVA,item,Stones and Minerals,Sculpture,stones; stone,From Yün-kang,,H. 131 cm,2 Warring States Han Dynasty Wei Sculpture,Six Dynasties,,,"ROBERT LEHMAN, New York",,private,"New York, U.S.A.",yes,,
480,BUFFALO,item,Jade,Ornamental Objects,gemstones; jade,Brought to Peking by the Emperor Yung-lo in A.D. 1422,,"H. 15 cm, L. 40 cm",2 Warring States Han Dynasty Wei Sculpture,Qin and Han,,,"OSCAR RAPHAEL, London",,private,"London, U.K.",yes,,
481,BODHISATTVA,item,Stones and Minerals,Sculpture,stones; stone,From the second cave of Lung-mên,,H. 40 cm,2 Warring States Han Dynasty Wei Sculpture,Six Dynasties,,,"M. CALMANN, Paris",,private,"Paris, France",yes,,
482,STANDING BODHISATTVA,item,Stones and Minerals,Sculpture,stones; stone,,,H. 109.2 cm,2 Warring States Han Dynasty Wei Sculpture,Sui and Tang,,,THE VICTORIA AND ALBERT MUSEUM (Eumorfopoulos Collection),,museum,"London, U.K.",yes,,
483,RELIEF,item,Stones and Minerals,Sculpture,minerals; others; stucco,Kuan-yin,,H. 137.2 cm,2 Warring States Han Dynasty Wei Sculpture,Song,,,THE VICTORIA AND ALBERT MUSEUM (Eumorfopoulos Collection),,museum,"London, U.K.",yes,,
484,COLUMN,item,Ceramics,pottery,ceramics; pottery,"with stamped design of hunting scenes, figures and dragons in relief",,H. 124.3 cm,2 Warring States Han Dynasty Wei Sculpture,Qin and Han,,,"MUSÉE DU LOUVRE, Paris",,museum,"Paris, France",yes,,
485,SLAB,item,Ceramics,pottery,ceramics; clay,with incised figures and designs,,93 by 35 cm,2 Warring States Han Dynasty Wei Sculpture,Qin and Han,,,"MUSÉE CERNUSCHI, Paris",,museum,"Paris, France",yes,,
486,VASE,item,Ceramics,pottery,ceramics; pottery,"with design of stags in relief, reddish",,H. 23 cm,2 Warring States Han Dynasty Wei Sculpture,Qin and Han,,,"MUSÉE DU LOUVRE, Paris",,museum,"Paris, France",yes,,
487,MIRROR,item,Bronze,Furnishings,metalwork; bronze,with seven mythical animals,,Di. 18.4 cm,2 Warring States Han Dynasty Wei Sculpture,Qin and Han,,,"DR. LAGRELIUS, Stockholm",,private,"Stockholm, Sweden",,,
488,MIRROR,item,Bronze,Furnishings,metalwork; bronze,,Inscribed,Di. 10 cm,2 Warring States Han Dynasty Wei Sculpture,Six Dynasties,,,"THE NATIONAL MUSEUM, Stockholm",,museum,"Stockholm, Sweden",yes,,
489,DRAGON,item,Bronze,Sculptures,metalwork; bronze,,,L. 65 cm,2 Warring States Han Dynasty Wei Sculpture,Warring States,,,"A. STOCLET, Brussels",,private,"Brussels, Belgium",yes,,
490,MIRROR,item,Bronze,Furnishings,metalwork; bronze,,,Di. 13.9 cm,2 Warring States Han Dynasty Wei Sculpture,Qin and Han,,,"D. DAVID-WEILL, Paris",,private,"Paris, France",yes,,
491,MIRROR,item,Bronze,Furnishings,metalwork; bronze,,Inscribed,Di. 10.2 cm,2 Warring States Han Dynasty Wei Sculpture,Qin and Han,,,"OSCAR RAPHAEL, London",,private,"London, U.K.",yes,,
492,MIRROR,item,Bronze,Furnishings,metalwork; bronze,with seven fabulous animals,Inscribed,Di. 16.4 cm,2 Warring States Han Dynasty Wei Sculpture,Qin and Han,,,"OSCAR RAPHAEL, London",,private,"London, U.K.",yes,,
493,MALE FIGURE,item,Ceramics,pottery,ceramics; pottery,From the Collection of Charles L. Rutherston,,,2 Warring States Han Dynasty Wei Sculpture,Six Dynasties,,,"MRS. C. L. AND MISS RUTHERSTON, Farnham and London",,private,"London, U.K.",yes,,
494&508,BIRD,set,Stones and Minerals,Sculpture,stones; stone,"From T'ien-lung Shan, Pair with No. 508",,H. 37 cm,2 Warring States Han Dynasty Wei Sculpture,Six Dynasties,,,"BARON VON DER HEYDT, Berlin",,private,"Berlin, Germany",,,
495,VASE,item,Ceramics,pottery,ceramics; pottery,with hunting scenes in pigment,,H. 45 cm,2 Warring States Han Dynasty Wei Sculpture,Qin and Han,,,"G. T. VAN DEN BROEK, The Hague",,private,"The Hague, Netherlands",yes,,
496,BOAR,item,Ceramics,pottery,ceramics; pottery,pottery with green glaze,,L. 14.5 cm,2 Warring States Han Dynasty Wei Sculpture,Qin and Han,,,THE BRITISH MUSEUM (Eumorfopoulos Collection),,museum,"London, U.K.",yes,,
497,BEAR,item,Bronze,Sculptures,metalwork; bronze,,,H. 4.8 cm,2 Warring States Han Dynasty Wei Sculpture,Qin and Han,,,"A. HELLSTRÖM, Mölndal, Sweden",,private,"Malmö, Sweden",yes,,
498,MIRROR,item,Bronze,Furnishings,metalwork; bronze,Made for the Wang family,Inscribed,Di. 20.3 cm,2 Warring States Han Dynasty Wei Sculpture,Qin and Han,,,"RAYMOND A. BIDWELL, Springfield, Mass",,private,"Massachusetts, U.S.A.",yes,,
499,MIRROR,item,Bronze,Furnishings,metalwork; bronze,,,Di. 24.2 cm,2 Warring States Han Dynasty Wei Sculpture,Six Dynasties,,,"H. GINSBERG, Berlin",,private,"Berlin, Germany",yes,,
500,DRAGON,item,Bronze,Sculptures,metalwork; bronze,,,H. 17 cm,2 Warring States Han Dynasty Wei Sculpture,Six Dynasties,,,"MRS. GRACE ROGERS, New York",,private,"New York, U.S.A.",yes,,
501,SOW,item,Bronze,Sculptures,metalwork; bronze,,,H. 5 cm,2 Warring States Han Dynasty Wei Sculpture,Qin and Han,,,"THE GERMAN STATE MUSEUMS, Berlin",,museum,"Berlin, Germany",yes,,
502,LACQUER HORSE,item,Lacquer,Sculpture,plant derived materials; lacquer,with gilt-bronze and jade trappings,,H. 40.7 cm,2 Warring States Han Dynasty Wei Sculpture,Six Dynasties,,,"OSCAR RAPHAEL, London",,private,"London, U.K.",yes,,
503,DOG,item,Ceramics,pottery,ceramics; pottery,red pottery with brown glaze,,H. 16.5 cm,2 Warring States Han Dynasty Wei Sculpture,Qin and Han,,,THE BRITISH MUSEUM (Eumorfopoulos Collection),,museum,"London, U.K.",yes,,
504,SLEEVE WEIGHT,item,Bronze,Costume Acessories,metalwork; bronze,In the form of a lion,,Di. 7 cm,2 Warring States Han Dynasty Wei Sculpture,Qin and Han,,,"A. HELLSTRÖM, Mölndal, Sweden",,private,"Malmö, Sweden",yes,,
505,GOAT,item,Ceramics,pottery,ceramics; pottery,pottery with green glaze,,H. 8.5 cm,2 Warring States Han Dynasty Wei Sculpture,Qin and Han,,,THE BRITISH MUSEUM (Eumorfopoulos Collection),,museum,"London, U.K.",yes,,
506,MIRROR,item,Bronze,Furnishings,metalwork; bronze,,,Di. 20.9 cm,2 Warring States Han Dynasty Wei Sculpture,Qin and Han,,,"THE METROPOLITAN MUSEUM OF ART, New York",,museum,"New York, U.S.A.",yes,,
507,JAR,item,Ceramics,stoneware,ceramics; ceramics; stoneware,with impressed wu chu "cash" patterns and greenish-brown glaze,,H. 36.8 cm,2 Warring States Han Dynasty Wei Sculpture,Qin and Han,From the Tuan Fang Collection,,"THE METROPOLITAN MUSEUM OF ART, New York",,museum,"New York, U.S.A.",yes,,
494&508,BIRD,,Stones and Minerals,Sculpture,stones; stone,"From T'ien-lung Shan, Pair with No. 494",,H. 37 cm,2 Warring States Han Dynasty Wei Sculpture,Six Dynasties,,,"BARON VON DER HEYDT, Berlin",,private,"Berlin, Germany",,,
509,BEAR,item,Bronze,Sculptures,metalwork; bronze,,,H. 17.7 cm,2 Warring States Han Dynasty Wei Sculpture,Qin and Han,,,"H. J. OPPENHEIM, London",,private,"London, U.K.",yes,,
510,BEAR,item,Bronze,Sculptures,metalwork; bronze,,,H. 13.6 cm,2 Warring States Han Dynasty Wei Sculpture,Qin and Han,,,"THE CITY ART MUSEUM OF ST. LOUIS, Missouri",,museum,"Missouri, U.S.A.",yes,,
511,BEAR,item,Bronze,Sculptures,metalwork; bronze,,,H. 15.7 cm,2 Warring States Han Dynasty Wei Sculpture,Qin and Han,,,"A. STOCLET, Brussels",,private,"Brussels, Belgium",yes,,
512,VASE,item,Ceramics,pottery,ceramics; pottery,"with bands of ornament in coloured pigment,  black pottery",,H. 16 cm,2 Warring States Han Dynasty Wei Sculpture,Six Dynasties,,,THE BRITISH MUSEUM (Eumorfopoulos Collection),,museum,"London, U.K.",yes,,
513,FROG PAPER WEIGHT,item,Bronze,Tools,metalwork; bronze,,,L. 6.8 cm,2 Warring States Han Dynasty Wei Sculpture,Qin and Han,,,THE BRITISH MUSEUM (Eumorfopoulos Collection),,private,"London, U.K.",yes,,
514,MIRROR,item,Bronze,Furnishings,metalwork; bronze,with phoenixes,,Di. 17.7 cm,2 Warring States Han Dynasty Wei Sculpture,Warring States,,,"DR. LAGRELIUS, Stockholm",,private,"Stockholm, Sweden",,,
515,MIRROR,item,Bronze,Furnishings,metalwork; bronze,,,Di. 13 cm,2 Warring States Han Dynasty Wei Sculpture,Qin and Han,,,H.R.H. THE CROWN PRINCE OF SWEDEN,,private,"Stockholm, Sweden",yes,,
516,DRAGON,item,Bronze,Sculptures,metalwork; bronze,,,L. 6.8 cm,2 Warring States Han Dynasty Wei Sculpture,Six Dynasties,,,THE BRITISH MUSEUM (Eumorfopoulos Collection),,private,"London, U.K.",yes,,
517,TILE,item,Ceramics,pottery,ceramics; earthenware,"with scenes in relief, Red and blue pigment, grey earthenware",,42 by 45 cm,2 Warring States Han Dynasty Wei Sculpture,Six Dynasties,,,H.R.H. THE CROWN PRINCE OF SWEDEN,,private,"Stockholm, Sweden",yes,,
518,ORNAMENT,item,Bronze,Ornament,metalwork; bronze,a mythical horned and winged quadruped,,H. 4.4 cm W. 6.3 cm,2 Warring States Han Dynasty Wei Sculpture,Qin and Han,,,"THE WILLIAM ROCKHILL NELSON GALLERY OF ART, Kansas City",,museum,"Kansas, U.S.A.",yes,,
519,MIRROR,item,Bronze,Furnishings,metalwork; bronze,,Inscribed with maker's name,Di. 21.5 cm,2 Warring States Han Dynasty Wei Sculpture,Qin and Han,,,"OSCAR RAPHAEL, London",,private,"London, U.K.",yes,,
520,LION,item,Bronze,Sculptures,metalwork; bronze,,,H. 7 cm,2 Warring States Han Dynasty Wei Sculpture,Six Dynasties,,,"A. STOCLET, Brussels",,private,"Brussels, Belgium",yes,,
521,MIRROR,item,Bronze,Furnishings,metalwork; bronze,,Inscribed,Di. 13.9 cm,2 Warring States Han Dynasty Wei Sculpture,Six Dynasties,,,"RAYMOND A. BIDWELL, Springfield, Mass",,private,"Massachusetts, U.S.A.",,,
522,FIGURE OF A MAN holding a skull,item,Bronze,Sculptures,metalwork; bronze,,,H. 18 cm,2 Warring States Han Dynasty Wei Sculpture,Six Dynasties,,,"MAJOR-GENERAL SIR NEILL MALCOLM, K.C.B., D.S.O., London",,private,"London, U.K.",yes,,
523,MIRROR,item,Bronze,Furnishings,metalwork; bronze,with animal decoration and unusually large knob,,Di. 13.6 cm,2 Warring States Han Dynasty Wei Sculpture,Qin and Han,,,H.R.H. THE CROWN PRINCE OF SWEDEN,,private,"Stockholm, Sweden",yes,,
524,COVERED VASE,item,Ceramics,pottery,red ceramics; pottery,,,H. 50.8 cm,2 Warring States Han Dynasty Wei Sculpture,Qin and Han,,,"MRS. C. L. AND MISS RUTHERSTON, Farnham and London",From the Collection of Charles L. Rutherston,private,"London, U.K.",yes,,
525,PI (ritual disk),item,Jade,Ceremonial Objects,gemstones; jade,blue-grey jade,,W. 36.8 cm,2 Warring States Han Dynasty Wei Sculpture,Qin and Han,,,"ALFRED H. PILLSBURY, Minneapolis, U.S.A.",,private,"Minnesota, U.S.A.",yes,,
526,"JAR, cylindrical, with cover",item,Ceramics,pottery,red ceramics; pottery,"with reliefs, and brownish glaze",,Di. 20 cm,2 Warring States Han Dynasty Wei Sculpture,Qin and Han,,,THE BRITISH MUSEUM (Eumorfopoulos Collection),,museum,"London, U.K.",yes,,
527,GIRDLE HOOK,item,Bronze,Costume Acessories,metalwork; bronze,with tiger and dragon head,,L. 16.2 cm,2 Warring States Han Dynasty Wei Sculpture,Qin and Han,,,"OSCAR RAPHAEL, London",,private,"London, U.K.",yes,,
528,MYTHICAL HORNED AND WINGED QUADRUPED,item,Bronze,Sculptures,metalwork; bronze,,,H. 7.5 cm,2 Warring States Han Dynasty Wei Sculpture,Six Dynasties,,,"THE WILLIAM ROCKHILL NELSON GALLERY OF ART, Kansas City",,museum,"Kansas, U.S.A.",yes,,
529&556,DRAGON AND RIDER,set,Ceramics,pottery,ceramics; pottery,"carved in openwork, Pair with No. 556",,55 by 58 cm,2 Warring States Han Dynasty Wei Sculpture,Qin and Han,,,"POTTER PALMER, Chicago",,private,"Illinois, U.S.A.",yes,,
530,HORSE'S HEAD,item,Jade,Ornamental Objects,gemstones; jade,,,H. 10.3 cm,2 Warring States Han Dynasty Wei Sculpture,Six Dynasties,,,"OSCAR RAPHAEL, London",,private,"London, U.K.",yes,,
531,GIRDLE HOOK,item,Bronze,Costume Acessories,metalwork; bronze,the design picked out with silver,,L. 14.4 cm,2 Warring States Han Dynasty Wei Sculpture,Qin and Han,,,"MUSÉE DU LOUVRE, Paris",,museum,"Paris, France",,,
532,GIRDLE HOOK,item,Bronze,Costume Acessories,metalwork; bronze,"with monster devouring a fish, silver inlaid",Inscribed,L. 15.8 cm,2 Warring States Han Dynasty Wei Sculpture,Qin and Han,,,"MUSÉE DU LOUVRE, Paris",,museum,"Paris, France",yes,,
533,GIRDLE HOOK,item,Bronze,Costume Acessories,metalwork; bronze,"Inlaid with gold, silver and turquoise",,L. 8.2 cm,2 Warring States Han Dynasty Wei Sculpture,Qin and Han,,,"H. J. OPPENHEIM, London",,private,"London, U.K.",yes,,
534,GIRDLE HOOK,item,Bronze,Costume Acessories,metalwork; bronze,,,L. 7.4 cm,2 Warring States Han Dynasty Wei Sculpture,Six Dynasties,,,"MUSÉE GUIMET, Paris",,private,"Paris, France",,,
535,HOOK,item,Bronze,Tools,metalwork; bronze,with hinged handle,,L. 22.5 cm,2 Warring States Han Dynasty Wei Sculpture,Qin and Han,,,"MRS. CHRISTIAN R. HOLMES, New York",,private,"New York, U.S.A.",yes,,
536,TIGER TALLY,item,Bronze,Tools,metalwork; bronze,,,L. 11.4 cm,2 Warring States Han Dynasty Wei Sculpture,Qin and Han,,,"A. SCHOENLICHT, The Hague, Holland",Tuan Fang Collection,private,"The Hague, Netherlands",yes,,
537,GIRDLE HOOK,item,Bronze,Costume Acessories,metalwork; bronze,,,L. 13.9 cm,2 Warring States Han Dynasty Wei Sculpture,Qin and Han,,,"A. HELLSTRÖM, Mölndal, Sweden",,private,"Malmö, Sweden",yes,,
538,BUCKLE,item,Bronze,Costume Acessories,metalwork; bronze,in the form of a fabulous animal with young,,L. 4.8 cm,2 Warring States Han Dynasty Wei Sculpture,Warring States,,,"C. T. LOO, Paris",,private,"Paris, France",yes,,
539,GIRDLE HOOK,item,Bronze,Costume Acessories,metalwork; bronze,"with dragons in combat, turquoise inlaid",,L. 10.1 cm,2 Warring States Han Dynasty Wei Sculpture,Qin and Han,,,"H. J. OPPENHEIM, London",,private,"London, U.K.",yes,,
540,DRUM,item,Jade,Ornamental Objects,gemstones; jade,,,H. 11.3 cm,2 Warring States Han Dynasty Wei Sculpture,Qin and Han,,,THE BRITISH MUSEUM (Eumorfopoulos Collection),,museum,"London, U.K.",yes,,
541,DRAGON'S HEAD,item,Bronze,Sculptures,metalwork; bronze,,,L. 13 cm,2 Warring States Han Dynasty Wei Sculpture,Qin and Han,,,"A. STOCLET, Brussels",,private,"Brussels, Belgium",yes,,
542,GIRDLE HOOK,item,Bronze,Costume Acessories,metalwork; bronze,with dragon's head end,,L. 11.6 cm,2 Warring States Han Dynasty Wei Sculpture,Qin and Han,,,H.R.H. THE CROWN PRINCE OF SWEDEN,,private,"Stockholm, Sweden",,,
543,FIGURE OF COURTIER,item,Jade,Ornamental Objects,gemstones; jade,,,H. 28.7 cm,2 Warring States Han Dynasty Wei Sculpture,Qin and Han,,,"OSCAR RAPHAEL, London",,private,"London, U.K.",yes,,
544,SLEEVE-WEIGHT,item,Bronze,Costume Acessories,metalwork; bronze,in the form of three dragons,,H. 6 cm,2 Warring States Han Dynasty Wei Sculpture,Qin and Han,,,"THE GERMAN STATE MUSEUMS, Berlin",,museum,"Berlin, Germany",yes,,
545,GROUP OF TWO DRAGONS,set,Bronze,Sculptures,metalwork; bronze,,,L. 10.1 cm,2 Warring States Han Dynasty Wei Sculpture,Six Dynasties,,,"MRS. C. L. AND MISS RUTHERSTON, Farnham and London",From the Collection of Charles L. Rutherston,private,"London, U.K.",yes,,
546,SLEEVE-WEIGHT,item,Bronze,Costume Acessories,metalwork; bronze,,,W. 6.2 cm,2 Warring States Han Dynasty Wei Sculpture,Qin and Han,,,THE BRITISH MUSEUM (Eumorfopoulos Collection),,private,"London, U.K.",,,
547,GIRDLE HOOK,item,Bronze,Costume Acessories,metalwork; bronze,"gilt bronze inlaid with turquoise, Japanese National Treasure B",,L. 3.3 cm,2 Warring States Han Dynasty Wei Sculpture,Six Dynasties,,,"BARON KICHIZAYEMON SUMITOMO, Kyoto",,private,"Tokyo, Japan",yes,,
548,VASE AND COVER,item,Ceramics,pottery,ceramics; pottery,"decorated with bands of scroll-work in coloured pigments,  dark-grey pottery",,H. 48 cm,2 Warring States Han Dynasty Wei Sculpture,Six Dynasties,,,THE BRITISH MUSEUM (Eumorfopoulos Collection),,museum,"London, U.K.",yes,,
549,BRICK,item,Ceramics,pottery,ceramics; pottery,with t'ao-t'ieh (ogre) mask,,"H. 6.8 cm, W. 54 cm",2 Warring States Han Dynasty Wei Sculpture,Qin and Han,,,"M. A. HELLSTRÖM, Mölndal, Sweden",,private,"Malmö, Sweden",yes,,
550,GIRDLE HOOK,item,Bronze,Costume Acessories,metalwork; bronze,gilt bronze inlaid with turquoise,,L. 34.1 cm,2 Warring States Han Dynasty Wei Sculpture,Six Dynasties,,,"ALFRED H. PILLSBURY, Minneapolis, U.S.A.",,private,"Minnesota, U.S.A.",yes,,
551,GIRDLE HOOK,item,Bronze,Costume Acessories,metalwork; bronze,with gold inlays and jade ring attached,,L. 21.8 cm,2 Warring States Han Dynasty Wei Sculpture,Qin and Han,,,"MUSÉE DU LOUVRE, Paris",,museum,"Paris, France",,,
552,COVERED CALDRON (ting),item,Bronze,Containers,metalwork; bronze,"of bronze form with relief,red pottery with green glaze",,H. 18 cm,2 Warring States Han Dynasty Wei Sculpture,Qin and Han,,,THE BRITISH MUSEUM (Eumorfopoulos Collection),,private,"London, U.K.",yes,,
553,HEAD AND SHOULDERS OF A HORSE,item,Jade,Ornamental Objects,gemstones; jade,green jade,,H. 18.9 cm,2 Warring States Han Dynasty Wei Sculpture,Qin and Han,,,THE VICTORIA AND ALBERT MUSEUM (Eumorfopoulos Collection),,museum,"London, U.K.",yes,,
554,PLAQUE,item,Bronze,Ornament,metalwork; bronze,with antelope,,L. 8 cm,2 Warring States Han Dynasty Wei Sculpture,Six Dynasties,,,"H. J. OPPENHEIM, London",,private,"London, U.K.",,,
555,ELEPHANT,item,Bronze,Sculptures,metalwork; bronze,,,H. 11.3 cm,2 Warring States Han Dynasty Wei Sculpture,Qin and Han,,,THE BRITISH MUSEUM (Eumorfopoulos Collection),,private,"London, U.K.",yes,,
529&556,DRAGON AND RIDER,,Ceramics,pottery,ceramics; pottery,"carved in openwork, Pair with No. 529",,55 by 58 cm,2 Warring States Han Dynasty Wei Sculpture,Qin and Han,,,"POTTER PALMER, Chicago",,private,"Illinois, U.S.A.",yes,,
557,GIRDLE HOOK,item,Bronze,Costume Acessories,metalwork; bronze,"gilt bronze, inlaid with glass",,L. 20 cm,2 Warring States Han Dynasty Wei Sculpture,Qin and Han,,,"OSCAR RAPHAEL, London",,private,"London, U.K.",yes,,
558,OPENWORK GIRDLE HOOK,item,Bronze,Costume Acessories,metalwork; bronze,,,"L. 20.3 cm, W. 4.7 cm",2 Warring States Han Dynasty Wei Sculpture,Six Dynasties,,,"OSCAR RAPHAEL, London",,private,"London, U.K.",yes,,
559,PAIR OF FIGURES,set,Jade,Ornamental Objects,gemstones; jade,white jade,,H. 7 cm,2 Warring States Han Dynasty Wei Sculpture,Qin and Han,,,"MR. AND MRS. WALTER SEDGWICK, London",,private,"London, U.K.",yes,,
560,GIRDLE HOOK,item,Bronze,Costume Acessories,metalwork; bronze,,,L. 11 cm,2 Warring States Han Dynasty Wei Sculpture,Qin and Han,,,"MUSÉE DU LOUVRE, Paris",,museum,"Paris, France",,,
561,GIRDLE HOOK,item,Bronze,Costume Acessories,metalwork; bronze,"inlaid with gold, silver and jade",,L. 13.5 cm,2 Warring States Han Dynasty Wei Sculpture,Qin and Han,,,"MUSÉE DU LOUVRE, Paris",,museum,"Paris, France",,,
562,CHARM,item,Bronze,Costume Acessories,metalwork; bronze,,,L. 17.5 cm,2 Warring States Han Dynasty Wei Sculpture,Qin and Han,,,THE BRITISH MUSEUM (Eumorfopoulos Collection),,private,"London, U.K.",yes,,
563,GIRDLE HOOK,item,Bronze,Costume Acessories,metalwork; bronze,,,L. 14.3 cm,2 Warring States Han Dynasty Wei Sculpture,Qin and Han,,,"A. STOCLET, Brussels",,private,"Brussels, Belgium",yes,,
564,BUCKLE,item,Bronze,Costume Acessories,metalwork; bronze,,,W. 6 cm,2 Warring States Han Dynasty Wei Sculpture,Warring States,,,"HEINRICH HARDT, Berlin",,private,"Berlin, Germany",,,
565,PLAQUE,item,Bronze,Ornament,metalwork; bronze,with fighting cocks.,,L. 16 cm,2 Warring States Han Dynasty Wei Sculpture,Qin and Han,,,"MRS. C. L. AND MISS RUTHERSTON, Farnham and London",From the Collection of Charles L. Rutherston,private,"London, U.K.",,,
566,GIRDLE HOOK,item,Bronze,Costume Acessories,metalwork; bronze,"gilt bronze, inlaid with jade",,L. 9.4 cm,2 Warring States Han Dynasty Wei Sculpture,Qin and Han,,,THE BRITISH MUSEUM (Eumorfopoulos Collection),,private,"London, U.K.",,,
567,BUCKLE,item,Bronze,Costume Acessories,metalwork; bronze,,,L. 6.9 cm,2 Warring States Han Dynasty Wei Sculpture,Warring States,,,"MUSÉE DU LOUVRE, Paris",,museum,"Paris, France",,,
568,GIRDLE HOOK,item,Bronze,Costume Acessories,metalwork; bronze,with square ends,,L. 16 cm,2 Warring States Han Dynasty Wei Sculpture,Warring States,,,"ÖSTASIATISKA SAMLINGARNA, Stockholm",,museum,"Stockholm, Sweden",,,
569,GIRDLE HOOK,item,Bronze,Costume Acessories,metalwork; bronze,with openwork decoration,,L. 16 cm,2 Warring States Han Dynasty Wei Sculpture,Sui and Tang,,,"C. T. LOO, Paris",,private,"Paris, France",,,
570,INCENSE BURNER,item,Ceramics,pottery,ceramics; pottery,pottery with green glaze.  From the Collection of Charles L. Rutherston,,H. 25.4 cm,2 Warring States Han Dynasty Wei Sculpture,Qin and Han,,,"MRS. C. L. AND MISS RUTHERSTON, Farnham and London",,private,"London, U.K.",yes,,
571,GIRDLE HOOK,item,Bronze,Costume Acessories,metalwork; bronze,"gilt bronze, with inlays of green jade",,L. 20.3 cm,2 Warring States Han Dynasty Wei Sculpture,Qin and Han,,,"MRS. CHRISTIAN R. HOLMES, New York",,private,"New York, U.S.A.",yes,,
572,TÊNG (lamp),item,Bronze,Furnishings,metalwork; bronze,in form of a ram,,H. 9.5 cm,2 Warring States Han Dynasty Wei Sculpture,Qin and Han,,,"THE WILLIAM ROCKHILL NELSON GALLERY OF ART, Kansas City",,museum,"Kansas, U.S.A.",yes,,
573,HU (wine vessel),item,Bronze,Containers,metalwork; bronze,,Inscribed,H. 45.9 cm,2 Warring States Han Dynasty Wei Sculpture,Qin and Han,,,THE CHINESE GOVERNMENT,,government,China,,,
574,TUI (food vessel),item,Bronze,Containers,metalwork; bronze,Cover missing,,H. 11 cm,2 Warring States Han Dynasty Wei Sculpture,Warring States,,,THE CHINESE GOVERNMENT,,government,China,,,
575,FLAT HU (wine vessel),item,Bronze,Containers,metalwork; bronze,"Dragon on one side of body and an elf riding a tiger on the other, Chain handle",,H. 19.6 cm,2 Warring States Han Dynasty Wei Sculpture,Qin and Han,,,THE CHINESE GOVERNMENT,,government,China,yes,,
576,TÊNG (lamp),item,Bronze,Furnishings,metalwork; bronze,,Inscribed,Di. 23.5 cm,2 Warring States Han Dynasty Wei Sculpture,Qin and Han,,,THE CHINESE GOVERNMENT,,government,China,,,
577,HO (wine vessel),item,Bronze,Containers,metalwork; bronze,Swing handle,,H. 17 cm,2 Warring States Han Dynasty Wei Sculpture,Warring States,,,THE CHINESE GOVERNMENT,,government,China,,,
578,SQUARE HU (wine vessel),item,Bronze,Containers,metalwork; bronze,Hunting and other scenes,,H. 45.3 cm,2 Warring States Han Dynasty Wei Sculpture,Warring States,,,THE CHINESE GOVERNMENT,,government,China,,,
579,YU (basin),item,Bronze,Containers,metalwork; bronze,,Inscribed,Di. 35 cm,2 Warring States Han Dynasty Wei Sculpture,Qin and Han,,,THE CHINESE GOVERNMENT,,government,China,yes,,
580,TUI (food vessel),item,Bronze,Containers,metalwork; bronze,,,H. 61.5 cm,2 Warring States Han Dynasty Wei Sculpture,Warring States,,,THE CHINESE GOVERNMENT,,government,China,yes,,
581,CHIEN (basin),item,Bronze,Containers,metalwork; bronze,,Inscribed,H. 41.5 cm,2 Warring States Han Dynasty Wei Sculpture,Spring and Autumn Annals,Wu State,,"H. G. OEDER, Altmark, Germany",,private,"Altmark, Germany",yes,,
582,PI (ritual disk),item,Jade,Ceremonial Objects,gemstones; jade,with carved design,,Di. 21.9 cm,2 Warring States Han Dynasty Wei Sculpture,Qin and Han,"Found at Lo-lang, N. Korea",,THE GOVERNMENT OF CHOSEN (KOREA),,government,Korea,yes,,
583,BUCKLE,item,Jade,Ornamental Objects,gemstones; jade,,,15.2 by 1.8 cm,2 Warring States Han Dynasty Wei Sculpture,Qin and Han,,,"OSCAR RAPHAEL, London",,private,"London, U.K.",,,
584,HAIR ORNAMENT,item,Jade,Ornamental Objects,gemstones; jade,,,L. 11 cm,2 Warring States Han Dynasty Wei Sculpture,Qin and Han,,,"OSCAR RAPHAEL, London",,private,"London, U.K.",,,
585,KNIFE,item,Jade,Utilitarian Objects,gemstones; jade,,,L. 37.2,2 Warring States Han Dynasty Wei Sculpture,Qin and Han,,,THE BRITISH MUSEUM (Eumorfopoulos Collection),,museum,"London, U.K.",yes,,
586,PLAQUE,item,Jade,Ornamental Objects,gemstones; jade,,,15.1 by 10.8 cm,2 Warring States Han Dynasty Wei Sculpture,Qin and Han,,,THE BRITISH MUSEUM (Eumorfopoulos Collection),,museum,"London, U.K.",yes,,
587,RING,item,Jade,Ornamental Objects,gemstones; jade,with grooves,,Di. 4.8 cm,2 Warring States Han Dynasty Wei Sculpture,Qin and Han,,,"OSCAR RAPHAEL, London",,private,"London, U.K.",,,
588,SHELL OF A TORTOISE,item,Jade,Ornamental Objects,gemstones; jade,,,2.4 by 4.2 cm,2 Warring States Han Dynasty Wei Sculpture,Qin and Han,,,"OSCAR RAPHAEL, London",,private,"London, U.K.",,,
589,BEAD,item,Jade,Ornamental Objects,gemstones; jade,Ram's head;  white jade,,L. 3.8 cm,2 Warring States Han Dynasty Wei Sculpture,Qin and Han,,,"MR. AND MRS. EDWARD SONNENSCHEIN, Glencoe, Ill.",,private,"Illinois, U.S.A.",,,
590,CICADA,item,Jade,Ornamental Objects,gemstones; jade,,,L. 4.3 cm,2 Warring States Han Dynasty Wei Sculpture,Spring and Autumn Annals,,,"CHANG NAI-CHI, Shanghai",,private,"Shanghai, China",yes,,
591,CIRCULAR PENDANT,item,Jade,Ornamental Objects,gemstones; jade,white jade,,Di. 3.8 cm,2 Warring States Han Dynasty Wei Sculpture,Qin and Han,,,"MR. AND MRS. EDWARD SONNENSCHEIN, Glencoe, Ill.",,private,"Illinois, U.S.A.",,,
592,TONGUE CHARM,item,Jade,Ornamental Objects,gemstones; jade,Cicada,,H. 4.7 cm,2 Warring States Han Dynasty Wei Sculpture,Qin and Han,,,"OSCAR RAPHAEL, London",,private,"London, U.K.",,,
593,BEAD,item,Jade,Ornamental Objects,gemstones; jade,in human form,,H. 4.7 cm,2 Warring States Han Dynasty Wei Sculpture,Qin and Han,,,"MRS. MARGOT HOLMES, London",,private,"London, U.K.",,,
594,RAM,item,Jade,Ornamental Objects,,black composition,,L. 4 cm,2 Warring States Han Dynasty Wei Sculpture,Qin and Han,,,THE BRITISH MUSEUM (Eumorfopoulos Collection),,museum,"London, U.K.",yes,,
595,HARE,item,Jade,Ornamental Objects,gemstones; jade,green jade,,H. 3.5 cm,2 Warring States Han Dynasty Wei Sculpture,Qin and Han,,,"H. K. BURNET, Manningham, Yorks",,private,"Yorkshire, U.K.",,,
596,PENDANT,item,Jade,Ornamental Objects,gemstones; jade,dragon holding a man in its mouth,,H. 4 cm,2 Warring States Han Dynasty Wei Sculpture,Warring States,,,"OSCAR RAPHAEL, London",,private,"London, U.K.",yes,,
597,RITUAL WEIGHT,item,Jade,Ceremonial Objects,gemstones; jade,in the form of a recumbent pig,,L. 10.8 cm,2 Warring States Han Dynasty Wei Sculpture,Qin and Han,,,"OSCAR RAPHAEL, London",,private,"London, U.K.",,,
598,PIERCED PANEL,item,Jade,Ornamental Objects,gemstones; jade,with phoenix; white jade,,10.2 by 18.2 cm,2 Warring States Han Dynasty Wei Sculpture,Qin and Han,,,"OSCAR RAPHAEL, London",,private,"London, U.K.",,,
599,PENDANT,item,Jade,Ornamental Objects,gemstones; jade,"in the form of an undulating dragon, translucent white jade",,L. 8.8 cm,2 Warring States Han Dynasty Wei Sculpture,Warring States,,,"H. J. OPPENHEIM, London",,private,"London, U.K.",,,
600,PI (ritual disk),item,Jade,Ceremonial Objects,gemstones; jade,green jade,,Di. 15.3 cm,2 Warring States Han Dynasty Wei Sculpture,Qin and Han,,,THE BRITISH MUSEUM (Eumorfopoulos Collection),,museum,"London, U.K.",yes,,
601,GIRDLE ORNAMENT (p'ei),item,Jade,Ceremonial Objects,gemstones; jade,,,L. 6.4 cm,2 Warring States Han Dynasty Wei Sculpture,Qin and Han,,,"CHANG NAI-CHI, Shanghai",,private,"Shanghai, China",,,
602,CYLINDRICAL BEAD,item,Glass,,glass,turquoise-blue glass with white raised circles,,L. 4.9 cm,2 Warring States Han Dynasty Wei Sculpture,Qin and Han,,,H.R.H. THE CROWN PRINCE OF SWEDEN,,private,"Stockholm, Sweden",yes,,
603,CEREMONIAL AXE,item,Jade,Ceremonial Objects,gemstones; jade,with dragon handle,,17.2 by 17.7 cm,2 Warring States Han Dynasty Wei Sculpture,Qin and Han,,,THE BRITISH MUSEUM (Eumorfopoulos Collection),,museum,"London, U.K.",yes,,
604,PI (ritual disk),item,Jade,Ceremonial Objects,gemstones; jade,interlaced dragons and grain pattern; green jade,,Di. 27.5 cm,2 Warring States Han Dynasty Wei Sculpture,Warring States,,,"OSCAR RAPHAEL, London",,private,"London, U.K.",yes,,
605,SWORD HILT FITTING,item,Glass,,glass,,,H. 5.5 cm,2 Warring States Han Dynasty Wei Sculpture,Qin and Han,,,"PROFESSOR AND MRS. C. G. SELIGMAN, Toot Baldon, Oxford",,private,"Oxfordshire, U.K.",,,
606,PLAQUE,item,Glass,,glass,with dragons in relief,,9.4 by 6.3 cm,2 Warring States Han Dynasty Wei Sculpture,Qin and Han,,,"PROFESSOR AND MRS. C. G. SELIGMAN, Toot Baldon, Oxford",,private,"Oxfordshire, U.K.",yes,,
607,PI (ritual disk),item,Glass,,glass,pale-green glass,,Di. 12.6 cm,2 Warring States Han Dynasty Wei Sculpture,Qin and Han,,,H.R.H. THE CROWN PRINCE OF SWEDEN,,private,"Stockholm, Sweden",yes,,
608,ELEVEN GLASS BEADS,item,Glass,,glass,,,,2 Warring States Han Dynasty Wei Sculpture,Qin and Han,,,"PROFESSOR AND MRS. C. G. SELIGMAN, Toot Baldon, Oxford",,private,"Oxfordshire, U.K.",,,
609,RITUAL WEIGHT,item,Jade,Ceremonial Objects,gemstones; jade,in the form of a recumbent pig,,L. 10.4 cm,2 Warring States Han Dynasty Wei Sculpture,Qin and Han,"Found at Lo-lang, N. Korea",,THE GOVERNMENT OF CHOSEN (KOREA),,government,Korea,,,
610,PENDANT,item,Jade,Ornamental Objects,gemstones; jade,tiger; white jade,,L. 18.7 cm,2 Warring States Han Dynasty Wei Sculpture,Qin and Han,,,"MUSÉE GUIMET, Paris",,private,"Paris, France",,,
611,PHOENIX,item,Jade,Ornamental Objects,gemstones; jade,jade with red pigment,,L. 10 cm,2 Warring States Han Dynasty Wei Sculpture,Sui and Tang,,,THE BRITISH MUSEUM (Eumorfopoulos Collection),,museum,"London, U.K.",yes,,
612,PI (ritual disk),item,Jade,Ceremonial Objects,gemstones; jade,,Inscribed with an Imperial poem of the Qianlong period,Di. 15.2 cm,2 Warring States Han Dynasty Wei Sculpture,Qin and Han,,,THE BRITISH MUSEUM (Eumorfopoulos Collection),,museum,"London, U.K.",yes,,
613,DRAGON RING,item,Jade,Ornamental Objects,gemstones; jade,,,L. 8 cm,2 Warring States Han Dynasty Wei Sculpture,Qin and Han,,,"CHANG NAI-CHI, Shanghai",,private,"Shanghai, China",,,
614,BEAR,item,Jade,Ornamental Objects,greenish-white gemstones; jade,carved in the round,,H. 4.7 cm,2 Warring States Han Dynasty Wei Sculpture,Qin and Han,,,"H. J. OPPENHEIM, London",,private,"London, U.K.",yes,,
615,BEAR,item,Jade,Ornamental Objects,black gemstones; jade,,,H. 5.2 cm,2 Warring States Han Dynasty Wei Sculpture,Qin and Han,,,"OSCAR RAPHAEL, London",,private,"London, U.K.",yes,,
616,SWORD SCABBARD FITTING,item,Jade,Utilitarian Objects,orange gemstones; jade,decorated with longitudinal rows of small knobs and transversal incised lines,,L. 6 cm,2 Warring States Han Dynasty Wei Sculpture,Warring States,,,"H. J. OPPENHEIM, London",,private,"London, U.K.",,,
617,SWORD SCABBARD FITTING,item,Jade,Utilitarian Objects,gemstones; jade,,,7.6 by 3.4 cm,2 Warring States Han Dynasty Wei Sculpture,Qin and Han,,,"THE WILLIAM ROCKHILL NELSON GALLERY OF ART, Kansas City",,museum,"Kansas, U.S.A.",yes,,
618,DOE'S HEAD,item,Jade,Ornamental Objects,gemstones; jade,,,H. 7.6 cm,2 Warring States Han Dynasty Wei Sculpture,Qin and Han,,,"MUSÉE DU LOUVRE, Paris",,museum,"Paris, France",,,
619,PLAQUE,item,Jade,Ornamental Objects,gemstones; jade,with entwined dragons,,"L. 11 cm, W. 10.1 cm",2 Warring States Han Dynasty Wei Sculpture,Qin and Han,,,THE GOVERNMENT OF THE SOVIET UNION,,government,Russia,,,
620,HÊNG (girdle ornament),item,Jade,Ornamental Objects,pale green gemstones; jade,in the form of a dragon,,L. 9.3 cm,2 Warring States Han Dynasty Wei Sculpture,Warring States,,,"ALFRED H. PILLSBURY, Minneapolis, U.S.A.",,private,"Minnesota, U.S.A.",,,
621,SWORD GUARD,item,Jade,Utilitarian Objects,gemstones; jade,,,2.8 by 5.3 cm,2 Warring States Han Dynasty Wei Sculpture,Warring States,,,"OSCAR RAPHAEL, London",,private,"London, U.K.",yes,,
622,PI (ritual object),item,Jade,Ceremonial Objects,white and brown gemstones; jade,,,Di. 20.3 cm,2 Warring States Han Dynasty Wei Sculpture,Qin and Han,,,"MR. AND MRS. EDWARD SONNENSCHEIN, Glencoe, Ill.",,private,"Illinois, U.S.A.",yes,,
623,YU CHIH (axe),item,Jade,Utilitarian Objects,brown gemstones; jade,,,L. 20.2 cm,2 Warring States Han Dynasty Wei Sculpture,Qin and Han,,,"OSCAR RAPHAEL, London",,private,"London, U.K.",,,
624,RITUAL MIRROR,item,Jade,Ceremonial Objects,green gemstones; jade,,,Di. 20.8 cm,2 Warring States Han Dynasty Wei Sculpture,Qin and Han,,,"OSCAR RAPHAEL, London",,private,"London, U.K.",yes,,
625,PENDANT,item,Jade,Ornamental Objects,gemstones; jade,In the form of a human figure,,L. 6.6 cm,2 Warring States Han Dynasty Wei Sculpture,Qin and Han,,,THE GOVERNMENT OF THE SOVIET UNION,,government,Russia,,,
626,FRAGMENTS of woollen tapestry and pile carpets in colours,item,Textile,Others,textiles; woollen,,,,3 Six Dynasties Tang dynasty,Qin and Han,,,THE GOVERNMENT OF INDIA (Stein Collection),,government,India,yes,,
627,FEMALE FIGURE,item,Stones and Minerals,Sculpture,stucco,painted stucco,,,3 Six Dynasties Tang dynasty,Sui and Tang,from Astāna,,THE GOVERNMENT OF INDIA (Stein Collection),,government,India,yes,,
628,HORSE AND RIDER,item,Stones and Minerals,Sculpture,stucco,in stucco painted in colour,,H. 25.4 cm,3 Six Dynasties Tang dynasty,Sui and Tang,from Astāna,,THE GOVERNMENT OF INDIA (Stein Collection),,government,India,yes,,
629,GROUP,item,Stones and Minerals,Sculpture,brown stones; marble,Lion tearing a hare,,H. 12.6 cm,3 Six Dynasties Tang dynasty,Sui and Tang,,,"MUSÉE DU LOUVRE, Paris",,museum,"Paris, France",yes,,
630,SEATED LADY with p'i pa,item,Stones and Minerals,Sculpture,stones; marble,,,H. 23.5 cm,3 Six Dynasties Tang dynasty,Sui and Tang,,,THE TOKYO FINE ARTS SCHOOL,,private,"Tokyo, Japan",yes,,
631,STANDING BODHISATTVA in stone,item,Stones and Minerals,Sculpture,stones; stone,"holding flask in one hand and wearing an elaborate necklace and head-dress,  the drapery with remains of coloured pigments",,H. 39 cm,3 Six Dynasties Tang dynasty,Sui and Tang,,,"THE HON. LADY WARD, London",,private,"London, U.K.",yes,,
632,SNARLING LION,item,Stones and Minerals,Sculpture,white stones; marble,,,H. 15 cm,3 Six Dynasties Tang dynasty,Sui and Tang,,,"MUSÉE DU LOUVRE, Paris",,museum,"Paris, France",yes,,
633,VOTIVE STELE,item,Stones and Minerals,Architecture,stones; marble,,Inscribed,H. 22.9 cm,3 Six Dynasties Tang dynasty,Six Dynasties,,,"S. C. BOSCH-REITZ, Laren, North Holland",,private,"North Holland, Netherlands",yes,,
634,FIVE PIECES OF PARTLY GLAZED POTTERY,item,Ceramics,pottery,ceramics; pottery,"from the tomb furniture of Pu Jên (died A.D. 603), with photographs of the biographical record found in the tomb and of the original position of objects ",,"Round dish on stem Di. 28 cm,  jar and lid, H. 18.4 cm,  jar and lid, H. 17.8 cm, cups H. 6.8 cm",3 Six Dynasties Tang dynasty,Sui and Tang,"Found in An-yang, Honan, in 1929",,THE CHINESE GOVERNMENT,,government,China,,,
635,DRAWING in ink on paper,item,Paintings and Calligraphy,Landscape,plant derived materials; paper,Landscape,,"H. 39.3 cm, W. 15.2 cm",3 Six Dynasties Tang dynasty,Song,,,THE GOVERNMENT OF INDIA (Stein Collection),,government,India,,,
636,FRAGMENT OF INK PAINTING on paper,item,Paintings and Calligraphy,Religious painting,plant derived materials; paper,Preta“”,,20 by 10 cm,3 Six Dynasties Tang dynasty,Sui and Tang,,,"THE GERMAN STATE MUSEUMS, Berlin",,museum,"Berlin, Germany",,,
637,DRAWING in ink on paper,item,Paintings and Calligraphy,Religious painting,plant derived materials; paper,,,"H. 33 cm, W. 24.1 cm",3 Six Dynasties Tang dynasty,Song,from Khara-Khoto,,THE GOVERNMENT OF INDIA (Stein Collection),,government,India,yes,,
638,FRAGMENT OF INK PAINTING on paper,item,Paintings and Calligraphy,Religious painting,plant derived materials; paper,,,28 by 8 cm,3 Six Dynasties Tang dynasty,Sui and Tang,from Mazār Tagh,,THE GOVERNMENT OF INDIA (Stein Collection),,government,India,yes,,
639,INK PAINTING on paper,item,Paintings and Calligraphy,Figure,plant derived materials; paper,Three Men,,25 by 23 cm,3 Six Dynasties Tang dynasty,Sui and Tang,,,"THE GERMAN STATE MUSEUMS, Berlin",,museum,"Berlin, Germany",,,
640,FIGURE OF BUDDHA,item,Lacquer,Sculpture,plant derived materials; lacquer,"in crouching position, with head and hands on knee, gilt lacquer",,H. 81.3 cm,3 Six Dynasties Tang dynasty,Song,,,"THE UNIVERSITY MUSEUM, University of Pennsylvania",,museum,"Pennsylvania, U.S.A.",yes,,
641,SHRINE,item,Bronze,Others,metalwork; bronze,,,H. 59 cm,3 Six Dynasties Tang dynasty,Six Dynasties,,,"MRS. JOHN D. ROCKEFELLER, JR., New York",,private,"New York, U.S.A.",yes,,
642,FRAGMENTS of coloured silk embroidery and tapestry,item,Textile,Others,textiles; silk,,,,3 Six Dynasties Tang dynasty,Sui and Tang,from DunHuang,,THE GOVERNMENT OF INDIA (Stein Collection),,government,India,yes,,
643,PRINTED SILK FABRICS,item,Textile,Others,textiles; silk,,,,3 Six Dynasties Tang dynasty,Sui and Tang,from DunHuang,,"MUSÉE DU LOUVRE, Paris (Pelliot Collection)",,museum,"Paris, France",,,
644,DAMASK-PATTERNED silk fabrics,item,Textile,Others,textiles; silk,,,,3 Six Dynasties Tang dynasty,Sui and Tang,from DunHuang,,"MUSÉE DU LOUVRE, Paris (Pelliot Collection)",,museum,"Paris, France",yes,,
645,SMALL PANEL of painted silk,item,Paintings and Calligraphy,Religious painting,textiles; silk,"with scene from the life of Śākyamuni Buddha, The Four Outgoings",,,3 Six Dynasties Tang dynasty,Sui and Tang,,,"MUSÉE DU LOUVRE, Paris (Pelliot Collection)",,museum,"Paris, France",yes,,
646,PAINTING in colour on silk,item,Paintings and Calligraphy,Religious painting,textiles; silk,Apsara,,,3 Six Dynasties Tang dynasty,Sui and Tang,,,"MUSÉE DU LOUVRE, Paris (Pelliot Collection)",,museum,"Paris, France",yes,,
647,PAINTING in colour on silk,item,Paintings and Calligraphy,Religious painting,textiles; silk,Monk with a tiger,,"H. 80 cm, W. 52.5 cm",3 Six Dynasties Tang dynasty,Song,From DunHuang,,"MUSÉE DU LOUVRE, Paris (Pelliot Collection)",,museum,"Paris, France",yes,,
648,SMALL PANEL of painted silk,item,Paintings and Calligraphy,Religious painting,textiles; silk,"with scene from the life of Śākyamuni Buddha, The Archery Contest",,,3 Six Dynasties Tang dynasty,Sui and Tang,From DunHuang,,"MUSÉE DU LOUVRE, Paris (Pelliot Collection)",,museum,"Paris, France",yes,,
649,PRINTED SILK FRAGMENTS,item,Textile,Others,textiles; silk,,,,3 Six Dynasties Tang dynasty,Sui and Tang,,,"MUSÉE DU LOUVRE, Paris (Pelliot Collection)",,museum,"Paris, France",,,
650,FRAGMENTS OF SILK DAMASK,item,Textile,Others,textiles; silk,,,,3 Six Dynasties Tang dynasty,Sui and Tang,,,"MUSÉE DU LOUVRE, Paris (Stein Collection)",,museum,"Paris, France",yes,,
651,SILK BANNER painted in colours,item,Paintings and Calligraphy,Religious painting,textiles; silk,Bodhisattva,,"H. 165.8 cm, W. 30.5 cm",3 Six Dynasties Tang dynasty,Sui and Tang,From DunHuang,,THE GOVERNMENT OF INDIA (Stein Collection),,government,India,,,
652,MIRROR,item,Bronze,Furnishings,metalwork; bronze,,,D. 22.5 cm,3 Six Dynasties Tang dynasty,Sui and Tang,,,"CHARLES B. HOYT, Cambridge, Mass, U.S.A",,private,"Massachusetts, U.S.A.",yes,,
653,MIRROR,item,Bronze,Furnishings,metalwork; bronze,with phoenix,,Di. 15.8 cm,3 Six Dynasties Tang dynasty,Sui and Tang,,,"PROFESSOR AND MRS. C. G. SELIGMAN, Toot Baldon, Oxford",,private,"Oxfordshire, U.K.",yes,,
654,MIRROR,item,Bronze,Furnishings,metalwork; bronze,of eight-foil form,,Di. 23.8 cm,3 Six Dynasties Tang dynasty,Sui and Tang,,,"THE METROPOLITAN MUSEUM OF ART, New York",,museum,"New York, U.S.A.",yes,,
655,MIRROR,item,Bronze,Furnishings,metalwork; bronze,With six floral medallions,,Di. 18.3 cm,3 Six Dynasties Tang dynasty,Qin and Han,,,"MRS. CHRISTIAN R. HOLMES, New York",,private,"New York, U.S.A.",,,
656,MIRROR,item,Bronze,Furnishings,metalwork; bronze,bronze with silver inlay,,Di. 27.9 cm,3 Six Dynasties Tang dynasty,Sui and Tang,,,"THE METROPOLITAN MUSEUM OF ART, New York",,museum,"New York, U.S.A.",yes,,
657,SQUARE MIRROR,item,Bronze,Furnishings,metalwork; bronze,SQUARE,,L. 12.6 cm,3 Six Dynasties Tang dynasty,Sui and Tang,,,THE BRITISH MUSEUM (Eumorfopoulos Collection),,private,"London, U.K.",yes,,
658,MIRROR of eight-foil form,item,Bronze,Furnishings,metalwork; bronze,,,Di. 21.5 cm,3 Six Dynasties Tang dynasty,Sui and Tang,,,"THE METROPOLITAN MUSEUM OF ART, New York",,museum,"New York, U.S.A.",yes,,
659,MIRROR,item,Bronze,Furnishings,metalwork; bronze,with gold-work designs,,Di. 12.2 cm,3 Six Dynasties Tang dynasty,Sui and Tang,,,"CHARLES B. HOYT, Cambridge, Mass, U.S.A",,private,"Massachusetts, U.S.A.",yes,,
660,MIRROR,item,Bronze,Furnishings,metalwork; bronze,Six-foil with large dragon,,Di. 21 cm,3 Six Dynasties Tang dynasty,Sui and Tang,,,"RAYMOND A. BIDWELL, Springfield, Mass",,private,"Massachusetts, U.S.A.",yes,,
661,MIRROR,item,Bronze,Furnishings,metalwork; bronze,"Known as the shield of the Persian hero Hamzeh, Captured by the Turks early in the 16th century",,Di. 68 cm,3 Six Dynasties Tang dynasty,Sui and Tang,,,"THE ÇINILI KÖŞK MUSEUM, Istanbul",,museum,"Istanbul, Turkey",yes,,
662,MIRROR,item,Bronze,Furnishings,metalwork; bronze,with silver designs set in lacquer,,Di. 18.7 cm,3 Six Dynasties Tang dynasty,Sui and Tang,,,"F. P. M. SCHILLER, K.C., Betchworth, Surrey",,private,"Surrey, U.K.",yes,,
663,MIRROR,item,Bronze,Furnishings,metalwork; bronze,inset with gold panel,,"L. 20 cm, W. 20 cm",3 Six Dynasties Tang dynasty,Sui and Tang,,,THE BRITISH MUSEUM (Eumorfopoulos Collection),,private,"London, U.K.",yes,,
664,MIRROR,item,Bronze,Furnishings,metalwork; bronze,"with back inlaid with silver, repoussé decoration",,Di. 19 cm,3 Six Dynasties Tang dynasty,Sui and Tang,,,"THE UNIVERSITY MUSEUM, University of Pennsylvania",,museum,"Pennsylvania, U.S.A.",,,
665,MIRROR,item,Bronze,Furnishings,metalwork; bronze,Confucius and Jung Ch'i-ch'i,,Di. 11.4 cm,3 Six Dynasties Tang dynasty,Sui and Tang,,,THE VICTORIA AND ALBERT MUSEUM (Eumorfopoulos Collection),,private,"London, U.K.",yes,,
666,MIRROR,item,Bronze,Furnishings,metalwork; bronze,"With the hare, lady and cassia-tree in the moon、",,Di. 15 cm,3 Six Dynasties Tang dynasty,Sui and Tang,,,"DR. LAGRELIUS, Stockholm",,private,"Stockholm, Sweden",,,
667,MIRROR of eight-foil shape,item,Bronze,Furnishings,metalwork; bronze,With horses and scrolls,,Di. 24.5 cm,3 Six Dynasties Tang dynasty,Sui and Tang,,,"MRS. CHRISTIAN R. HOLMES, New York",,private,"New York, U.S.A.",yes,,
668,MIRROR,item,Bronze,Furnishings,metalwork; bronze,Eight-foil with dragon design,,Di. 17.2 cm,3 Six Dynasties Tang dynasty,Sui and Tang,,,"RAYMOND A. BIDWELL, Springfield, Mass",,private,"Massachusetts, U.S.A.",yes,,
669,MIRROR,item,Bronze,Furnishings,metalwork; bronze,,,Di. 22.2 cm,3 Six Dynasties Tang dynasty,Sui and Tang,,,"THE GERMAN STATE MUSEUMS, Berlin",,museum,"Berlin, Germany",yes,,
670,MIRROR,item,Bronze,Furnishings,metalwork; bronze,With horsemen hunting,,Di. 15 cm,3 Six Dynasties Tang dynasty,Sui and Tang,,,"MUSÉE DU LOUVRE, Paris",,museum,"Paris, France",,,
671,MIRROR,item,Bronze,Furnishings,metalwork; bronze,With two phoenixes and dragon,,Di. 22.8 cm,3 Six Dynasties Tang dynasty,Sui and Tang,,,"PROFESSOR AND MRS. C. G. SELIGMAN, Toot Baldon, Oxford",,private,"Oxfordshire, U.K.",yes,,
672,SŪTRA COVER,item,Prints,Others,textiles; silk and bamboo,With formal designs in colour,,L. 45.7 cm,3 Six Dynasties Tang dynasty,Qin and Han,,,"MUSÉE DU LOUVRE, Paris (Pelliot Collection)",,museum,"Paris, France",yes,,
673,TEXTILE FRAGMENT,item,Textile,Others,textiles,wood-block print of ch'i-lin in black,,W. 22 in,3 Six Dynasties Tang dynasty,Sui and Tang,,,"THE FOGG ART MUSEUM, Cambridge, Mass",,museum,"Massachusetts, U.S.A.",yes,,
674,FIGURED SILK FRAGMENT,item,Textile,Others,textiles; silk,,,30.5 by 26 cm,3 Six Dynasties Tang dynasty,Six Dynasties,,,THE GOVERNMENT OF INDIA (Stein Collection),,government,India,,,
675,FRAGMENT of Buddhist wall-painting in colour from DunHuang,item,Paintings and Calligraphy,Religious painting,minerals; others; plaster,Buddhist,,68.6 by 58 cm,3 Six Dynasties Tang dynasty,Sui and Tang,,,"THE FOGG ART MUSEUM, Cambridge, Mass",,museum,"Massachusetts, U.S.A.",yes,,
676,FRAGMENT of Buddhist wall-painting in colour,item,Paintings and Calligraphy,Religious painting,minerals; others; plaster,Buddhist,,68.6 by 91.4 cm,3 Six Dynasties Tang dynasty,Sui and Tang,,,"THE FOGG ART MUSEUM, Cambridge, Mass",,museum,"Massachusetts, U.S.A.",yes,,
677,TRIANGULAR FRAGMENT of silk,item,Textile,Others,textiles; silk,with painted Buddha,,H. 43 cm,3 Six Dynasties Tang dynasty,Sui and Tang,,,THE GOVERNMENT OF INDIA (Stein Collection),,government,India,yes,,
678,FIGURED SILK with formal designs in colour,item,Textile,Others,textiles; silk,,,25.4 by 25.4 cm,3 Six Dynasties Tang dynasty,Qin and Han,from Lou-Lan,,THE GOVERNMENT OF INDIA (Stein Collection),,government,India,yes,,
679,FRAGMENT of Buddhist wall-painting in colour,item,Paintings and Calligraphy,Religious painting,minerals; others; plaster,Buddhist,,68.6 by 64.7 cm,3 Six Dynasties Tang dynasty,Sui and Tang,,,"THE FOGG ART MUSEUM, Cambridge, Mass",,museum,"Massachusetts, U.S.A.",yes,,
679A,A FRAGMENT OF FIGURED SILK,item,Textile,Others,textiles; silk,,,,3 Six Dynasties Tang dynasty,Sui and Tang,from Astāna,,THE GOVERNMENT OF INDIA (Stein Collection),,government,India,,,
680,SILK BANNER from DunHuang,item,Textile,Furnishings,textiles; silk,Temple Guardian,,"H. 76.2 cm, W. 22.8 cm",3 Six Dynasties Tang dynasty,Sui and Tang,DunHuang,,THE GOVERNMENT OF INDIA (Stein Collection),,government,India,,,
681,CUP,item,Jade,Utilitarian Objects,gemstones; jade,with reticulated dragon handle,,H. 9 cm,3 Six Dynasties Tang dynasty,Song,,,"JOSEPH HOMBERG, Paris",,private,"Paris, France",yes,,
682,PENDANT in the form of a horse,item,Jade,Ornamental Objects,gemstones; jade,Grey jade,,"H. 4.1 cm, L. 6.8 cm",3 Six Dynasties Tang dynasty,Sui and Tang,,,"ALFRED H. PILLSBURY, Minneapolis, U.S.A.",,private,"Minnesota, U.S.A.",,,
683,CHARM,item,Jade,Ornamental Objects,green gemstones; jade,in the form of a bat,,"H. 3.8 cm, W. 6.3 cm",3 Six Dynasties Tang dynasty,Song,,,"MRS. MARGOT HOLMES, London",,private,"London, U.K.",,,
684,HUAN (ritual ring),item,Jade,Ceremonial Objects,gemstones; jade,translucent white jade,,Di. 9.4 cm,3 Six Dynasties Tang dynasty,Song,,,"ALFRED H. PILLSBURY, Minneapolis, U.S.A.",,private,"Minnesota, U.S.A.",yes,,
685,PI (ritual disk),item,Jade,Ceremonial Objects,gemstones; jade,Grey jade,,Di. 6 cm,3 Six Dynasties Tang dynasty,Warring States,,,"ALFRED H. PILLSBURY, Minneapolis, U.S.A.",,private,"Minnesota, U.S.A.",,,
686,KNIFE,item,Jade,Utilitarian Objects,gemstones; jade,with engraved silver handle,,L. 22 cm,3 Six Dynasties Tang dynasty,Sui and Tang,,,"CHANG NAI-CHI, Shanghai",,private,"Shanghai, China",yes,,
687,TORTOISE,item,Jade,Ornamental Objects,gemstones; jade,honey-coloured and brown jade,,"H. 3.5 cm, L. 7.5 cm",3 Six Dynasties Tang dynasty,Song,,,"H. J. OPPENHEIM, London",,private,"London, U.K.",,,
688,"PHOENIX PANEL, pierced",item,Jade,Ornamental Objects,gemstones; jade,,,"H. 6.4 cm, L. 12.4 cm",3 Six Dynasties Tang dynasty,Sui and Tang,,,"OSCAR RAPHAEL, London",,private,"London, U.K.",,,
689,HUMAN HEAD,item,Jade,Ornamental Objects,gemstones; jade,,,H. 3.4 cm,3 Six Dynasties Tang dynasty,Sui and Tang,,,"CHANG NAI-CHI, Shanghai",,private,"Shanghai, China",yes,,
690,CEREMONIAL KNIFE,item,Jade,Ceremonial Objects,gemstones; jade,"Decorated in low relief with stylised animal forms, mottled green and brown jade",,L. 26 cm,3 Six Dynasties Tang dynasty,Song,,,"H. J. OPPENHEIM, London",,private,"London, U.K.",yes,,
691,RECUMBENT HORSE,item,Jade,Ornamental Objects,gemstones; jade,brown and green jade,,"H. 2.5 cm, W. 5.6 cm",3 Six Dynasties Tang dynasty,Sui and Tang,,,"F. SCHILLER, Betchworth, Surrey",,private,"Surrey, U.K.",,,
692,CIRCULAR PENDANT,item,Jade,Ornamental Objects,pale green gemstones; jade,Two confronted dragons,,Di. 15.5 cm,3 Six Dynasties Tang dynasty,Song,,,"MUSÉE GUIMET, Paris",,private,"Paris, France",,,
693,BELT of four disks,item,Jade,Ornamental Objects,gemstones; jade,,,L. 21 cm,3 Six Dynasties Tang dynasty,Warring States,,,THE BRITISH MUSEUM (Eumorfopoulos Collection),,museum,"London, U.K.",yes,,
694,CIRCULAR PENDANT,item,Jade,Ornamental Objects,gemstones; jade,Two confronted dragons hanging by chains from a yoke,,"H. 17.2 cm, W. 11.3 cm",3 Six Dynasties Tang dynasty,Song,,,"MUSÉE GUIMET, Paris",,private,"Paris, France",,,
695,RECUMBENT HORSE,item,Jade,Ornamental Objects,gemstones; jade,brown jade,,L. 7.2 cm,3 Six Dynasties Tang dynasty,Song,,,"MAJOR-GENERAL SIR NEILL MALCOLM, K.C.B., D.S.O., London",,private,"London, U.K.",,,
696,PAIR OF CONNECTED RINGS,set,Jade,Ornamental Objects,gemstones; jade,,,L. 6.7 cm,3 Six Dynasties Tang dynasty,Song,,,"CHANG NAI-CHI, Shanghai",,private,"Shanghai, China",,,
697,PENDANT,item,Jade,Ornamental Objects,gemstones; jade,"in the form of a phoenix, translucent white jade",,L. 6.9 cm,3 Six Dynasties Tang dynasty,Sui and Tang,,,"H. J. OPPENHEIM, London",,private,"London, U.K.",,,
698,PENDANT,item,Jade,Ornamental Objects,gemstones; jade,A female dancer; white jade,,H. 5.6 cm,3 Six Dynasties Tang dynasty,Song,,,"H. J. OPPENHEIM, London",,private,"London, U.K.",,,
699,HAIRPIN,item,Jade,Ornamental Objects,gemstones; jade,Ram's head design; white jade,,L. 11.4 cm,3 Six Dynasties Tang dynasty,Qin and Han,,,"MR. AND MRS. EDWARD SONNENSCHEIN, Glencoe, Ill.",,private,"Illinois, U.S.A.",,,
700,POINTER,item,Jade,Utilitarian Objects,gemstones; jade,green jade,,L. 15.2 cm,3 Six Dynasties Tang dynasty,Song,,,THE BRITISH MUSEUM (Eumorfopoulos Collection),,museum,"London, U.K.",yes,,
701,COMB,item,Organic Materials,,plant derived materials; wood,mounted with gold,,L. 12.5 cm,3 Six Dynasties Tang dynasty,Sui and Tang,,,"C. T. LOO, Paris",,private,"Paris, France",,,
702,HAIRPIN,item,Metals,,metalwork; gold,Floral decoration,,H. 22.2 cm,3 Six Dynasties Tang dynasty,Sui and Tang,,,"C. T. LOO, Paris",,private,"Paris, France",yes,,
703,APPLIQUÉ,item,Metals,,metalwork; gold,with turquoise and granular work,,2.7 by 2.7 cm,3 Six Dynasties Tang dynasty,Qin and Han,,,"MUSEUM VAN AZIATISCHE KUNST, Amsterdam",,museum,"Amsterdam, Netherlands",,,
704,PAIR OF CUP HANDLES,set,Metals,,metalwork; gold,,,L. 6.8 cm,3 Six Dynasties Tang dynasty,Sui and Tang,,,"C. T. LOO, Paris",,private,"Paris, France",yes,,
705,PLAQUE,item,Metals,,metalwork; gold,,,H. 7.2 cm,3 Six Dynasties Tang dynasty,Sui and Tang,,,"C. T. LOO, Paris",,private,"Paris, France",yes,,
706,RING-POMMEL /,item,Bronze,Weapons,metalwork; bronze,In the form of a bird,,H. 7.4 cm,3 Six Dynasties Tang dynasty,Six Dynasties,,,THE BRITISH MUSEUM (Eumorfopoulos Collection),,private,"London, U.K.",,,
707,PHOENIX,item,Organic Materials,,carved gemstones; amber,,,L. 8.3 cm,3 Six Dynasties Tang dynasty,Sui and Tang,,,"CHANG NAI-CHI, Shanghai",,private,"Shanghai, China",yes,,
708,PAIR OF PHOENIX HAIR ORNAMENTS,set,Metals,,metalwork; gold,,,L. 10.3 cm,3 Six Dynasties Tang dynasty,Song,,,"C. T. LOO, Paris",,private,"Paris, France",yes,,
709,HAIR ORNAMENT,item,Organic Materials,,Animal derived materials; pearl and  metalwork; gold,,,L. 12.5 cm,3 Six Dynasties Tang dynasty,Song,,,THE BRITISH MUSEUM (Eumorfopoulos Collection),,museum,"London, U.K.",,,
710,PAIR OF HAIR-PINS,set,Metals,,metalwork; gold,,,H. 17.3 cm,3 Six Dynasties Tang dynasty,Sui and Tang,,,"C. T. LOO, Paris",,private,"Paris, France",yes,,
711,HAIR ORNAMENT,item,Metals,,metalwork; gold,,,L. 9.8 cm,3 Six Dynasties Tang dynasty,Song,,,THE BRITISH MUSEUM (Eumorfopoulos Collection),,museum,"London, U.K.",yes,,
712,FLOWER,item,Metals,,metalwork; gold,,,L. 5.1 cm,3 Six Dynasties Tang dynasty,Sui and Tang,,,THE BRITISH MUSEUM (Eumorfopoulos Collection),,museum,"London, U.K.",yes,,
713,COMB,item,Organic Materials,,Animal derived materials; bone,decorated with two birds,,L. 9.3 cm,3 Six Dynasties Tang dynasty,Song,,,"C. T. LOO, Paris",,private,"Paris, France",,,
714,SMALL CROWN,item,Metals,,metalwork; silver,,,H. 8 cm,3 Six Dynasties Tang dynasty,Sui and Tang,,,THE BRITISH MUSEUM (Eumorfopoulos Collection),,museum,"London, U.K.",yes,,
715,BAND,item,Metals,,metalwork; gold,,,L. 36.5 cm,3 Six Dynasties Tang dynasty,Sui and Tang,,,THE BRITISH MUSEUM (Eumorfopoulos Collection),,museum,"London, U.K.",yes,,
716,CAP,item,Metals,,metalwork; gold,,,H. 9.3 cm,3 Six Dynasties Tang dynasty,Sui and Tang,,,THE BRITISH MUSEUM (Eumorfopoulos Collection),,museum,"London, U.K.",yes,,
717,CIRCLET,item,Metals,,metalwork; gold,,,W. 21 cm,3 Six Dynasties Tang dynasty,Sui and Tang,,,THE BRITISH MUSEUM (Eumorfopoulos Collection),,museum,"London, U.K.",yes,,
718,EAR-RING,item,Metals,,metalwork; gold,,,H. 6 cm,3 Six Dynasties Tang dynasty,Six Dynasties,,,THE BRITISH MUSEUM (Eumorfopoulos Collection),,museum,"London, U.K.",yes,,
719,HAIR ORNAMENT,item,Organic Materials,,metalwork; gold and Animal derived materials; pearls,,,H. 13.5 cm W. 15 cm,3 Six Dynasties Tang dynasty,Song,,,THE BRITISH MUSEUM (Eumorfopoulos Collection),,museum,"London, U.K.",yes,,
720,PAIR OF EAR-RINGS,set,Metals,,metalwork; gold,In bird form,,H. 7 cm,3 Six Dynasties Tang dynasty,Sui and Tang,,,THE BRITISH MUSEUM (Eumorfopoulos Collection),,museum,"London, U.K.",yes,,
721,BELT BUCKLE,item,Metals,,metalwork; gold,,,L. 5.4 cm,3 Six Dynasties Tang dynasty,Song,,,THE BRITISH MUSEUM (Eumorfopoulos Collection),,museum,"London, U.K.",yes,,
722,PAIR OF PLAQUES,set,Bronze,Ornament,metalwork; bronze,,,12.3 by 7.2 cm,3 Six Dynasties Tang dynasty,Sui and Tang,,,"C. T. LOO, Paris",,private,"Paris, France",yes,,
723,PLAQUE,item,Metals,,metalwork; gold,inlaid with turquoise,,Di. 4.8 cm,3 Six Dynasties Tang dynasty,Sui and Tang,,,"MUSEUM VAN AZIATISCHE KUNST, Amsterdam",,museum,"Amsterdam, Netherlands",,,
724,PIN,item,Metals,,metalwork; gold,filigree,,L. 13.3 cm,3 Six Dynasties Tang dynasty,Song,,,THE BRITISH MUSEUM (Eumorfopoulos Collection),,museum,"London, U.K.",,,
725,HAIR-PIN,item,Metals,,metalwork; gold,inlaid with turquoise,,L. 15.4 cm,3 Six Dynasties Tang dynasty,Sui and Tang,,,"C. T. LOO, Paris",,private,"Paris, France",yes,,
726,SCABBARD for two daggers,item,Metals,,"metalwork; gold,  metalwork; silver and inlaid Animal derived materials; pearls",,,L. 16.5 cm,3 Six Dynasties Tang dynasty,Sui and Tang,,,"C. T. LOO, Paris",,private,"Paris, France",,,
727,PHOENIX HAIR ORNAMENT,item,Metals,,metalwork; gold,,,L. 9.7 cm,3 Six Dynasties Tang dynasty,Song,,,"C. T. LOO, Paris",,private,"Paris, France",yes,,
728,DISK,item,Bronze,Containers,metalwork; bronze,with engraved designs,,Di. 5.2 cm,3 Six Dynasties Tang dynasty,Sui and Tang,,,"C. T. LOO, Paris",,private,"Paris, France",yes,,
729,BELT ORNAMENT,item,Organic Materials,,gemstones; amber,,,W. 4 cm,3 Six Dynasties Tang dynasty,Six Dynasties,,,"CHANG NAI-CHI, Shanghai",,private,"Shanghai, China",,,
730,COMB,item,Metals,,metalwork; silver,,,L. 14.5 cm,3 Six Dynasties Tang dynasty,Sui and Tang,,,"A. HELLSTRÖM, Mölndal, Sweden",,private,"Malmö, Sweden",,,
731,HAIR-PIN,item,Metals,,metalwork; gold,Floral decoration,,H. 22.8 cm,3 Six Dynasties Tang dynasty,Sui and Tang,,,"C. T. LOO, Paris",,private,"Paris, France",yes,,
732,TWO BIRDS,item,Bronze,Sculptures,metalwork; bronze,,,H. 7.3 cm,3 Six Dynasties Tang dynasty,Sui and Tang,,,THE BRITISH MUSEUM (Eumorfopoulos Collection),,private,"London, U.K.",yes,,
733,BRACELET,item,Metals,,metalwork; gold,,,Di. 7.5 cm,3 Six Dynasties Tang dynasty,Sui and Tang,,,THE BRITISH MUSEUM (Eumorfopoulos Collection),,museum,"London, U.K.",yes,,
734,HUMAN FIGURE,item,Glass,,glass,,,H. 4.8 cm,3 Six Dynasties Tang dynasty,Qin and Han,,,"HEINRICH HARDT, Berlin",,private,"Berlin, Germany",,,
735,MIRROR,item,Jade,Ornamental Objects,gemstones; jade,,,Di. 10.7 cm,3 Six Dynasties Tang dynasty,Sui and Tang,,,"CHANG NAI-CHI, Shanghai",,private,"Shanghai, China",yes,,
736,FIVE HAIR-PINS,item,Jade,Ornamental Objects,carved gemstones; jade,,,Av. H. 15.2 cm,3 Six Dynasties Tang dynasty,Sui and Tang,,,THE TOKYO FINE ARTS SCHOOL,,private,"Tokyo, Japan",,,
737,HAIR-PIN,item,Glass,,glass,,,L. 15 cm,3 Six Dynasties Tang dynasty,Sui and Tang,,,"OSCAR RAPHAEL, London",,private,"London, U.K.",,,
738,BAT,item,Bronze,Sculptures,metalwork; bronze,appliqué,,L. 19 cm,3 Six Dynasties Tang dynasty,Qin and Han,,,"C. T. LOO, Paris",,private,"Paris, France",,,
739,PLAQUE,item,Metals,,metalwork; lead,in the form of a horse,,10 by 7 cm. H. 7 cm.,3 Six Dynasties Tang dynasty,Sui and Tang,,,THE BRITISH MUSEUM (Eumorfopoulos Collection),,museum,"London, U.K.",yes,,
740,DUCK,item,Bronze,Sculptures,metalwork; bronze,,,L. 9.2 cm.,3 Six Dynasties Tang dynasty,Sui and Tang,,,THE BRITISH MUSEUM (Eumorfopoulos Collection),,private,"London, U.K.",,,
741,HARNESS-FITTING,item,Bronze,Vehicles,metalwork; bronze,,,H. 10.5 cm.,3 Six Dynasties Tang dynasty,Sui and Tang,,,THE BRITISH MUSEUM (Eumorfopoulos Collection),,private,"London, U.K.",yes,,
742,MIRROR,item,Bronze,Furnishings,metalwork; bronze,inlaid with mother-of-pearl,,Di. 9 cm.,3 Six Dynasties Tang dynasty,Sui and Tang,,,THE BRITISH MUSEUM (Eumorfopoulos Collection),,private,"London, U.K.",yes,,
743,BOX,item,Lacquer,Containers,plant derived materials; lacquer,,,H. 3.3 cm. W. 8.5 cm.,3 Six Dynasties Tang dynasty,Sui and Tang,,,THE BRITISH MUSEUM (Eumorfopoulos Collection),,museum,"London, U.K.",yes,,
744,HOOK,item,Bronze,Tools,metalwork; bronze,"representing a man holding a disk, inlaid with turquoise",,L. 7.4 cm.,3 Six Dynasties Tang dynasty,Six Dynasties,,,"PROFESSOR PAUL PELLIOT, Paris",,private,"Paris, France",yes,,
745,MINIATURE STELE supported on a tortoise,item,Bronze,Others,metalwork; bronze,,,H. 4.8 cm.,3 Six Dynasties Tang dynasty,Sui and Tang,,,"PROFESSOR PAUL PELLIOT, Paris",,private,"Paris, France",,,
746,AMULET,item,Bronze,Costume Acessories,metalwork; bronze,,,H. 17.5 cm.,3 Six Dynasties Tang dynasty,Sui and Tang,,,THE BRITISH MUSEUM (Eumorfopoulos Collection),,private,"London, U.K.",,,
747,SCALE RULE,item,Bronze,Tools,metalwork; bronze,,,L. 30.8 cm.,3 Six Dynasties Tang dynasty,Sui and Tang,,,THE BRITISH MUSEUM (Eumorfopoulos Collection),,private,"London, U.K.",,,
748,NINE PIECES OF A BELT,item,Stones and Minerals,Ornamental Objects,gemstones; chalcedony,,,H. 9.9 cm. W. 5.5 cm.,3 Six Dynasties Tang dynasty,Sui and Tang,,,THE BRITISH MUSEUM (Eumorfopoulos Collection),,museum,"London, U.K.",yes,,
749,GROTESQUE ANIMAL,item,Bronze,Sculptures,metalwork; bronze,inlaid with gold and silver and encrusted with precious stones,,L. 9 cm.,3 Six Dynasties Tang dynasty,Qin and Han,,,"BARON KICHIZAYEMON SUMITOMO, Kyoto",,private,"Tokyo, Japan",yes,,
750,EIGHT COUNTERS for a game,item,Organic Materials,,painted Animal derived materials; bone,,,H. 1.9 cm. W. 3.2 cm.,3 Six Dynasties Tang dynasty,Sui and Tang,,,THE BRITISH MUSEUM (Eumorfopoulos Collection),,museum,"London, U.K.",yes,,
751,COMB,item,Organic Materials,,Animal derived materials; tortoiseshell,,,L. 22.8 cm.,3 Six Dynasties Tang dynasty,Qin and Han,"Found at Lo-lang, N. Korea",,"THE IMPERIAL HOUSEHOLD MUSEUM, Tokyo",,museum,"Tokyo, Japan",,,
752,SHRINE,item,Bronze,Others,metalwork; bronze,,,H. 78.2 cm,3 Six Dynasties Tang dynasty,Six Dynasties,,,"MRS. JOHN D. ROCKEFELLER, JR., New York",,private,"New York, U.S.A.",yes,,
753,SEATED BUDDHA,item,Lacquer,Sculpture,dry plant derived materials; lacquer,,,H. 96.5 cm.,3 Six Dynasties Tang dynasty,Sui and Tang,,,"THE METROPOLITAN MUSEUM OF ART, New York",,museum,"New York, U.S.A.",yes,,
754,Painting in colour on silk,item,Paintings and Calligraphy,Genre painting,textiles; silk,New Year's Day,,H. 104 cm. W. 51.2 cm.,3 Six Dynasties Tang dynasty,Song,,CHAO CH'ANG (active c. A.D. 1000),THE CHINESE GOVERNMENT,,government,China,yes,,
755,Painting in colour on silk,item,Paintings and Calligraphy,Landscape,textiles; silk,Herd of Deer in a Forest,,H. 118.1 cm. W. 63.7 cm.,3 Six Dynasties Tang dynasty,Five Dynasties,,UNKNOWN ARTIST,THE CHINESE GOVERNMENT,,government,China,yes,,
756&812,LOKAPĀLA (Guardian King),set,Organic Materials,,plant derived materials; wood,Pair with No. 812,,H. 110 cm.,3 Six Dynasties Tang dynasty,Sui and Tang,,,"MUSÉE GUIMET, Paris",,private,"Paris, France",yes,,
757,KUAN-YIN,item,Bronze,Sculptures,metalwork; bronze,,,H. 66.7 cm. w. std.,3 Six Dynasties Tang dynasty,Six Dynasties,,,THE TOKYO FINE ARTS SCHOOL,,private,"Tokyo, Japan",yes,,
758,"PAINTING of Kāśyapa with ""double face"", Colour on silk",item,Paintings and Calligraphy,Religious painting,textiles; silk,PAINTING of Kāśyapa with "double face"Kāśyapa,,64 by 28 cm.,3 Six Dynasties Tang dynasty,Sui and Tang,,,"MUSÉE GUIMET, Paris",,private,"Paris, France",yes,,
759,SMALL PAINTING in colour on sized paper,item,Paintings and Calligraphy,Figure,plant derived materials; paper,Two Horsemen in landscape,,About 15 by 23 cm.,3 Six Dynasties Tang dynasty,Sui and Tang,,,"MUSÉE DU LOUVRE, Paris (Pelliot Collection)",,museum,"Paris, France",yes,,
760,Painting in colour on silk,item,Paintings and Calligraphy,Landscape,textiles; silk,Lo-yang Mansion,,H. 37.3 cm. W. 39.5 cm,3 Six Dynasties Tang dynasty,Sui and Tang,,Traditionally attributed LI CHAO-TAO (active c. A.D. 670-730),THE CHINESE GOVERNMENT,,government,China,yes.,,
761,SILK EMBROIDERY on linen,item,Textile,Furnishings,"textiles; silk, linen",Bodhisattva,,H. 19.5 cm. W. 15 cm.,3 Six Dynasties Tang dynasty,Sui and Tang,From Chotscho,,"THE GERMAN STATE MUSEUMS, Berlin",,museum,"Berlin, Germany",yes,,
762,SILK EMBROIDERY on linen,item,Textile,Furnishings,"textiles; silk, linen",Bodhisattva,,H. 40 cm. W. 22 cm.,3 Six Dynasties Tang dynasty,Sui and Tang,From Chotscho,,"THE GERMAN STATE MUSEUMS, Berlin",,museum,"Berlin, Germany",yes,,
762A,FRAGMENT OF SILK TISSUE,item,Textile,Others,textiles; silk,,,,3 Six Dynasties Tang dynasty,Sui and Tang,from Astāna,,THE GOVERNMENT OF INDIA (Stein Collection),,government,India,,,
763,ALTAR VALANCE of pieces of figured silk,item,Textile,Furnishings,textiles; silk,,,792.8 by 48.3 cm.,3 Six Dynasties Tang dynasty,Sui and Tang,From DunHuang,,THE GOVERNMENT OF INDIA (Stein Collection),,government,India,,,
764,DISH on three feet,item,Metals,,metalwork; silver,,,Di. 24.7 cm.,3 Six Dynasties Tang dynasty,Sui and Tang,,,"JOSEPH HOMBERG, Paris",,private,"Paris, France",,,
765,STEM-CUP,item,Metals,,metalwork; silver,,,Di. 8.7 cm.,3 Six Dynasties Tang dynasty,Sui and Tang,,,"MR. AND MRS. WALTER SEDGWICK, London",,private,"London, U.K.",yes,,
766,CUP,item,Metals,,metalwork; gold,Of eight-foil shape,,H. 7.5 cm.,3 Six Dynasties Tang dynasty,Sui and Tang,,,"C. T. LOO, Paris",,private,"Paris, France",yes,,
767,CIRCULAR BOX AND COVER,item,Metals,,metalwork; gold,with granular work,,Di. 1.8 cm.,3 Six Dynasties Tang dynasty,Qin and Han,,,"THE WILLIAM ROCKHILL NELSON GALLERY OF ART, Kansas City",,museum,"Kansas, U.S.A.",yes,,
768,DISH,item,Metals,,metalwork; gold,,,Di. 10.2 cm.,3 Six Dynasties Tang dynasty,Sui and Tang,,,"F. GUTMANN, Heemstede, Holland",,private,"Hoomstede, Netherlands",yes,,
769,BOX AND COVER,item,Metals,,metalwork; silver-gilt,,,W. 10.6 cm.,3 Six Dynasties Tang dynasty,Sui and Tang,,,"MADAME ROSENHEIM, Paris",,private,"Paris, France",,,
770,MIRROR,item,Bronze,Furnishings,metalwork; bronze,,,Di. 8 cm.,3 Six Dynasties Tang dynasty,Sui and Tang,,,THE BRITISH MUSEUM (Eumorfopoulos Collection),,private,"London, U.K.",yes,,
771,MIRROR,item,Bronze,Furnishings,metalwork; bronze,,,Di. 3 cm.,3 Six Dynasties Tang dynasty,Sui and Tang,,,"MADAME ROSENHEIM, Paris",,private,"Paris, France",,,
772,DISH,item,Metals,,metalwork; silver,with repoussé boss,,Di. 14.9 cm.,3 Six Dynasties Tang dynasty,Song,,,"OSCAR RAPHAEL, London",,private,"London, U.K.",yes,,
773,BOX AND COVER,item,Metals,,metalwork; silver,"silver, of six-foil shape",,Di. 8 cm.,3 Six Dynasties Tang dynasty,Sui and Tang,,,"J. HOMBERG, Paris",,private,"Paris, France",,,
774,WINE CUP with handle,item,Metals,,metalwork; silver-gilt,,,Di. 6.2 cm.,3 Six Dynasties Tang dynasty,Sui and Tang,,,"MADAME ROSENHEIM, Paris",,private,"Paris, France",,,
775,MIRROR,item,Bronze,Furnishings,metalwork; bronze,with gold ornament and inset turquoise,,Di. 6.7 cm.,3 Six Dynasties Tang dynasty,Sui and Tang,,,"THE HON. AND MRS. ROBERT WOODS BLISS, Washington, D.C.",,private,"Washington, D.C., U.S.A.",,,
776,CUP WITH HANDLE,item,Metals,,metalwork; silver,,,Di. 9.3 cm.,3 Six Dynasties Tang dynasty,Sui and Tang,,,"MR. AND MRS. WALTER SEDGWICK, London",,private,"London, U.K.",,,
777,BOWL AND COVER,item,Metals,,metalwork; silver,silver nielloed in gold,,Di. 24.7 cm.,3 Six Dynasties Tang dynasty,Song,,,"C. KEMPE, Stockholm",,private,"Stockholm, Sweden",,,
778,CUP,item,Metals,,metalwork; silver,"silver-gilt, Engraved",,H. 6 cm.,3 Six Dynasties Tang dynasty,Sui and Tang,,,THE BRITISH MUSEUM (Eumorfopoulos Collection),,museum,"London, U.K.",yes,,
779,OX,item,Metals,,metalwork; silver,,,H. 14.3 cm.,3 Six Dynasties Tang dynasty,Song,,,THE BRITISH MUSEUM (Eumorfopoulos Collection),,museum,"London, U.K.",yes,,
780,HAIRPIN END,item,Metals,,metalwork; gold,with granular work and turquoise inlay,,W. 1.9 cm.,3 Six Dynasties Tang dynasty,Qin and Han,,,"THE WILLIAM ROCKHILL NELSON GALLERY OF ART, Kansas City",,museum,"Kansas, U.S.A.",yes,,
781,HAIRPIN END,item,Metals,,metalwork; gold,with granular work and turquoise inlay,,W. 1.7 cm. L. 2.6 cm.,3 Six Dynasties Tang dynasty,Qin and Han,,,"THE WILLIAM ROCKHILL NELSON GALLERY OF ART, Kansas City",,museum,"Kansas, U.S.A.",yes,,
782,CUP,item,Metals,,metalwork; silver,,,H. 4.2 cm.,3 Six Dynasties Tang dynasty,Sui and Tang,,,THE BRITISH MUSEUM (Eumorfopoulos Collection),,museum,"London, U.K.",,,
783,GLOBULAR POT,item,Metals,,metalwork; silver,,,H. 15.2 cm. Di. 9·2 cm.,3 Six Dynasties Tang dynasty,Six Dynasties,,,"MR. AND MRS. WALTER SEDGWICK, London",,private,"London, U.K.",,,
784,BOWL,item,Metals,,metalwork; gold,,,Di. 14.5 cm.,3 Six Dynasties Tang dynasty,Sui and Tang,,,THE BRITISH MUSEUM (Eumorfopoulos Collection),,museum,"London, U.K.",yes,,
785,BOWL AND COVER,item,Metals,,metalwork; silver,silver nielloed in gold,,Di. 24.1 cm.,3 Six Dynasties Tang dynasty,Song,,,"A. HELLSTRÖM, Mölndal, Sweden",,private,"Malmö, Sweden",yes,,
786,ENGRAVED LADLE with long handle,item,Metals,,metalwork; silver,,,L. 31.7 cm.,3 Six Dynasties Tang dynasty,Sui and Tang,,,"MRS. CHRISTIAN R. HOLMES, New York",,private,"New York, U.S.A.",yes,,
787,PAINTED SILK FRAGMENT,item,Paintings and Calligraphy,Religious painting,textiles; silk,head of a Bodhisattva,,30 by 25 cm.,3 Six Dynasties Tang dynasty,Sui and Tang,,,"THE GERMAN STATE MUSEUMS, Berlin",,museum,"Berlin, Germany",yes,,
788,FRAGMENTS of a painting in colour on silk,item,Paintings and Calligraphy,,textiles; silk,,,,3 Six Dynasties Tang dynasty,Sui and Tang,"found at Astāna, near Turfan",,THE GOVERNMENT OF INDIA (Stein Collection),,government,India,yes,,
789,SEATED LOHAN,item,Lacquer,Sculpture,dry plant derived materials; lacquer,with right foot over left knee,,H. 127.1 cm.,3 Six Dynasties Tang dynasty,Song,,,"MRS. JOHN D. ROCKEFELLER, JR., New York",,private,"New York, U.S.A.",yes,,
790,DRAWING in ink on paper,item,Paintings and Calligraphy,Animal and plants,plant derived materials; paper,Horses,,H. 27.9 cm. W. 19.6 cm.,3 Six Dynasties Tang dynasty,Sui and Tang,from Mazār Tāgh,,THE GOVERNMENT OF INDIA (Stein Collection),,government,India,yes,,
791,FRAGMENTS of a painting in colour on silk,item,Paintings and Calligraphy,,textiles; silk,,,,3 Six Dynasties Tang dynasty,Sui and Tang,"found at Astāna, near Turfan",,THE GOVERNMENT OF INDIA (Stein Collection),,government,India,yes,,
792,SILK HANGING,item,Textile,Furnishings,textiles; silk,embroidered with rows of Buddhas,,82.5 by 67.3 cm.,3 Six Dynasties Tang dynasty,Sui and Tang,from DunHuang,,THE GOVERNMENT OF INDIA (Stein Collection),,government,India,yes,,
793,Maitreya STATUETTE,item,Bronze,Sculptures,metalwork; bronze,,,H 61 cm.,3 Six Dynasties Tang dynasty,Six Dynasties,,,"THE UNIVERSITY MUSEUM, University of Pennsylvania",From the Tuan Fang Collection,museum,"Pennsylvania, U.S.A.",yes,,
794,KUAN-YIN,item,Bronze,Sculptures,metalwork; bronze,,,H. 18.5 cm.,3 Six Dynasties Tang dynasty,Sui and Tang,,,"G. PILSTER, Berlin",,private,"Berlin, Germany",yes,,
795,KUAN-YIN,item,Bronze,Sculptures,metalwork; bronze,,,H. 22.9 cm.,3 Six Dynasties Tang dynasty,Sui and Tang,,,"A. STOCLET, Brussels",,private,"Brussels, Belgium",yes,,
796,BODHISATTVA,item,Bronze,Sculptures,metalwork; bronze,,,H. 27.9 cm.,3 Six Dynasties Tang dynasty,Sui and Tang,,,"OSCAR RAPHAEL, London",,private,"London, U.K.",yes,,
797,STANDING KUAN-YIN,item,Bronze,Sculptures,metalwork; bronze,,,H. 27 cm.,3 Six Dynasties Tang dynasty,Six Dynasties,,,"A. STOCLET, Brussels",,private,"Brussels, Belgium",yes,,
798,BUDDHIST FIGURE,item,Bronze,Sculptures,metalwork; bronze,,,H. 12.2 cm.,3 Six Dynasties Tang dynasty,Sui and Tang,,,"MUSÉE GUIMET, Paris",,private,"Paris, France",yes,,
799,BUDDHIST FIGURE,item,Bronze,Sculptures,metalwork; bronze,,,H. 11.2 cm.,3 Six Dynasties Tang dynasty,Sui and Tang,,,"MUSÉE GUIMET, Paris",,private,"Paris, France",yes,,
800,KUAN-YIN,item,Bronze,Sculptures,metalwork; bronze,"standing, with aureole,",,H. 36.1 cm.,3 Six Dynasties Tang dynasty,Six Dynasties,,,"FUSAJIRO ABE, Sumiyoshi, near Kobe",National Treasure B,private,"Kobe, Japan",yes,,
801,"SIX ACCESSORY PIECES of the Tuan Fang shrine, now in Boston",item,Bronze,Others,metalwork; bronze,,,Av. H. 10.1 cm.,3 Six Dynasties Tang dynasty,Sui and Tang,,,"MRS. C. L. AND MISS RUTHERSTON, Farnham and London",From the Collection of Charles L. Rutherston,private,"London, U.K.",,,
802,LION,item,Bronze,Sculptures,metalwork; bronze,,,H. 8 cm.,3 Six Dynasties Tang dynasty,Sui and Tang,,,"G. PILSTER, Berlin",,private,"Berlin, Germany",,,
803,STELE,item,Bronze,Others,metalwork; bronze,with two Buddhas,,H. 24 cm.,3 Six Dynasties Tang dynasty,Six Dynasties,,,"A. STOCLET, Brussels",,private,"Brussels, Belgium",yes,,
804,TWO BUDDHAS (Śākyamuni and Prabhūtaratna),item,Bronze,Sculptures,metalwork; bronze,bronze group,,H. 26 cm.,3 Six Dynasties Tang dynasty,Six Dynasties,,,"MUSÉE DU LOUVRE, Paris",,museum,"Paris, France",yes,,
805,BUDDHA,item,Bronze,Sculptures,metalwork; bronze,,,H. 20.2 cm.,3 Six Dynasties Tang dynasty,Sui and Tang,,,"MRS. CHRISTIAN R. HOLMES, New York",,private,"New York, U.S.A.",yes,,
806,KUAN-YIN with ewer,item,Bronze,Sculptures,metalwork; bronze,Wooden stand with inscription,inscriped,H. 29.2 cm.,3 Six Dynasties Tang dynasty,Sui and Tang,,,"MRS. JOHN D. ROCKEFELLER, JR., New York",,private,"New York, U.S.A.",yes,,
807,STELE with Kuan-yin,item,Bronze,Sculptures,metalwork; bronze,,,H. 32 cm.,3 Six Dynasties Tang dynasty,Sui and Tang,,,"A. STOCLET, Brussels",,private,"Brussels, Belgium",yes,,
808,PAINTING in colour on silk,item,Paintings and Calligraphy,Religious painting,textiles; silk,Scenes from the life of Śākyamuni Buddha,,H. 51 cm. W. 29 cm.,3 Six Dynasties Tang dynasty,Sui and Tang,from DunHuang,,THE GOVERNMENT OF INDIA (Stein Collection),,government,India,yes,,
809,PAINTING ON SILK (fragment),item,Paintings and Calligraphy,,textiles; silk,,,L. 45 cm.,3 Six Dynasties Tang dynasty,Sui and Tang,,,"THE GERMAN STATE MUSEUMS, Berlin",,museum,"Berlin, Germany",yes,,
810,Painting in colour on silk,item,Paintings and Calligraphy,Genre painting,textiles; silk,Drunken Orgy,,H. 33 cm. L. 80 cm.,3 Six Dynasties Tang dynasty,Song,,UNKNOWN ARTIST,"A. STOCLET, Brussels",,private,"Brussels, Belgium",yes,,
811,KUAN-YIN,item,Bronze,Sculptures,metalwork; bronze,,,H. 66.1 cm.,3 Six Dynasties Tang dynasty,Five Dynasties,,,"THE UNIVERSITY MUSEUM, University of Pennsylvania",,museum,"Pennsylvania, U.S.A.",yes,,
756&812,LOKAPĀLA (Guardian King),,Organic Materials,,plant derived materials; wood,Pair with No. 756,,H. 110 cm.,3 Six Dynasties Tang dynasty,Sui and Tang,,,"MUSÉE GUIMET, Paris",,private,"Paris, France",yes,,
813,Painting in faint colour on silk,item,Paintings and Calligraphy,Religious painting,textiles; silk,A Taoist Deity riding the Ch'i-lin (Unicorn),,150 by 75 cm.,3 Six Dynasties Tang dynasty,Song,,LI LUNG-MIEN (c A.D. 1040-1106) (attributed to),"SIR PERCIVAL DAVID, BT., London",,private,"London, U.K.",yes,,
814,FRAGMENTS OF EMBROIDERED SILK,item,Textile,Others,textiles; silk,,,,3 Six Dynasties Tang dynasty,Sui and Tang,,,"MUSÉE DU LOUVRE, Paris (Pelliot Collection)",,museum,"Paris, France",yes,,
815,VASE AND COVER,item,Ceramics,pottery,ceramics; pottery,"decorated with Arabic and bold designs, pottery, with a wash of white slip",,H. 33 cm.,3 Six Dynasties Tang dynasty,Six Dynasties,,,"H. J. OPPENHEIM, London",,private,"London, U.K.",yes,,
816,TWO-HANDLED VASE,item,Ceramics,porcelain,ceramics; porcellanous ware,,,H. 39 cm.,3 Six Dynasties Tang dynasty,Six Dynasties,,,"S. D. WINKWORTH, Walton-on-the-Hill, Surrey",,private,"Surrey, U.K.",,,
817,VASE,item,Ceramics,stoneware,ceramics; proto-porcelain,with t'ao-t'ieh (ogre) mask handles,,H. 26.5 cm.,3 Six Dynasties Tang dynasty,Six Dynasties,,,"THE GEMEENTE MUSEUM, The Hague, Holland",,museum,"The Hague, Netherlands",yes,,
818,COLLECTION OF GOLD JEWELLERY,item,Metals,,metalwork; gold,"from the Hermitage Museum, Leningrad, Found in the tomb of a princess of the Ch'ing Dynasty",,,3 Six Dynasties Tang dynasty,Qing,,,THE GOVERNMENT OF THE SOVIET UNION,,government,Russia,yes,,
819,SEATED BUDDHA,item,Organic Materials,,plant derived materials; wood,carved wood   with gilding,,H. 58.5 cm.,3 Six Dynasties Tang dynasty,Song,,,"A. STOCLET, Brussels",,private,"Brussels, Belgium",,,
820,ROUND BRUSH WASHER,item,Ceramics,porcelain,procelain,"Kuan ware , with bluish-grey crackled glaze",,Di. 27 cm.,4 Song Dynasty,Song,,,THE CHINESE GOVERNMENT,,government,China,,,
821,VASE,item,Ceramics,porcelain,ceramics; porcelain,"Kuan ware,  of rectangular section (fang hu), in three tiers, dark-bodied ware with light greenish-grey glaze",On the base is inscribed an Imperial poem of the Qianlong period,H. 12.2 cm.,4 Song Dynasty,Song,,,THE CHINESE GOVERNMENT,,government,China,yes,,
822,VASE,item,Ceramics,porcelain,ceramics; porcelain,"Kuan ware , of rectangular section (fang hu), with tubular handles and tape-holes on the footrim, with light greenish-blue crackled glaze",On base and wooden stand is inscribed an Imperial poem of the Qianlong period,H. 8.4 cm.,4 Song Dynasty,Song,,,THE CHINESE GOVERNMENT,,government,China,yes,,
823,DISH,item,Ceramics,porcelain,ceramics; porcelain,"Kuan ware,  in flower form, dark-bodied, with light greenish-blue crackled glaze",,Di. 18.9 cm.,4 Song Dynasty,Song,,,THE CHINESE GOVERNMENT,,government,China,yes,,
824,VASE (p'ing),item,Ceramics,porcelain,ceramics; porcelain,"Kuan ware ,  with tape-holes in footrim, dark-bodied, with bluish-grey glaze",Base and wooden stand are inscribed with Imperial poem of the Qianlong period,H. 12.4 cm.,4 Song Dynasty,Song,,,THE CHINESE GOVERNMENT,,government,China,yes,,
825,FLOWER RECEPTACLE,item,Ceramics,pottery,ceramics; pottery,"goblet-shaped, dark-bodied ware with light greenish-blue glaze",On the base is inscribed an Imperial poem of the Qianlong period,H. 15.6 cm.,4 Song Dynasty,Song,,,THE CHINESE GOVERNMENT,,government,China,yes,,
826,VASE,item,Ceramics,porcelain,ceramics; porcelain,"Kuan ware ,of octagonal section, bronze form, with tubular handles, Dark-bodied, with grey glaze",On base and wooden stand is inscribed an Imperial poem of the Qianlong period,H. 15 cm.,4 Song Dynasty,Song,,,THE CHINESE GOVERNMENT,,government,China,yes,,
827,VASE,item,Ceramics,porcelain,porcelain,"Kuan ware ,of octagonal section (pa-lêng p'ing), with flanged mouth and bowstring fillets, and light greenish-blue crackled glaze",On base and wooden stand is inscribed an Imperial poem of the Qianlong period,H. 22 cm.,4 Song Dynasty,Song,,,THE CHINESE GOVERNMENT,,government,China,yes,,
828,NARCISSUS POT,item,Ceramics,porcelain,ceramics; porcelain,"Kuan ware ,oval, with greenish-blue glaze",On the base is inscribed an Imperial poem of the Qianlong period. With a carved wood stand containing a specimen of calligraphy by the same emperor,H. 6.8 cm.,4 Song Dynasty,Song,,,THE CHINESE GOVERNMENT,,government,China,yes,,
829,OCTAGONAL VASE (pa-fang hu),item,Ceramics,porcelain,ceramics; porcelain,"Kuan type, with pierced handles and light greenish-blue glaze",On the base is inscribed an Imperial poem of the Qianlong period,H. 14.1 cm.,4 Song Dynasty,Song,,,THE CHINESE GOVERNMENT,,government,China,yes,,
830,VASE (tan p'ing),item,Ceramics,porcelain,ceramics; porcelain,"Kuan ware, with lobed body, dark ware, with crackled greenish-grey glaze",On the base is inscribed an Imperial poem of the Qianlong period,Di. 16 cm.,4 Song Dynasty,Song,,,THE CHINESE GOVERNMENT,,government,China,yes,,
831,BRUSH WASHER,item,Ceramics,porcelain,ceramics; porcelain,"Kuan ware, with light bluish-grey crackled glaze",Incised mark "Chêng-an",Di. 15.4 cm.,4 Song Dynasty,Song,,,THE CHINESE GOVERNMENT,,government,China,yes,,
832,VASE (hu),item,Ceramics,porcelain,ceramics; porcelain,"Kuan ware, with two bowstring fillets, dark-bodied, with crackled greenish-grey glaze",Base and wooden stand are inscribed with an Imperial poem of the Qianlong period,H. 11.8 cm.,4 Song Dynasty,Song,,,THE CHINESE GOVERNMENT,,government,China,yes,,
833,SMALL VASE (hsiao p'ing),item,Ceramics,porcelain,ceramics; porcelain,"Kuan ware, with lobed sides, in the shape of a pyrus blossom, dark-bodied with warm grey glaze",,H. 11.4 cm.,4 Song Dynasty,Song,,,THE CHINESE GOVERNMENT,,government,China,,,
834,BOWL,item,Ceramics,porcelain,ceramics; porcelain,"Kuan ware, in flower form, dark-bodied, with light greenish-grey glaze",,Di. 17.9 cm.,4 Song Dynasty,Song,,,THE CHINESE GOVERNMENT,,government,China,yes,,
835,VASE (p'ing),item,Ceramics,porcelain,ceramics; porcelain,"Lung-ch'üan ware, in the shape of a ts'ung (ritual symbol) with blue-green glaze",,H. 25.6 cm.,4 Song Dynasty,Song,,,THE CHINESE GOVERNMENT,,government,China,,,
836,ROUND BRUSH WASHER,item,Ceramics,porcelain,ceramics; porcelain,"Kuan ware,  with light bluish-grey crackled glaze covering decoration of a coiled dragon carved in relief",,Di. 25 cm.,4 Song Dynasty,Song,,,THE CHINESE GOVERNMENT,,government,China,yes,,
837,BRUSH BARREL,item,Ceramics,porcelain,ceramics; porcelain,"Kuan ware, dark-bodied ware, with light greenish-blue glaze",Base and accompanying wooden stand have Qianlong inscriptions,H. 9.8 cm.,4 Song Dynasty,Song,,,THE CHINESE GOVERNMENT,,government,China,yes,,
838,SMALL BOWL,item,Ceramics,porcelain,ceramics; porcelain,"Kuan ware, in form of water-caltrop blossom with bluish-grey glaze",,Di. 8.7 cm.,4 Song Dynasty,Song,,,THE CHINESE GOVERNMENT,,government,China,yes,,
839,WRIST REST,item,Ceramics,porcelain,ceramics; porcelain,"Kuan ware, dark-bodied ware with bluish-grey glaze",Reverse portion and accompanying wooden stand have Qianlong inscriptions,L. 22.5 cm.,4 Song Dynasty,Song,,,THE CHINESE GOVERNMENT,,government,China,yes,,
840,BRUSH WASHER,item,Ceramics,porcelain,ceramics; porcelain,"Kuan ware, in the form of a water-caltrop blossom, with light greenish-blue glaze",,Di. 12.6 cm.,4 Song Dynasty,Song,,,THE CHINESE GOVERNMENT,,government,China,,,
841,VASE,item,Ceramics,porcelain,ceramics; porcelain,"Kuan ware, with square-sectioned neck for three sprays and greenish-grey crackled glaze",Base and wooden stand are inscribed an Imperial poem of the Qianlong period,H. 17.6 cm.,4 Song Dynasty,Song,,,THE CHINESE GOVERNMENT,,government,China,yes,,
842,VASE (p'ing),item,Ceramics,porcelain,ceramics; porcelain,"Kuan ware, in the shape of a double gourd, dark-bodied, with greenish-grey crackled glaze",,H. 23.9 cm.,4 Song Dynasty,Song,,,THE CHINESE GOVERNMENT,,government,China,yes,,
843,VASE (hu),item,Ceramics,porcelain,ceramics; porcelain,"Kuan ware, with lobed sides and tubular handles, dark-bodied, with greenish crackled glaze",Base and wooden stand are inscribed with an Imperial poem of the Qianlong period,H. 16.7 cm.,4 Song Dynasty,Song,,,THE CHINESE GOVERNMENT,,government,China,yes,,
844&847,DISH,set,Ceramics,porcelain,ceramics; porcelain,"Ko or Kuan ware, with rim in flower form and greenish-grey crackled glaze.Pair with No. 847",On the base is inscribed an Imperial poem of the Qianlong period.,Di. 14.5 cm.,4 Song Dynasty,Song,,,THE CHINESE GOVERNMENT,,government,China,yes,,
845,SQUARE INCENSE-BURNER (fang-lu),item,Ceramics,porcelain,ceramics; porcelain,"Kuan ware, with light grey-green crackled glaze",On the base is inscribed an Imperial poem of the Qianlong period,H. 10.5 cm.,4 Song Dynasty,Song,,,THE CHINESE GOVERNMENT,,government,China,yes,,
846,BRUSH WASHER,item,Ceramics,porcelain,ceramics; porcelain,"Kuan ware, in the form of a bundle of sugar-cane with light greenish-blue crackled glaze",,Di. 18.2 cm.,4 Song Dynasty,Song,,,THE CHINESE GOVERNMENT,,government,China,yes,,
844&847,DISH,,Ceramics,porcelain,ceramics; porcelain,"Ko or Kuan ware, with rim in flower form and greenish-grey crackled glaze.Pair with No. 844",On the base is inscribed an Imperial poem of the Qianlong period.,Di. 14.5 cm.,4 Song Dynasty,Song,,,THE CHINESE GOVERNMENT,,government,China,yes,,
848,WATER DROPPER,item,Ceramics,porcelain,ceramics; porcelain,"Kuan ware, with pale grey crackled glaze, with two coral stoppers in the form of bats (a rebus for fu—blessings)",,H. 3.2 cm.,4 Song Dynasty,Song,,,THE CHINESE GOVERNMENT,,government,China,yes,,
849,VASE (p'ing),item,Ceramics,porcelain,ceramics; porcelain,"Kuan ware, with flanged mouth in the form of a paper-beater, dark-bodied, with light greenish-blue glaze",Base and wooden stand are inscribed with an Imperial poem of the Qianlong period,H. 12.1 cm.,4 Song Dynasty,Song,,,THE CHINESE GOVERNMENT,,government,China,yes,,
850,DISH,item,Ceramics,porcelain,ceramics; porcelain,"Kuan ware, in flower form, with light greenish-blue crackled glaze",,Di. 23.5 cm.,4 Song Dynasty,Song,,,THE CHINESE GOVERNMENT,,government,China,,,
851,TRIPOD INCENSE-BURNER,item,Ceramics,porcelain,ceramics; porcelain,"Kuan ware, dark-bodied ware, with pale bluish-grey crackled glaze",On the base is inscribed an Imperial poem of the Qianlong period,H. 6.3 cm.,4 Song Dynasty,Song,,,THE CHINESE GOVERNMENT,,government,China,yes,,
852,BOTTLE (tan p'ing),item,Ceramics,porcelain,ceramics; porcelain,"Kuan ware, with light greenish-blue (fen-ch'ing) glaze",,H. 13.9 cm.,4 Song Dynasty,Song,,,THE CHINESE GOVERNMENT,,government,China,,,
853,INCENSE-BURNER,item,Ceramics,porcelain,ceramics; porcelain,"Kuan ware, with three feet, with lavender-blue glaze, Carved wooden cover, with jade knob and a wooden stand",the wooden stand inscribed "Qianlong.",H. 9.1 cm.,4 Song Dynasty,Song,,,THE CHINESE GOVERNMENT,,government,China,yes,,
854,WATER DROPPER,item,Ceramics,porcelain,ceramics; porcelain,"Kuan ware, in the form of two lotus pods, dark-bodied ware, with greyish crackled glaze",,H. 6.2 cm.,4 Song Dynasty,Song,,,THE CHINESE GOVERNMENT,,government,China,yes,,
855,DISH,item,Ceramics,porcelain,ceramics; porcelain,"Kuan ware, dark-bodied, with light greenish-grey crackled glaze",,Di. 27.3 cm.,4 Song Dynasty,Song,,,THE CHINESE GOVERNMENT,,government,China,yes,,
856,KU (beaker),item,Ceramics,porcelain,ceramics; porcelain,"Kuan ware, of dark-bodied ware, with light greenish-blue crackled glaze",,H. 17.2 cm.,4 Song Dynasty,Song,,,THE CHINESE GOVERNMENT,,government,China,yes,,
857,FLASK (pien hu),item,Ceramics,porcelain,ceramics; porcelain,"Kuan ware, with bow-shaped handles and light grey-green glaze",On the base is inscribed an Imperial poem of the Qianlong period,H. 11.7 cm.,4 Song Dynasty,Song,,,THE CHINESE GOVERNMENT,,government,China,yes,,
858,An Autumn Evening by a Lake,item,Paintings and Calligraphy,Landscape,plant derived materials; paper,Scroll painting in ink on "flower-pressed" paper. The attribution seems justified,with the Emperor's cipher,H. 33.1 cm.W. 233.7 cm.,4 Song Dynasty,Song,,THE EMPEROR HUI TSUNG (b. A.D. 1082-d. 1135),THE CHINESE GOVERNMENT,,government,China,yes,,
859,Painting in colour on silk,item,Paintings and Calligraphy,Landscape,textiles; silk,Landscape in the style of Chang Sêng-yu,With seals of the Sung Emperor Kao Tsung,H. 210.9 cm. W. 85 cm.,4 Song Dynasty,Song,,UNKNOWN ARTIST,THE CHINESE GOVERNMENT,,government,China,yes,,
860,KUAN-YIN,item,Organic Materials,,plant derived materials; wood,with traces of colour,,H. 193.1 cm.,4 Song Dynasty,Song,,,"OSCAR RAPHAEL, London",,private,"London, U.K.",yes,,
861,VASE,item,Ceramics,porcelain,ceramics; porcelain,"Kuan ware, black-bodied, with bluish-grey crackled glaze",,H. 26.8 cm.,4 Song Dynasty,Song,,,THE BRITISH MUSEUM (Eumorfopoulos Collection),,museum,"London, U.K.",yes,,
862,BEGGING BOWL,item,Ceramics,porcelain,ceramics; porcelain,"Kuan ware, with bluish-grey crackled glaze",,Di. 16.4 cm.,4 Song Dynasty,Song,,,"THE METROPOLITAN MUSEUM OF ART, New York",,museum,"New York, U.S.A.",yes,,
863,PLATE,item,Ceramics,porcelain,ceramics; porcelain,"Kuan ware, in flower form, brown porcellanous ware with grey crackled glaze",,Di. 12 cm.,4 Song Dynasty,Song,,,"SIR PERCIVAL DAVID, BT., London",,private,"London, U.K.",yes,,
864,BOWL,item,Ceramics,porcelain,ceramics; porcelain,"Ko ware, brown porcellanous ware with pinkish-grey crackled ""bubble"" glaze. On the base is cut the character p'ing","On the base is inscribed an Imperial poem of the Qianlong period. From the Imperial Collection, Peking",Di. 18.5 cm.,4 Song Dynasty,Song,,,"SIR PERCIVAL DAVID, BT., London",,private,"London, U.K.",yes,,
865,BRUSH WASHER,item,Ceramics,porcelain,ceramics; porcelain,"Kuan ware, with pinkish-grey crackled glaze",,Di. 12 cm.,4 Song Dynasty,Song,,,"THE METROPOLITAN MUSEUM OF ART, New York",,museum,"New York, U.S.A.",yes,,
866,INCENSE VASE,item,Ceramics,porcelain,ceramics; porcelain,"Ko ware, two-handled, stoneware, with drab crackled glaze. 。","The character p'ing is engraved on the interior, On the base is engraved an Imperial poem of the Qianlong period.",H. 8.3 cm.,4 Song Dynasty,Song,,,"SIR PERCIVAL DAVID, BT., London","From the Imperial Collection, Peking",private,"London, U.K.",yes,,
867,BOTTLE,item,Ceramics,porcelain,"ceramics; porcelain, From the Imperial Collection, Peking","Kuan ware, stoneware, with dove-grey crackled glaze",On the base is engraved an Imperial poem of the Qianlong period,H. 16 cm.,4 Song Dynasty,Song,,,"SIR PERCIVAL DAVID, BT., London",,private,"London, U.K.",yes,,
868,VASE,item,Ceramics,porcelain,ceramics; porcelain,"Kuan ware, with two handles, grey crackled glaze",Inscribed with an Imperial poem of the Qianlong period,H. 10.8 cm.,4 Song Dynasty,Song,,,"CAPTAIN A. T. WARRE, Hove",,private,"East Sussex, U.K.",yes,,
869,INCENSE BURNER,item,Ceramics,porcelain,ceramics; porcelain,"Kuan ware, blackish stoneware, with opaque grey crackled glaze, From the Imperial Collection, Peking",,Di. 21.5 cm.,4 Song Dynasty,Song,,,"SIR PERCIVAL DAVID, BT., London",,private,"London, U.K.",yes,,
870,BOWL,item,Ceramics,porcelain,ceramics; porcelain,"Kuan or Ko ware, dark brown ware, with greenish-grey crackled glaze",,Di. 12 cm.,4 Song Dynasty,Song,,,"SIR PERCIVAL DAVID, BT., London",,private,"London, U.K.",,,
871,BOTTLE,item,Ceramics,porcelain,ceramics; porcelain,of paper-beater form. Porcelain with brown slip and blue-grey crackled glaze of Ju ware type.,Impressed Yongzheng seal mark on base and incised characters yung pao (Ever Precious),H. 26.7 cm.,4 Song Dynasty,Song,,,"SIR PERCIVAL DAVID, BT., London","From the Imperial Collection, Peking",private,"London, U.K.",yes,,
872,INCENSE-BURNER,item,Ceramics,porcelain,ceramics; porcelain,"Kuan ware, stoneware, with pinkish-grey crackled glaze, From the Imperial Collection, Peking",On the base is inscribed an Imperial poem of the Qianlong period,Di. 10.7 cm.,4 Song Dynasty,Song,,,"SIR PERCIVAL DAVID, BT., London",,private,"London, U.K.",yes,,
873,INCENSE VASE,item,Ceramics,porcelain,ceramics; porcelain,"Ko ware, two-handled, stoneware, with ash-grey crackled glaze,",On the base is inscribed an Imperial poem of the Qianlong period.,H. 9 cm.,4 Song Dynasty,Song,,,"SIR PERCIVAL DAVID, BT., London","From the Imperial Collection, Peking",private,"London, U.K.",yes,,
874,CUP,item,Ceramics,porcelain,ceramics; porcelain,"Kuan ware, in the form of a peach, dark-bodied, with bluish-grey glaze",,L. 12.5 cm.,4 Song Dynasty,Song,,,THE BRITISH MUSEUM (Eumorfopoulos Collection),,museum,"London, U.K.",yes,,
875,BOTTLE,item,Ceramics,porcelain,ceramics; porcelain,"Kuan ware, with pear-shaped body and slender neck, pale bluish-grey crackled glaze. Copper band on mouth-rim and foot-rim",On the base is inscribed an Imperial poem of the Qianlong period,H. 17.4 cm.,4 Song Dynasty,Song,,,"SIR PERCIVAL DAVID, BT., London",,private,"London, U.K.",yes,,
876,VASE,item,Ceramics,porcelain,ceramics; porcelain,"Kuan ware, in bronze form, with flattened pear-shaped body and square tubular handles. Dove-grey glaze and wide crackle",,H. 35.2 cm.,4 Song Dynasty,Song,,,"SIR PERCIVAL DAVID, BT., London","From the Imperial Collection, Peking",private,"London, U.K.",yes,,
877,INCENSE VASE,item,Ceramics,porcelain,ceramics; porcelain,"Kuan ware, stoneware, in bronze form, with stone-grey crackled glaze. The Eight Trigrams (pa kua) on the sides",,L. 27.7 cm.,4 Song Dynasty,Song,,,"SIR PERCIVAL DAVID, BT., London","From the Imperial Collection, Peking",private,"London, U.K.",yes,,
878,PLATE,item,Ceramics,porcelain,ceramics; porcelain,"Ko ware, with grey crackled glaze",With an Imperial inscription of the Qianlong period,Di. 16 cm.,4 Song Dynasty,Song,,,"SIR PERCIVAL DAVID, BT., London",,private,"London, U.K.",yes,,
879,CUP,item,Ceramics,porcelain,ceramics; porcelain,"Kuan ware, of octagonal form, with slightly everted lip, stoneware, with boldly crackled buff-grey glaze",,Di. 7.7 cm.,4 Song Dynasty,Song,,,"SIR PERCIVAL DAVID, BT., London",,private,"London, U.K.",yes,,
880,WATER POT,item,Ceramics,porcelain,ceramics; porcelain,"Ko ware, with eight lobes, stone-grey crackled glaze",,Di. 9.8 cm.,4 Song Dynasty,Song,,,"SIR PERCIVAL DAVID, BT., London",,private,"London, U.K.",,,
881,INCENSE VASE,item,Ceramics,porcelain,ceramics; porcelain,"Ko ware, with globular body and wide neck, stoneware, with warm grey crackled glaze. The lip is mounted with copper band.",,H. 12 cm.,4 Song Dynasty,Song,,,"SIR PERCIVAL DAVID, BT., London","From the Imperial Collection, Peking",private,"London, U.K.",yes,,
882,BOTTLE,item,Ceramics,porcelain,ceramics; porcelain,"Kuan ware, with grey crackled glaze. From the Imperial Collection, Peking",,H. 21.5 cm.,4 Song Dynasty,Song,,,"SIR PERCIVAL DAVID, BT., London",,private,"London, U.K.",yes,,
883,BOTTLE,item,Ceramics,porcelain,ceramics; porcelain,"Ko ware, with two tubular loops at the top, stoneware, with warm grey crackled glaze",,H. 12.2 cm.,4 Song Dynasty,Song,,,"SIR PERCIVAL DAVID, BT., London",,private,"London, U.K.",yes,,
884,CONICAL BOWL,item,Ceramics,porcelain,ceramics; porcelain,"Kuan ware, with bluish-green crackled glaze",,Di. 15.2 cm.,4 Song Dynasty,Song,,,"ALAN BARLOW, C.B., C.B.E., Wendover, Bucks",,private,"Buckinghamshire, U.K.",yes,,
885,BRUSH WASHER,item,Ceramics,porcelain,ceramics; porcelain,"Ko ware, six-lobed, stoneware, with drab grey crackled glaze",,Di. 18.5 cm.,4 Song Dynasty,Song,,,"SIR PERCIVAL DAVID, BT., London",,private,"London, U.K.",yes,,
886,BRUSH WASHER,item,Ceramics,porcelain,ceramics; porcelain,"? Lung-ch'üan ware, with grey-green crackled glaze",,Di. 15.2 cm.,4 Song Dynasty,Song,,,"SIR PERCIVAL DAVID, BT., London",,private,"London, U.K.",yes,,
887,VASE,item,Ceramics,porcelain,ceramics; porcelain,"Kuan or Ko ware, of bronze form, grey porcellanous ware with pale greenish-grey crackled glaze clouded with brown. ",On the base is inscribed an Imperial poem of the Qianlong period.,H. 27.4 cm.,4 Song Dynasty,Song,,,"SIR PERCIVAL DAVID, BT., London","From the Imperial Collection, Peking",private,"London, U.K.",yes,,
888,WATER DROPPER,item,Ceramics,porcelain,ceramics; porcelain,"Ko ware, barrel-shaped, with grey crackled glaze",,H. 4 cm.,4 Song Dynasty,Song,,,"SIR PERCIVAL DAVID, BT., London",,private,"London, U.K.",yes,,
889,DISH,item,Ceramics,porcelain,ceramics; porcelain,"Ko ware, with six-foil rim and greenish-grey crackled glaze",On the base is inscribed an Imperial poem of the Qianlong period,Di. 15.4 cm.,4 Song Dynasty,Song,,,"SIR PERCIVAL DAVID, BT., London",,private,"London, U.K.",,,
890,BOWL,item,Ceramics,porcelain,ceramics; porcelain,"Kuan or Ko type, octagonal, with foliate rim slightly everted, grey porcelain with warm grey crackled glaze. From the Imperial Collection, Peking",On the base is inscribed an Imperial poem of the Qianlong period,Di. 17.8 cm.,4 Song Dynasty,Ming,,,"SIR PERCIVAL DAVID, BT., London",,private,"London, U.K.",yes,,
891,SQUARE VASE,item,Ceramics,porcelain,ceramics; porcelain,"Kuan ware, of bronze form, with greenish-grey crackled glaze",,H. 30.8 cm.,4 Song Dynasty,Song,,,"SIR PERCIVAL DAVID, BT., London",,private,"London, U.K.",yes,,
892,BOTTLE,item,Ceramics,porcelain,ceramics; porcelain,"Southern Kuan ware, dark-bodied, with greenish-grey crackled glaze",,W. 13.7 cm.,4 Song Dynasty,Song,,,THE BRITISH MUSEUM (Eumorfopoulos Collection),,museum,"London, U.K.",yes,,
893,SQUARE DISH,item,Ceramics,porcelain,ceramics; porcelain,"Ko ware, with grey-green crackled glaze",,W. 13.5 cm.,4 Song Dynasty,Song,,,"SIR PERCIVAL DAVID, BT., London",,private,"London, U.K.",,,
894,Scroll painting in ink and faint colour on silk,item,Paintings and Calligraphy,Court Painting,textiles; silk,Ladies in the Palace. Third portion of the scroll,with appreciation by Chang Ch'êng.,H. 26 cm. L. 146 cm.,4 Song Dynasty,Song,,"CHOU WEN-CHÜ (active c. A.D. 970), after.","THE UNIVERSITY MUSEUM, University of Pennsylvania",,museum,"Pennsylvania, U.S.A.",yes,,
895,Scroll painting in ink and faint colour on silk,item,Paintings and Calligraphy,Court Painting,textiles; silk,Ladies in the Palace.  Last portion of the scroll,with seal of Chang Ch'êng. c.,H. 26 cm. W. 167.8 cm.,4 Song Dynasty,Song,,"CHOU WEN-CHÜ (active c. A.D. 970), after","SIR PERCIVAL DAVID, BT., London",,private,"London, U.K.",yes,,
896,Painting in colour on silk,item,Paintings and Calligraphy,Figure,textiles; silk,A Girl Gathering the Ling-chih (fungus),,H. 102.6 cm. W. 48.4 cm.,4 Song Dynasty,Song,,UNKNOWN ARTIST,THE CHINESE GOVERNMENT,,government,China,yes,,
897,Painting in ink on silk,item,Paintings and Calligraphy,Landscape,textiles; silk,A Snowy Evening,,H. 102.1 cm. W. 55.9 cm.,4 Song Dynasty,Song,,UNKNOWN ARTIST,THE CHINESE GOVERNMENT,,government,China,,,
898,Painting in colour on silk,item,Paintings and Calligraphy,Landscape,textiles; silk,Boating by the Willows of the West Lake,,H. 107.2 cm. W. 59.3 cm.,4 Song Dynasty,Song,,HSIA KUEI (active c. A.D. 1180-1230),THE CHINESE GOVERNMENT,,government,China,yes,,
899,Painting in colour on silk,item,Paintings and Calligraphy,Scholar painting,textiles; silk,Looking at Plum Blossoms,,H. 109.9 cm. W. 53.6 cm.,4 Song Dynasty,Song,,UNKNOWN ARTIST,THE CHINESE GOVERNMENT,,government,China,,,
900,Painting in colour on silk,item,Paintings and Calligraphy,Scholar painting,textiles; silk,"Sitting in contemplation by a stread, Unsigned, but the attribution seems justified",,H. 156.2 cm. W. 106.6 cm.,4 Song Dynasty,Song,,FAN K'UAN (active c. A.D. 990-1030),THE CHINESE GOVERNMENT,,government,China,yes,,
901,Painting in ink on silk,item,Paintings and Calligraphy,Landscape,textiles; silk,Spring Snow on a Mountain Pass,,H. 179.1 cm. W. 51.2 cm.,4 Song Dynasty,Song,,KUO HSI (c. A.D. 1020-1090),THE CHINESE GOVERNMENT,,government,China,,,
902,HU (vase),item,Ceramics,porcelain,ceramics; porcelain,"Kuan ware, with tubular handles and tape-holes in foot-rim and apricot panels, dark-bodied, with greenish-grey crackled glaze",On the base and on accompanying wooden stand are inscribed an Imperial poem of the Qianlong period,H. 20.3 cm.,4 Song Dynasty,Song,,,THE CHINESE GOVERNMENT,,government,China,yes,,
903,BOWL,item,Ceramics,porcelain,ceramics; porcelain,"Ko ware, with two handles and light grey-green crackled glaze and copper rim",,D. 18.9 cm.,4 Song Dynasty,Song,,,THE CHINESE GOVERNMENT,,government,China,yes,,
904,DISH,item,Ceramics,porcelain,ceramics; porcelain,"Ko ware, with rim in flower form and greenish crackled glaze",On the base is inscribed an Imperial poem of the Qianlong period,Di. 19.4 cm.,4 Song Dynasty,Song,,,THE CHINESE GOVERNMENT,,government,China,yes,,
905,STEM-CUP,item,Ceramics,porcelain,ceramics; porcelain,"Kuan ware, with buff-grey (mi-sè or ""roasted rice"" colour) crackled glaze",,Di. 13 cm.,4 Song Dynasty,Song,,,THE CHINESE GOVERNMENT,,government,China,yes,,
906,INCENSE-BURNER,item,Ceramics,porcelain,ceramics; porcelain,"Ko ware, in the form of an I (sacrificial vessel) with fish-shaped handles,dark-bodied ware with light greenish-grey crackled glaze",,H. 11.7 cm.,4 Song Dynasty,Song,,,THE CHINESE GOVERNMENT,,government,China,yes,,
907,DISH,item,Ceramics,porcelain,ceramics; porcelain,"Ko ware, with rim in flower form and ash-grey crackled glaze",On the base is inscribed an Imperial poem of the Qianlong period,Di. 18.6 cm.,4 Song Dynasty,Song,,,THE CHINESE GOVERNMENT,,government,China,,,
908,INK PALLET (pi-t'ien),item,Ceramics,porcelain,ceramics; porcelain,"Ko ware, dark-bodied ware with grey crackled glaze changing to ""roasted rice"" colour (mi-sè)",On base and accompanying wooden stand is inscribed an Imperial poem of the Qianlong period,L. 12.3 cm.,4 Song Dynasty,Song,,,THE CHINESE GOVERNMENT,,government,China,yes,,
909,SMALL BOWL,item,Ceramics,porcelain,ceramics; porcelain,"Kuan or Ko ware, with rim in flower form and ash-grey crackled glaze",,Di. 11.8 cm.,4 Song Dynasty,Song,,,THE CHINESE GOVERNMENT,,government,China,,,
910,BOWL,item,Ceramics,porcelain,ceramics; porcelain,"Ko ware, with rim in flower form and buff-grey crackled glaze",On the base is inscribed an Imperial poem of the Qianlong period,Di. 19.6 cm.,4 Song Dynasty,Song,,,THE CHINESE GOVERNMENT,,government,China,yes,,
911,INCENSE-BURNER,item,Ceramics,porcelain,ceramics; porcelain,"Kuan ware, with three feet, with buff-grey (mi-sè or ""roasted rice"" colour) glaze",,Di. 13.2 cm.,4 Song Dynasty,Song,,,THE CHINESE GOVERNMENT,,government,China,yes,,
912,DISH,item,Ceramics,porcelain,ceramics; porcelain,"Kuan ware, with rim in flower form, dark-bodied ware, with light greenish-grey crackled glaze",On the base is inscribed an Imperial poem of the Qianlong period,Di. 19 cm.,4 Song Dynasty,Song,,,THE CHINESE GOVERNMENT,,government,China,yes,,
913,STEM-CUP,item,Ceramics,porcelain,ceramics; porcelain,"of octagonal section and ash-grey crackled glaze, after a Ko ware model. Mark of Ch'êng-hua period, in underglaze blue",,H. 9.4 cm.,4 Song Dynasty,Ming,,,THE CHINESE GOVERNMENT,,government,China,yes,,
914,DISH,item,Ceramics,porcelain,ceramics; porcelain,"Ko ware, with rim in flower form, and light blue-green-grey crackled glaze",On the base is inscribed an Imperial poem of the Qianlong period,Di. 17.6 cm.,4 Song Dynasty,Song,,,THE CHINESE GOVERNMENT,,government,China,yes,,
915,INCENSE-BURNER,item,Ceramics,porcelain,ceramics; porcelain,"Ko ware, with loop handles and three feet, dark-bodied ware, with crackled glaze of buff-grey or ""roasted rice"" (mi-sè) colour",,H. 9.6 cm.,4 Song Dynasty,Song,,,THE CHINESE GOVERNMENT,,government,China,yes,,
915A,Painting in ink on paper,item,Paintings and Calligraphy,Landscape,plant derived materials; paper,View of River and Mountains,,H. 28.5 cm. W. 176.5 cm.,4 Song Dynasty,Ming,,CHAO MÊNG-FU (A.D. 1254-1322),THE CHINESE GOVERNMENT,,government,China,,,
916,Painting in colour on paper,item,Paintings and Calligraphy,Animal and plants,plant derived materials; paper,Bird on the Branch of a Peach-tree,with inscription,H. 48 cm. W. 34.7 cm.,4 Song Dynasty,Song,,"CH'IEN HSÜAN (A.D. 1235-c. 1290), (attributed to)","KAICHIRO NEDZU, Tokyo",,private,"Tokyo, Japan",yes,,
917,Painting in colour on silk,item,Paintings and Calligraphy,Scholar painting,textiles; silk,Five Scholars of the T'ang Dynasty,,H. 175.3 cm. W. 106.5 cm.,4 Song Dynasty,Song,,LIU SUNG-NIEN (active A.D. 1190-1230),THE CHINESE GOVERNMENT,,government,China,,,
918,Painting in ink on paper,item,Paintings and Calligraphy,Landscape,plant derived materials; paper,Landscape with Mountains,Signed by the artist,H. 51 cm.W. 49 cm.,4 Song Dynasty,Song,,MI FEI (A.D. 1051-1107),"FUSEITSU NAKAMURA, Tokyo",,private,"Tokyo, Japan",yes,,
919,Painting in colour on paper,item,Paintings and Calligraphy,Animal and plants,plant derived materials; paper,Pear Tree and Pigeon,,H. 45 cm. W. 32 cm.,4 Song Dynasty,Song,,CH'IEN HSÜAN (A.D. 1235-c. 1290),"KAICHIRO NEDZU, Tokyo",,private,"Tokyo, Japan",yes,,
920,ALBUM PAINTING in ink on silk,item,Paintings and Calligraphy,Animal and plants,textiles; silk,Landscape with Buffaloes,Signed Tai Sung.,36 by 35 cm.,4 Song Dynasty,Song,,,"THE GERMAN STATE MUSEUMS, Berlin",,museum,"Berlin, Germany",yes,,
921,ALBUM PAINTING in ink on silk,item,Paintings and Calligraphy,Landscape,textiles; silk,Landscape,Signed Chung-jên.,36 by 35 cm.,4 Song Dynasty,Song,,,"THE GERMAN STATE MUSEUMS, Berlin",,museum,"Berlin, Germany",yes,,
922,ALBUM PAINTING in faint colour on paper,item,Paintings and Calligraphy,Animal and plants,plant derived materials; paper,Sparrows and Rice-stalks,Signed Han Jo-cho,36 by 35 cm.,4 Song Dynasty,Song,,,"THE GERMAN STATE MUSEUMS, Berlin",,museum,"Berlin, Germany",yes,,
923,VASE,item,Ceramics,porcelain,ceramics; porcelain,"with lobed body, with bluish-white (ying ch'ing) glaze",,H. 25.4 cm.,4 Song Dynasty,Song,,,"H. J. OPPENHEIM, London",,private,"London, U.K.",yes,,
924,BOWL,item,Ceramics,porcelain,ceramics; porcelain,with engraved basket pattern and bluish-white (ying ch'ing) glaze,,H. 8.6 cm.,4 Song Dynasty,Song,,,"A. SCHOENLICHT, The Hague, Holland",,private,"The Hague, Netherlands",,,
925,BOX AND COVER,item,Ceramics,porcelain,ceramics; porcelain,with incised floral designs and a bluish-white (ying ch'ing) glaze,,L. 12 cm.,4 Song Dynasty,Song,,,"H. LAURITZEN, Stockholm",,private,"Stockholm, Sweden",,,
926,SHALLOW BOWL,item,Ceramics,porcelain,ceramics; porcelain,"with fish, with bluish-white (ying ch'ing) glaze",,Di. 18.3 cm.,4 Song Dynasty,Song,,,"ALAN BARLOW, C.B., C.B.E., Wendover, Bucks",,private,"Buckinghamshire, U.K.",,,
927,SHALLOW BOWL,item,Ceramics,porcelain,ceramics; porcelain,of six-foil shape with wavy edge and bluish-white (ying ch'ing) glaze,,Di. 13.2 cm.,4 Song Dynasty,Song,,,"H. J. OPPENHEIM, London",,private,"London, U.K.",yes,,
928,LION,item,Ceramics,porcelain,ceramics; porcelain,with bluish-white (ying ch'ing) glaze,,H. 16 cm.,4 Song Dynasty,Song,,,THE BRITISH MUSEUM (Eumorfopoulos Collection),,museum,"London, U.K.",yes,,
929,BOWL,item,Ceramics,porcelain,ceramics; porcelain,with bluish-white (ying ch'ing) glaze,,Di. 14 cm.,4 Song Dynasty,Song,,,"ALAN BARLOW, C.B., C.B.E., Wendover, Bucks",,private,"Buckinghamshire, U.K.",,,
930,VASE,item,Ceramics,porcelain,ceramics; porcelain,with engraved floral scrolls under bluish-white (ying ch'ing) glaze,,H. 32 cm.,4 Song Dynasty,Song,,,THE BRITISH MUSEUM (Eumorfopoulos Collection),,museum,"London, U.K.",yes,,
931,BOWL,item,Ceramics,porcelain,ceramics; porcelain,with pale blue (ying ch'ing) glaze and engraved foliage,,Di. 17 cm.,4 Song Dynasty,Song,,,"C. KEMPE, Stockholm",,private,"Stockholm, Sweden",,,
932,VASE,item,Ceramics,porcelain,ceramics; porcelain,"with foliate lip, and engraved lotus scroll under a bluish-white (ying ch'ing) glaze",,H. 18.3 cm.,4 Song Dynasty,Song,,,"OSCAR RAPHAEL, London",,private,"London, U.K.",yes,,
933,VASE,item,Ceramics,porcelain,ceramics; porcelain,"porcelain, with bluish-white (ying ch'ing) glaze",,H. 14.5 cm.,4 Song Dynasty,Song,,,"ALAN BARLOW, C.B., C.B.E., Wendover, Bucks",,private,"Buckinghamshire, U.K.",yes,,
934,BOWL,item,Ceramics,porcelain,ceramics; porcelain,"porcelain, with petal pattern on the outside, bluish-white (ying ch'ing) glaze",,Di. 13.3 cm.,4 Song Dynasty,Song,,,"ALAN BARLOW, C.B., C.B.E., Wendover, Bucks",,private,"Buckinghamshire, U.K.",,,
935,BOTTLE,item,Ceramics,porcelain,ceramics; porcelain,"with raised outline, porcelain, with bluish-white (ying ch'ing) glaze",,H. 16.5 cm.,4 Song Dynasty,Song,,,"H. J. OPPENHEIM, London",,private,"London, U.K.",yes,,
936,SMALL BRUSH WASHER,item,Ceramics,porcelain,ceramics; porcelain,"Said to be Hsiang-hu ware, in the form of a lotus leaf, with light greenish-blue glaze",,W. 9 cm.,4 Song Dynasty,Song,,,THE CHINESE GOVERNMENT,,government,China,yes,,
937,BOX AND COVER,item,Ceramics,porcelain,ceramics; porcelain,"porcelain, with incised designs under a bluish-white (ying ch'ing) glaze",,H. 12 cm.,4 Song Dynasty,Song,,,"F. SCHILLER, Betchworth, Surrey",,private,"Surrey, U.K.",,,
938,CUP,item,Ceramics,porcelain,ceramics; porcelain,"with engraved foliage band, and bluish-white (ying ch'ing) glaze",,Di. 11 cm.,4 Song Dynasty,Song,,,THE BRITISH MUSEUM (Eumorfopoulos Collection),,museum,"London, U.K.",yes,,
939,BOWL,item,Ceramics,porcelain,ceramics; porcelain,"porcelain, with moulded design of flowers, and bluish-white (ying ch'ing) glaze",,Di. 22 cm.,4 Song Dynasty,Song,,,"BERGSINSENJOR A. LUNDGREN, Stockholm",,private,"Stockholm, Sweden",,,
940,INCENSE BURNER,item,Ceramics,porcelain,ceramics; porcelain,"with pierced cover, porcelain, with bluish-white (ying ch'ing) glaze",,H. 13.5 cm.,4 Song Dynasty,Song,,,"MRS. GEORGE JOSHUA, London",,private,"London, U.K.",yes,,
941,STEM-CUP,item,Ceramics,porcelain,ceramics; porcelain,porcelain with reliefs under a bluish-white (ying ch'ing) glaze,,H. 9 cm.,4 Song Dynasty,Song,,,"F. SCHILLER, Betchworth, Surrey",,private,"Surrey, U.K.",,,
942,SHALLOW BOWL,item,Ceramics,porcelain,ceramics; porcelain,"porcelain, with bluish-white (ying ch'ing) glaze",,Di. 13.5 cm.,4 Song Dynasty,Song,,,"F. SCHILLER, Betchworth, Surrey",,private,"Surrey, U.K.",yes,,
943,SHALLOW BOWL,item,Ceramics,porcelain,ceramics; porcelain,"porcelain, with bluish-white (ying ch'ing) glaze",,Di. 17.3 cm.,4 Song Dynasty,Song,,,"ALAN BARLOW, C.B., C.B.E., Wendover, Bucks",,private,"Buckinghamshire, U.K.",,,
944,Painting in colour on silk,item,Paintings and Calligraphy,Scholar painting,textiles; silk,The Gabled Pavilion,Unsigned,H. 73.4 cm. W. 55.8 cm.,4 Song Dynasty,Song,,CHAO PO-CHÜ (12th century A.D.),THE CHINESE GOVERNMENT,,government,China,yes,,
945,Painting in colour on cloth,item,Paintings and Calligraphy,Landscape,textiles; cloth,Landscape,,H. 154.9 cm. W. 136.4 cm.,4 Song Dynasty,Song,,UNKNOWN ARTIST,THE CHINESE GOVERNMENT,,government,China,,,
946,Painting in colour on silk,item,Paintings and Calligraphy,Scholar painting,textiles; silk,Fishing on a Snowy Day,,H. 62.2 cm. W. 32.9 cm.,4 Song Dynasty,Song,,UNKNOWN ARTIST,THE CHINESE GOVERNMENT,,government,China,yes,,
947,Painting in colour on paper,item,Paintings and Calligraphy,Landscape,plant derived materials; paper,Pine Trees on a Mountain in Spring,with inscription above by the Sung Emperor Kao Tsung,H. 35.1 cm. W. 44.1 cm.,4 Song Dynasty,Song,,MI FEI (A.D. 1051-1107),THE CHINESE GOVERNMENT,,government,China,yes,,
948,ALBUM PAINTING in colour on silk,item,Paintings and Calligraphy,Animal and plants,textiles; silk,Dog and Hawks pursuing a Hare.,,25 by 26 cm.,4 Song Dynasty,Song,,attributed to Li An-chung (active c. A.D. 1120-1160),THE BRITISH MUSEUM (Eumorfopoulos Collection),From the Tuan Fang Collection,museum,"London, U.K.",yes,,
949,ALBUM PAINTING in ink on silk,item,Paintings and Calligraphy,Animal and plants,textiles; silk,Three Fish,,22.8 by 22.2 cm.,4 Song Dynasty,Song,,attributed to Liu Ts'ai (Sung Dynasty),PENNSYLVANIA MUSEUM OF ART,,museum,"Pennsylvania, U.S.A.",yes,,
950,ALBUM PAINTING in colour on silk,item,Paintings and Calligraphy,Animal and plants,textiles; silk,Bird on Bough. 。,,25.6 by 19.6 cm.,4 Song Dynasty,Song,,by an unknown artist,THE BRITISH MUSEUM (Eumorfopoulos Collection),From the Tuan Fang Collection,museum,"London, U.K.",yes,,
951,PLATE,item,Ceramics,porcelain,ceramics; porcelain,"Ju ware, with light greenish-blue crackled glaze",The base has a copper rim and is inscribed with an Imperial poem of the Qianlong period,Di. 21.4 cm.,4 Song Dynasty,Song,,,THE CHINESE GOVERNMENT,,government,China,yes,,
952,BOWL,item,Ceramics,porcelain,ceramics; porcelain,"Ju ware, stoneware, with bluish glaze",,Di. 15.3 cm.,4 Song Dynasty,Song,,,"F. SCHILLER, Betchworth, Surrey",,private,"Surrey, U.K.",,,
953,BRUSH-WASHER,item,Ceramics,porcelain,ceramics; porcelain,"Ju ware, with greenish-blue crackled glaze",Upon base and wooden stand are inscribed an Imperial poem of the Qianlong period and the character chia (first class),Di. 14.4 cm.,4 Song Dynasty,Song,,,THE CHINESE GOVERNMENT,,government,China,yes,,
954,BOWL,item,Ceramics,porcelain,ceramics; porcelain,"Ju ware, with rounded sides and everted lip, pale lavender glaze with purple crackle",Inscribed with an Imperial poem of the Qianlong period. With a copper rim,Di. 17 cm.,4 Song Dynasty,Song,,,"SIR PERCIVAL DAVID, BT., London",,private,"London, U.K.",yes,,
955,NARCISSUS POT,item,Ceramics,porcelain,ceramics; porcelain,"Ju ware, oval, with light greenish-blue uncrackled glaze","Inscribed with an Imperial poem of the Qianlong period. It is said that in the Yongzheng period this piece was sent to Ching-tê Chên by Imperial command, that its glaze might be copied",L. 23 cm.,4 Song Dynasty,Song,,,THE CHINESE GOVERNMENT,,government,China,yes,,
955A,ALBUM of painting and calligraphy,item,Paintings and Calligraphy,,plant derived materials; paper,contained in the carved wooden stand for No. 955,,,4 Song Dynasty,Qing,,by the Emperor Ch'ien-lung,THE CHINESE GOVERNMENT,,government,China,,,
956,VASE (tsun),item,Ceramics,porcelain,ceramics; porcelain,"Ju ware, with body moulded in the form of three rams, buff ware, with greenish-blue glaze, yellowish discolorations",,H. 20.4 cm.,4 Song Dynasty,Song,,,THE CHINESE GOVERNMENT,,government,China,yes,,
957,VASE (p'ing),item,Ceramics,porcelain,ceramics; porcelain,"Ju ware, of paper-beater form, with light greenish-blue crackled glaze","Base and accompanying wooden stand are inscribed with an Imperial poem of the Qianlong period, and the characters feng hua",H. 22.6 cm.,4 Song Dynasty,Song,,,THE CHINESE GOVERNMENT,,government,China,yes,,
958,VASE (tsun),item,Ceramics,porcelain,ceramics; porcelain,"Ju ware, with light greenish-blue glaze",On the base are inscribed the two characters feng hua,H. 16.5 cm.,4 Song Dynasty,Song,,,THE CHINESE GOVERNMENT,,government,China,yes,,
959,DISH,item,Ceramics,porcelain,ceramics; porcelain,"Ju ware, with bluish-grey glaze, discoloured by fire",On the base is inscribed a poem of the Qianlong period alluding to Ju Chou,,4 Song Dynasty,Song,,,THE BRITISH MUSEUM (Eumorfopoulos Collection),,museum,"London, U.K.",yes,,
960,INCENSE BURNER,item,Ceramics,porcelain,ceramics; porcelain,"Ju ware, cylindrical, on three feet, stoneware, with greenish-blue crackled glaze",,H. 15.3 cm.,4 Song Dynasty,Song,,,"SIR PERCIVAL DAVID, BT., London",,private,"London, U.K.",yes,,
961,BRUSH WASHER,item,Ceramics,porcelain,ceramics; porcelain,"Ju ware, oval, with greenish-blue crackled glaze",,W. 14.2 cm.,4 Song Dynasty,Song,,,THE CHINESE GOVERNMENT,,government,China,yes,,
962,DISH,item,Ceramics,porcelain,ceramics; porcelain,"Ju ware, with greenish-blue crackled glaze and a copper rim",On the base are inscribed an Imperial poem of the Qianlong period and the character ping,Di. 12.8 cm.,4 Song Dynasty,Song,,,THE CHINESE GOVERNMENT,,government,China,,,
963,DISH,item,Ceramics,porcelain,ceramics; porcelain,"Ju ware, saucer-shaped, with pale lavender-grey crackled glaze",,Di. 12.9 cm.,4 Song Dynasty,Song,,,"SIR PERCIVAL DAVID, BT., London",,private,"London, U.K.",,,
964,DISH,item,Ceramics,porcelain,ceramics; porcelain,"Ju ware, buff ware with pale lavender-grey crackled glaze discoloured by fire",With Imperial inscription similar to No. 959,Di. 19.1 cm.,4 Song Dynasty,Song,,,"SIR PERCIVAL DAVID, BT., London",,private,"London, U.K.",yes,,
965,DISH,item,Ceramics,porcelain,ceramics; porcelain,"Ju ware, with light greenish-blue crackled glaze","Inscribed on the base with an Imperial poem of the Qianlong period, and the character chia",Di. 15.7 cm.,4 Song Dynasty,Song,,,THE CHINESE GOVERNMENT,,government,China,yes,,
966,CUP HOLDER,item,Ceramics,porcelain,ceramics; porcelain,"Ju ware, bowl-shaped, grey porcellanous ware with lavender-grey crackled glaze",,Di. 17 cm.,4 Song Dynasty,Song,,,"SIR PERCIVAL DAVID, BT., London",,private,"London, U.K.",yes,,
967,RITUAL DISK (yüan),item,Ceramics,porcelain,ceramics; porcelain,"Ju ware, buff ware with grey-blue glaze","Incised inscription :—"" On the fifteenth day of the third moon of the cyclical year ting hai, the first year of the period Ta Kuan (i.e., April 9th, A.D 1107), Hsiao Fu, Vice-Minister of the Imperial Household, Superintendent of the Imperial Porcelain Manufactory at Ju-chou, has supervised the mixing of this blue (ch'ing) glaze and the firing of this first test piece.""",Di. 9 cm.,4 Song Dynasty,Song,,,"SIR PERCIVAL DAVID, BT., London",,private,"London, U.K.",yes,,
968,NARCISSUS POT,item,Ceramics,porcelain,ceramics; porcelain,"Ju ware, oval, with light greenish-blue crackled glaze",,L. 23 cm.,4 Song Dynasty,Song,,,THE CHINESE GOVERNMENT,,government,China,yes,,
969,VASE (tsun),item,Ceramics,porcelain,ceramics; porcelain,"? Kuan ware, Said to be Yü-hang ware, with three rams' heads in relief and elephant-grey glaze. With a brass rim? 。",,H. 15.6 cm.,4 Song Dynasty,Song,,,THE CHINESE GOVERNMENT,,government,China,yes,,
970,Painting in colour on silk,item,Paintings and Calligraphy,Animal and plants,textiles; silk,A Quail standing amidst Rushes. Once in the collection of the Shogun Ashikaga Yoshimasa,,H. 24 cm. W. 45 cm.,4 Song Dynasty,Song,,LI AN-CHUNG (active c. A.D. 1120-1160) (attributed to),"KAICHIRO NEDZU, Tokyo",collection of the Shogun Ashikaga YoshimasaAshikaga Yoshimasa,private,"Tokyo, Japan",yes,,
971,Painting in colour on silk,item,Paintings and Calligraphy,Scholar painting,textiles; silk,Refusing a Seat,,H. 147 cm. W. 71.7 cm.,4 Song Dynasty,Song,,UNKNOWN ARTIST,THE CHINESE GOVERNMENT,,government,China,,,
972,Painting in colour on silk,item,Paintings and Calligraphy,Religious painting,textiles; silk,Seated Lohan,,H. 58 cm. W. 52.3 cm.,4 Song Dynasty,Song,,"LIANG K'AI (Academician, c. A.D. 1203) (attributed to)","KAICHIRO NEDZU, Tokyo",,private,"Tokyo, Japan",yes,,
973,Painting in colour on silk,item,Paintings and Calligraphy,Animal and plants,textiles; silk,Duck,,H. 23 cm. W. 34.9 cm.,4 Song Dynasty,Song,,HUANG CH'ÜAN (d. A.D. 965) (attributed to),"KAICHIRO NEDZU, Tokyo",,private,"Tokyo, Japan",yes,,
974,Scroll painting in colour on silk,item,Paintings and Calligraphy,Court Painting,textiles; silk,Ladies of the Palace Sewing,,H. 33.5 cm.W. 205.5 cm.,4 Song Dynasty,Five Dynasties,,CHOU FANG (d. A.D. 965) (attributed to),"MRS. WILLIAM H. MOORE, New York",,private,"New York, U.S.A.",yes,,
975,EWER,item,Ceramics,porcelain,whiteceramics; porcelain,with dragon handle,,H. 12.5 cm.,4 Song Dynasty,Sui and Tang,,,"F. SCHILLER, Betchworth, Surrey",,private,"Surrey, U.K.",,,
976,EWER,item,Ceramics,porcelain,ceramics; porcelain,"with rope handle, ivory-white glaze",,H. 9.6 cm.,4 Song Dynasty,Sui and Tang,,,"C. KEMPE, Stockholm",,private,"Stockholm, Sweden",,,
977,JAR,item,Ceramics,porcelain,ceramics; porcelain,"white glazed porcellanous ware, with four double loop handles",,H. 30.5 cm.,4 Song Dynasty,Sui and Tang,,,"MR. AND MRS. WALTER SEDGWICK, London",,private,"London, U.K.",yes,,
978,DOUBLE BOX,item,Ceramics,porcelain,ceramics; porcelain,with faintly crackled greyish-white glaze. Covers in the form of doves,,L. 8.9 cm.,4 Song Dynasty,Song,,,"H. J. OPPENHEIM, London",,private,"London, U.K.",yes,,
979,STEM-CUP,item,Ceramics,porcelain,ceramics; porcelain,"Ting type, with cream glaze",,H. 11.4 cm.,4 Song Dynasty,Song,,,"MR. AND MRS. ALFRED CLARK, Iver Heath, Bucks",,private,"Buckinghamshire, U.K.",,,
980,DISH,item,Ceramics,porcelain,ceramics; porcelain,"Ting Chou ware, saucer-shaped, porcelain, with white glaze",Inside are stamped four characters ting chou kung yung (Ting Chou for general use),Di. 18.9 cm.,4 Song Dynasty,Song,Found at Chü-lu Hsien,,"SIR PERCIVAL DAVID, BT., London",,private,"London, U.K.",yes,,
981,VASE,item,Ceramics,porcelain,whiteceramics; porcelain,"bottle-shaped, with lobed body",,H. 13.2 cm.,4 Song Dynasty,Sui and Tang,,,"H. J. OPPENHEIM, London",,private,"London, U.K.",,,
982,WATER POT,item,Ceramics,porcelain,ceramics; porcelain,"on three feet, porcelain, with warm white glaze",,H. 5.6 cm.,4 Song Dynasty,Song,,,"C. KEMPE, Stockholm",,private,"Stockholm, Sweden",,,
983,CUP,item,Ceramics,porcelain,ceramics; porcelain,"resembling a Greek rhyton, porcellanous ware with relief ornament and cream glaze",,H. 8.2 cm.,4 Song Dynasty,Sui and Tang,,,"MR. AND MRS. WALTER SEDGWICK, London",,private,"London, U.K.",yes,,
984,VASE,item,Ceramics,porcelain,ceramics; porcelain,"porcelain, with ying ch'ing crackled glaze",,H. 7.8 cm.,4 Song Dynasty,Song,,,"MRS. SAMUEL T. PETERS, New York",,private,"New York, U.S.A.",,,
985,FLASK,item,Ceramics,porcelain,whiteceramics; porcelain,,,H. 13.9 cm.,4 Song Dynasty,Sui and Tang,,,"MAJOR-GENERAL SIR NEILL MALCOLM, K.C.B., D.S.O., London",,private,"London, U.K.",,,
986,CUP,item,Ceramics,porcelain,ceramics; porcelain,combed decoration in black and white,,H. 9.4,4 Song Dynasty,Sui and Tang,,,H.R.H. THE CROWN PRINCE OF SWEDEN,,private,"Stockholm, Sweden",yes,,
987,VASE,item,Ceramics,porcelain,ceramics; porcelain,"with lobed body and foliate mouth, warm white glaze",,H. 23.5 cm.,4 Song Dynasty,Song,,,"MR. AND MRS. WALTER SEDGWICK, London",,private,"London, U.K.",,,
988,GOBLET,item,Ceramics,porcelain,ceramics; porcelain,"with foliate mouth, stoneware, with yellowish glaze.",,H. 16.5 cm.,4 Song Dynasty,Sui and Tang,,,"MRS. C. L. AND MISS RUTHERSTON, Farnham and London",From the Collection of Charles L. Rutherston,private,"London, U.K.",yes,,
989,PAPER WEIGHT,item,Ceramics,porcelain,ceramics; porcelain,"Probably Tz'u Chou ware, in the form of a hare, stoneware, with cream-white glaze",,H. 9.8 cm.,4 Song Dynasty,Song,,,THE BRITISH MUSEUM (Eumorfopoulos Collection),,museum,"London, U.K.",yes,,
990,EWER,item,Ceramics,porcelain,ceramics; porcelain,white porcelain,,H. 13.3 cm.,4 Song Dynasty,Sui and Tang,,,"MAJOR-GENERAL SIR NEILL MALCOLM, K.C.B., D.S.O., London",,private,"London, U.K.",,,
991,BOWL,item,Ceramics,stoneware,ceramics;  stoneware,"stoneware, with warm white glaze, stained by burial.",,H. 11.5 cm.,4 Song Dynasty,Song,,,"MRS. C. L. AND MISS RUTHERSTON, Farnham and London",From the Collection of Charles L. Rutherston,private,"London, U.K.",,,
992,DISH,item,Ceramics,porcelain,ceramics; porcelain,"four-lobed, porcelain, with fish in relief under a warm white glaze",,W. 16 cm.,4 Song Dynasty,Sui and Tang,,,"THE GEMEENTE MUSEUM, The Hague, Holland",,museum,"The Hague, Netherlands",,,
993,SMALL EWER,item,Ceramics,porcelain,ceramics; porcelain,with feather-like marbling in the paste and white glaze,,H. 11.4 cm.,4 Song Dynasty,Sui and Tang,,,"MR. AND MRS. ALFRED CLARK, Iver Heath, Bucks",,private,"Buckinghamshire, U.K.",yes,,
994,BOWL,item,Ceramics,porcelain,ceramics; porcelain,porcellanous ware with white glaze,The character kuan is incised,Di. 19 cm.,4 Song Dynasty,Sui and Tang,,,"MR. AND MRS. WALTER SEDGWICK, London",,private,"London, U.K.",,,
995,Painting in colour on silk,item,Paintings and Calligraphy,Genre painting,textiles; silk,Children at play in a Courtyard,,H. 197.5 cm. W. 108.6 cm.,4 Song Dynasty,Ming,,SU HAN-CH'ÊN (active c. A.D. 1124),THE CHINESE GOVERNMENT,,government,China,yes,,
996,Painting in colour on silk,item,Paintings and Calligraphy,Scholar painting,textiles; silk,Gazing at the Moon,,H. 149.8 cm. W. 78.2 cm.,4 Song Dynasty,Song,,MA YÜAN (active c. A.D. 1190-1224) (attributed to),THE CHINESE GOVERNMENT,,government,China,yes,,
997,Painting in colour on silk,item,Paintings and Calligraphy,Animal and plants,textiles; silk,White Goose and Red Polygonum,,H. 133.1 cm. W. 86.4 cm.,4 Song Dynasty,Song,,THE EMPEROR HUI TSUNG (lived A.D. 1082-1135),THE CHINESE GOVERNMENT,,government,China,yes,,
998,Painting in ink on paper,item,Paintings and Calligraphy,Landscape,plant derived materials; paper,Forest and Mountain Peaks on a Winter Evening,,H. 140 cm. W. 55.8 cm.,4 Song Dynasty,Yuan,,PRIEST CHÜ-JAN (active c. A.D. 975),THE CHINESE GOVERNMENT,,government,China,,,
999,Painting in colour on silk,item,Paintings and Calligraphy,Landscape,textiles; silk,Shepherd Returning Home in a Rain Storm,with inscription by the Sung Emperor Kao Tsung,H. 120.6 cm. W. 103 cm.,4 Song Dynasty,Song,,LI TI (c. A.D. 1130-1180) (attributed to),THE CHINESE GOVERNMENT,,government,China,,,
1000,Painting in colour on silk,item,Paintings and Calligraphy,Landscape,textiles; silk,Landscape with Pavilions,,H. 242 cm. W. 99.9 cm.,4 Song Dynasty,Song,,UNKNOWN ARTIST,"KAICHIRO NEDZU, Tokyo",,private,"Tokyo, Japan",yes,,
1001,Painting in ink on paper,item,Paintings and Calligraphy,Scholar painting,plant derived materials; paper,The Hermit of the Lake,,H. 145.8 W. 58.1 cm.,4 Song Dynasty,Yuan,,WU CHÊN (A.D. 1280-1354),THE CHINESE GOVERNMENT,,government,China,yes,,
1002,Painting in colour on silk,item,Paintings and Calligraphy,Scholar painting,textiles; silk,Busy in Being Idle,,H. 124.5 cm. W. 67.2 cm.,4 Song Dynasty,Song,,MA HO-CHIH (active c. A.D.1130-1180) (attributed to),THE CHINESE GOVERNMENT,,government,China,yes,,
1003,Painting in colour on silk,item,Paintings and Calligraphy,Genre painting,textiles; silk,A Pedlar of Toys,,H. 159.4 cm.W. 97.3 cm.,4 Song Dynasty,Ming,,SU HAN-CH'ÊN (active c. A.D. 1124),THE CHINESE GOVERNMENT,,government,China,yes,,
1004,Painting in colour on silk,item,Paintings and Calligraphy,Animal and plants,textiles; silk,Monkeys at Play on a Loquat Tree,,H. 165 cm. W. 107.9 cm.,4 Song Dynasty,Song,,UNKNOWN ARTIST,THE CHINESE GOVERNMENT,,government,China,yes,,
1005,Scroll painting in colour on silk,item,Paintings and Calligraphy,Landscape,textiles; silk,Landscape with Birds,,H. 23 cm. W. 182.5 cm.,4 Song Dynasty,Five Dynasties,,"HUANG CHÜAN, (d. A.D. 965) (attributed to)","MRS. WILLIAM H. MOORE, New York",,private,"New York, U.S.A.",yes,,
1006,BOWL,item,Ceramics,porcelain,ceramics; porcelain,"Yüeh ware, grey stoneware, with dragon designs carved in relief and grey celadon glaze",,Di. 27.6 cm.,4 Song Dynasty,Song,,,"THE METROPOLITAN MUSEUM OF ART, New York",,museum,"New York, U.S.A.",yes,,
1007,BOWL,item,Ceramics,porcelain,ceramics; porcelain,"Yüeh ware, in form of lotus bud, grey-green celadon glaze",,Di. 9.1 cm.,4 Song Dynasty,Song,,,"CAPTAIN A. T. WARRE, Hove",,private,"East Sussex, U.K.",,,
1008,EWER,item,Ceramics,porcelain,ceramics; porcelain,"porcelain, with phoenix head on the neck. Carved floral scrolls and leaf pattern under a greenish-white glaze",,H. 39 cm.,4 Song Dynasty,Sui and Tang,,,THE BRITISH MUSEUM (Eumorfopoulos Collection),,museum,"London, U.K.",yes,,
1009,BOWL,item,Ceramics,porcelain,ceramics; porcelain,"Yüeh ware, grey stoneware, with carved dragons and waves. Olive-grey celadon glaze, rim of base gold",,Di. 14.5 cm.,4 Song Dynasty,Song,,,"SIR PERCIVAL DAVID, BT., London",,private,"London, U.K.",yes,,
1010,DISH,item,Ceramics,porcelain,ceramics; porcelain,"Yüeh ware, with etched design of two phoenixes, grey stoneware, with greyish celadon glaze",On the base is the incised character yung (eternal),Di. 17.6 cm.,4 Song Dynasty,Song,,,"SIR PERCIVAL DAVID, BT., London",,private,"London, U.K.",yes,,
1011,BOWL,item,Ceramics,porcelain,ceramics; porcelain,"Yüeh ware, with grey-green celadon glaze",,Di. 13.4 cm.,4 Song Dynasty,Song,,,"SIR PERCIVAL DAVID, BT., London",,private,"London, U.K.",,,
1012,VASE,item,Ceramics,porcelain,ceramics; pottery,"with folded foliage edge, green glazed pottery",,H. 19 cm.,4 Song Dynasty,Six Dynasties,,,"MAJOR-GENERAL SIR NEILL MALCOLM, K.C.B., D.S.O., London",,private,"London, U.K.",,,
1013,SAUCER,item,Ceramics,porcelain,ceramics; porcelain,"Yüeh ware, with lotus design",,Di. 13.8 cm.,4 Song Dynasty,Song,,,"PROFESSOR AND MRS. C. G. SELIGMAN, Toot Baldon, Oxford",,private,"Oxfordshire, U.K.",,,
1014,Painting in colour on silk,item,Paintings and Calligraphy,Landscape,textiles; silk,A Snow Scene,,H. 36.3 cm. W. 68.6 cm.,4 Song Dynasty,Sui and Tang,,UNKNOWN ARTIST,THE CHINESE GOVERNMENT,,government,China,yes,,
1015,Painting in colour on silk,item,Paintings and Calligraphy,Landscape,textiles; silk,Travelling in the Mountains in Spring,,H. 95 cm. W. 55 cm.,4 Song Dynasty,Ming,,LI CHAO-TAO (active c. A.D. 670-730) (After),THE CHINESE GOVERNMENT,,government,China,,,
1016,PAGODA,item,Metals,,metalwork; silver,model of a tower at Hang-chou,with inscription dated 3rd year of Yung-hsi (A.D. 986),H. 33 cm.,4 Song Dynasty,Song,,,"MUSÉE GUIMET, Paris",,private,"Paris, France",yes,,
1017,RECUMBENT HORSE,item,Jade,Ornamental Objects,black gemstones; jade,Brought to Peking in A.D. 1422 by the Emperor Yung-lo,,H. 16.2 cm. L. 25.5 cm.,4 Song Dynasty,Sui and Tang,,,"OSCAR RAPHAEL, London",,private,"London, U.K.",yes,,
1018,BOX,item,Lacquer,Containers,plant derived materials; lacquer,,,L. 9 cm.,4 Song Dynasty,Ming,,,"DR. K. R. VON ROQUES, Berlin",,private,"Berlin, Germany",,,
1019,BOWL,item,Jade,Utilitarian Objects,gemstones; jade,scalloped flange,,Di. 25.4 cm.,4 Song Dynasty,Song,,,"OSCAR RAPHAEL, London",,private,"London, U.K.",yes,,
1020,PLAQUE,item,Organic Materials,,Animal derived materials; ivory,"ivory, inlaid with lacquer",Inscribed with a poem on the back,13.3 by 9.7 cm.,4 Song Dynasty,Yuan,,,"OSCAR RAPHAEL, London",,private,"London, U.K.",yes,,
1021,SEATED FIGURE OF KUAN-YIN,item,Bronze,Sculptures,metalwork; bronze,,,H. 10.8 cm.,4 Song Dynasty,Song,,,"MRS. C. G. VERBURGT-KRAMERS, The Hague",,private,"The Hague, Netherlands",yes,,
1022,DISK,item,Organic Materials,,Animal derived materials; ivory,decorated with archaic dragons,,Di. 11.5 cm.,4 Song Dynasty,Song,,,"THE METROPOLITAN MUSEUM OF ART, New York",,museum,"New York, U.S.A.",yes,,
1023,GROUP,item,Bronze,Sculptures,metalwork; bronze,of two ladies seated and reading from a book,,H. 11 cm.,4 Song Dynasty,Song,,,"DR. A. BREUER, Berlin",,private,"Berlin, Germany",yes,,
1024,PAIR OF DRAGON PLAQUES,set,Organic Materials,,Animal derived materials; ivory,,,11.4 by 7.3 cm.,4 Song Dynasty,Ming,,,THE BRITISH MUSEUM (Eumorfopoulos Collection),,museum,"London, U.K.",yes,,
1025,PLAQUE,item,Metals,,metalwork; lead,figure of a woman. From the Collection of Charles L. Rutherston,,H. 15.2 cm.,4 Song Dynasty,Sui and Tang,,,"MRS. C. L. AND MISS RUTHERSTON, Farnham and London",,private,"London, U.K.",yes,,
1026,HEAD,item,Stones and Minerals,Sculpture,minerals; sandstone,,,H. 19.6 cm.,4 Song Dynasty,Sui and Tang,,,"H. J. OPPENHEIM, London",,private,"London, U.K.",yes,,
1027,PLATE,item,Lacquer,Containers,plant derived materials; lacquer,"red lacquer, with carved decoration of peonies","Inscribed with maker's name, Chang Mao",Di. 16.7 cm.,4 Song Dynasty,Yuan,,,"SIR PERCIVAL DAVID, BT., London",,private,"London, U.K.",yes,,
1028,INCENSE-BOX,item,Lacquer,Containers,plant derived materials; lacquer,carved lacquer,"Inscribed with maker's name, Chang Mao",L. 8.5 cm.,4 Song Dynasty,Yuan,,,"THE GERMAN STATE MUSEUMS, Berlin",,museum,"Berlin, Germany",yes,,
1029,PLATE,item,Lacquer,Containers,plant derived materials; lacquer,"red lacquer, in the form of a water-chestnut flower, with carved decoration of peonies. Mark of Yung-lo period",,Di. 19 cm.,4 Song Dynasty,Ming,,,"SIR PERCIVAL DAVID, BT., London",,private,"London, U.K.",yes,,
1030,VASE,item,Lacquer,Containers,plant derived materials; lacquer,"marbled red lacquer, in pomegranate shape",Inscribed with maker's name,H. 19.1 cm.,4 Song Dynasty,Yuan,,,"THE ROYAL SCOTTISH MUSEUM, Edinburgh",,museum,"Edinburgh, U.K.",yes,,
1031,BOWL,item,Stones and Minerals,Utilitarian Objects,gemstones; agate,,,Di. 21.5 cm.,4 Song Dynasty,Song,,,"A. BENAKI, Athens",,private,"Athens, Greece",yes,,
1032,WINE CUP,item,Metals,,metalwork; silver,"silver, made by Chü Pi-shan, representing Chang Ch'ien in his hollow tree, floating down the Yellow River",Inscribed,H. 16.2 cm. L. 22.1 cm.,4 Song Dynasty,Yuan,,,THE CHINESE GOVERNMENT,,government,China,,,
1033,YAK,item,Organic Materials,,Animal derived materials; ivory,,,H. 18.2 cm.,4 Song Dynasty,Sui and Tang,,,"A. STOCLET, Brussels",,private,"Brussels, Belgium",yes,,
1034,WINE CUP,item,Metals,,metalwork; silver,"silver, made by Chü Pi-shan, representing Chang Ch'ien in his hollow tree, floating down the Yellow River",With box bearing an Imperial inscription of the Qianlong period,H. 16.5 cm. L. 20 cm.,4 Song Dynasty,Yuan,,,"SIR PERCIVAL DAVID, BT., London",,private,"London, U.K.",yes,,
1035,ALBUM PAINTING in ink on silk,item,Paintings and Calligraphy,Scholar painting,textiles; silk,Bamboos,,37 by 31.5 cm.,4 Song Dynasty,Song,,attributed to Su Tung-p'o (A.D. 1036-1101),THE BRITISH MUSEUM (Eumorfopoulos Collection),From the Tuan Fang Collection,museum,"London, U.K.",yes,,
1036,Painting in ink on paper,item,Paintings and Calligraphy,Landscape,plant derived materials; paper,Sage in Forest,,H. 26 cm. L. 32 cm.,4 Song Dynasty,Yuan,,LI LUNG-MIEN (A.D. 1040-1106) (attributed to),"A. STOCLET, Brussels",,private,"Brussels, Belgium",yes,,
1037,ALBUM PAINTING in ink on silk,item,Paintings and Calligraphy,Scholar painting,textiles; silk,Bamboos,,22 by 21.5 cm.,4 Song Dynasty,Yuan,,attributed to Wu Chên (A.D. 1280-1354),THE BRITISH MUSEUM (Eumorfopoulos Collection),From the Tuan Fang Collection.,museum,"London, U.K.",yes,,
1038,Scroll painting in ink on paper,item,Paintings and Calligraphy,Scholar painting,plant derived materials; paper,Bamboos,,H. 15 cm. L. 112 cm.,4 Song Dynasty,Yuan,,LADY KUAN TAO-SHÊNG (wife of Chao Mêng-fu) (active c. A.D. 1300),"MRS. WILLIAM H. MOORE, New York",,private,"New York, U.S.A.",yes,,
1039,Scroll painting in ink on paper,item,Paintings and Calligraphy,Scholar painting,plant derived materials; paper,Bamboos,,H. 28 cm. L. 280 cm.,4 Song Dynasty,Yuan,,SU TUNG-P'O (A.D. 1036-1101) (attributed to),"A. W. BAHR, Weybridge",,private,"Surrey, U.K.",yes,,
1040,Painting in ink on paper,item,Paintings and Calligraphy,Scholar painting,plant derived materials; paper,The Kao Kao Pavilion,,H. 62.3 cm. W. 25 cm.,5 Song Dynasty,Yuan,,FANG TS'UNG-I (14th century A.D.),THE CHINESE GOVERNMENT,,government,China,yes,,
1041,Painting in ink and faint colour on silk,item,Paintings and Calligraphy,Scholar painting,textiles; silk,Drinking to the Moon,,H. 71.9 cm. W. 93.6 cm.,5 Song Dynasty,Song,,UNKNOWN ARTIST,THE CHINESE GOVERNMENT,,government,China,,,
1042,Painting in colour on silk,item,Paintings and Calligraphy,Genre painting,textiles; silk,Feasting by Lantern Light,,H. 110 cm. W. 53 cm.,5 Song Dynasty,Song,,UNKNOWN ARTIST,THE CHINESE GOVERNMENT,,government,China,,,
1043,FLOWER POT,item,Ceramics,porcelain,ceramics; porcelain,"Chün ware, with greenish-grey glaze (mi-sè or ""roasted rice"" colour)",,H. 24.4 cm.,5 Song Dynasty,Song,,,THE CHINESE GOVERNMENT,,government,China,,,
1044,BULB BOWL,item,Ceramics,porcelain,ceramics; porcelain,"Chün ware, with lobed sides, in the form of a lotus, with dappled grey glaze suffused with purple",The numeral szu (4) is incised on the base,D. 22.5 cm.,5 Song Dynasty,Song,,,THE CHINESE GOVERNMENT,,government,China,,,
1045,VASE (tsun),item,Ceramics,porcelain,ceramics; porcelain,"Chün ware, with blue-grey glaze",On the base is the numeral pa (8) originally incised in the paste,H. 22 cm.,5 Song Dynasty,Song,,,THE CHINESE GOVERNMENT,,government,China,yes,,
1046,WATER VESSEL,item,Ceramics,porcelain,ceramics; porcelain,"Yi-hsing Chün ware, in the form of half a peachstone, green glaze on the interior",,L. 16 cm.,5 Song Dynasty,Ming,,,H.R.H. THE CROWN PRINCE OF SWEDEN,,private,"Stockholm, Sweden",yes,,
1047,TRIPOD INCENSE-BURNER,item,Ceramics,porcelain,ceramics; porcelain,"Chün ware, with grey-blue glaze mottled with purple",,H. 9 cm.,5 Song Dynasty,Song,,,THE CHINESE GOVERNMENT,,government,China,,,
1048,FLOWER POT,item,Ceramics,porcelain,ceramics; porcelain,"Chün ware, with dappled rose-purple glaze",The numeral êrh (2) is incised on the base,H. 22.5 cm.,5 Song Dynasty,Song,,,THE CHINESE GOVERNMENT,,government,China,yes,,
1049,FLOWER POT,item,Ceramics,porcelain,ceramics; porcelain,"Chün ware, with dappled rose-purple glaze",On the base is the numeral wu (5) incised in the paste,H. 19.5 cm.,5 Song Dynasty,Song,,,THE CHINESE GOVERNMENT,,government,China,yes,,
1050,LARGE BOWL,item,Ceramics,porcelain,ceramics; porcelain,"Chün ware, of lotus form, with blue-grey glaze",,D. 23 cm,5 Song Dynasty,Song,,,THE CHINESE GOVERNMENT,,government,China,yes,,
1051,BRUSH WASHER,item,Ceramics,porcelain,ceramics; porcelain,"Probably Yi-hsing Chün ware, in the shape of a magic peach stone, with red body and mottled bluish-purple glaze inside",,Di. 15 cm,5 Song Dynasty,Song,,,THE CHINESE GOVERNMENT,,government,China,yes,,
1052,BOWL,item,Ceramics,porcelain,ceramics; porcelain,"Chün ware, with light lavender-blue glaze and furnace transmutation of pink",,Di. 15 cm,5 Song Dynasty,Song,,,THE CHINESE GOVERNMENT,,government,China,,,
1053,FLOWER POT,item,Ceramics,porcelain,ceramics; porcelain,"Chün ware, with dappled bluish-grey glaze",On the base is the numeral êrh (2) incised in the paste,H. 24.3 cm,5 Song Dynasty,Song,,,THE CHINESE GOVERNMENT,,government,China,,,
1054,BULB BOWL,item,Ceramics,porcelain,ceramics; porcelain,"Chün ware, in the shape of a drum, with dappled bluish-grey glaze",On the base is the numeral i (1) incised in the paste,Di. 25.5 cm,5 Song Dynasty,Song,,,THE CHINESE GOVERNMENT,,government,China,,,
1055,VASE (tsun),item,Ceramics,porcelain,ceramics; porcelain,"Chün ware, with dappled lilac-purple glaze",On the base is the numeral liu (6) subsequently engraved,H. 24.7 cm,5 Song Dynasty,Song,,,THE CHINESE GOVERNMENT,,government,China,yes,,
1056,Painting in ink on silk,item,Paintings and Calligraphy,Animal and plants,textiles; silk,Two Bulls,,H. 36.5 cm W. 96 cm,5 Song Dynasty,Yuan,,HAN HUANG (A.D. 723-778) (attributed to),THE BRITISH MUSEUM (Eumorfopoulos Collection),,museum,"London, U.K.",yes,,
1057,Painting in ink on paper,item,Paintings and Calligraphy,Scholar painting,plant derived materials; paper,Bamboos and Rocks,,H. 90.6 cm W. 42.5 cm,5 Song Dynasty,Yuan,,WU CHÊN (A.D. 1280-1354),THE CHINESE GOVERNMENT,,government,China,yes,,
1058,Painting in ink on paper,item,Paintings and Calligraphy,Scholar painting,plant derived materials; paper,Bamboos and Stones,With seal of the artist,H. 87.1 cm W. 28.7 cm,5 Song Dynasty,Yuan,,LADY KUAN TAO-SHÊNG (Wife of Chao Mêng-fu) (active c. A.D. 1300),THE CHINESE GOVERNMENT,,government,China,yes,,
1059,Painting in colour on paper,item,Paintings and Calligraphy,Scholar painting,plant derived materials; paper,Mist and Rain in a Grove,,H. 122.8 cm W. 60.9 cm,5 Song Dynasty,Yuan,,KAO K'O-KUNG (active c. A.D. 1275),THE CHINESE GOVERNMENT,,government,China,yes,,
1060,Painting in ink on paper,item,Paintings and Calligraphy,Scholar painting,plant derived materials; paper,A poem of Kao Shih-chün pictured,,H. 81.5 cm W. 30.6 cm,5 Song Dynasty,Yuan,,KUO T'IEN-HSI (c. 14th century A.D.),THE CHINESE GOVERNMENT,,government,China,,,
1061,FLOWER POT,item,Ceramics,porcelain,ceramics; porcelain,"Chün ware, six lobed, porcellanous ware, with opalescent glaze of purple and crimson and bluish-grey",On the base is incised the numeral êrh (2),Di. 27.4 cm,5 Song Dynasty,Song,,,"SIR PERCIVAL DAVID, BT., London",,private,"London, U.K.",yes,,
1062,STEM-CUP,item,Ceramics,porcelain,ceramics; porcelain,"Chün ware, porcellanous ware, with bluish glaze deeply flushed with purple",,H. 9.2 cm,5 Song Dynasty,Song,,,"SIR PERCIVAL DAVID, BT., London",,private,"London, U.K.",yes,,
1063,DEEP BOWL,item,Ceramics,porcelain,ceramics; porcelain,"Chün ware, on three feet, porcellanous ware with opalescent glaze, purple outside and grey within",Incised numeral wu (5),Di. 19 cm,5 Song Dynasty,Song,,,"SIR PERCIVAL DAVID, BT., London",,private,"London, U.K.",,,
1064,STEM-CUP,item,Ceramics,porcelain,ceramics; porcelain,"Chün ware, porcellanous ware, with grey glaze passing into blue and purple",,H. 8 cm,5 Song Dynasty,Song,,,"M. CALMANN, Paris",,private,"Paris, France",yes,,
1065,FLOWER POT AND STAND,item,Ceramics,porcelain,ceramics; porcelain,"Chün ware, hexagonal, on six feet, porcellanous ware, with purple glaze frosted with grey","""Earth-worm"" marks and incised ch'i (7)",L. 24.5 cm,5 Song Dynasty,Song,,,"SIR PERCIVAL DAVID, BT., London",,private,"London, U.K.",yes,,
1066,TRIPOD INCENSE BURNER,item,Ceramics,porcelain,ceramics; porcelain,"Chün ware, porcellanous ware, with bluish-grey glaze suffused with purple",,H. 10.8 cm,5 Song Dynasty,Song,,,"MRS. SAMUEL T. PETERS, New York",,private,"New York, U.S.A.",yes,,
1067,BOTTLE,item,Ceramics,porcelain,ceramics; porcelain,"Chün ware, pear-shaped, porcellanous ware, with blue-grey glaze splashed with purple",,H. 29.3 cm,5 Song Dynasty,Song,,,"SIR PERCIVAL DAVID, BT., London",,private,"London, U.K.",yes,,
1068,DISH,item,Ceramics,porcelain,ceramics; porcelain,"Chün ware, with flat rim, porcellanous ware, with blue glaze suffused and splashed with purple",,Di. 18.5 cm,5 Song Dynasty,Song,,,"SIR PERCIVAL DAVID, BT., London",,private,"London, U.K.",yes,,
1069,VASE,item,Ceramics,porcelain,ceramics; porcelain,"Chün ware, porcellanous ware, with blue-grey glaze suffused with a band of purple",,H. 9.5 cm,5 Song Dynasty,Song,,,THE BRITISH MUSEUM (Eumorfopoulos Collection),,museum,"London, U.K.",yes,,
1070,BULB BOWL,item,Ceramics,porcelain,ceramics; porcelain,"Chün ware, six-lobed, porcellanous ware, with dappled purple glaze outside and bluish-grey within",Incised numeral pa (8),W. 20 cm,5 Song Dynasty,Song,,,"SIR PERCIVAL DAVID, BT., London",,private,"London, U.K.",,,
1071,BASIN,item,Ceramics,porcelain,ceramics; porcelain,"Chün ware, porcellanous ware, with blue glaze splashed with purple",,Di. 32 cm,5 Song Dynasty,Song,,,"MADAME ROSENHEIM, Paris",,private,"Paris, France",yes,,
1072,BOWL,item,Ceramics,porcelain,ceramics; porcelain,"Chün ware, with lobed sides, blue-grey glaze with purple splashes",,Di. 11.2 cm,5 Song Dynasty,Song,,,"A. SCHOENLICHT, The Hague, Holland",,private,"The Hague, Netherlands",yes,,
1073,BOWL,item,Ceramics,porcelain,ceramics; porcelain,"Chün ware, porcellanous ware, with blue glaze and splash of crimson suggesting a bird form",,Di. 13.7 cm,5 Song Dynasty,Song,,,"F. SCHILLER, Betchworth, Surrey",,private,"Surrey, U.K.",,,
1074,Ink painting on silk,item,Paintings and Calligraphy,Landscape,textiles; silk,"Landscape in four scenes (each inscribed): (1) ""Distant mountain and wild geese"" (2) ""Mist over the village, the ferry returns"" (3) ""Fishermen play their flutes in the quiet dusk"" (4) ""Anchoring at evening on the misty bank."" Apparently originally contained twelve scenes1234。。",Signed by the artist,H. 27.9 cm W. 233.4 cm,5 Song Dynasty,Song,,HSIA KUEI (active c. A.D. 1180-1230),"THE WILLIAM ROCKHILL NELSON GALLERY OF ART, Kansas City",,museum,"Kansas, U.S.A.",yes,,
1075,BULB BOWL,item,Ceramics,porcelain,ceramics; porcelain,"Chün ware, of six-foil shape, on three feet, with blue glaze deeply suffused with purple",On the base are the numeral ch'i (7) incised and a palace mark,Di. 21 cm,5 Song Dynasty,Song,,,"SIR PERCIVAL DAVID, BT., London",,private,"London, U.K.",,,
1076,"""LOTUS PETAL"" BOWL",item,Ceramics,porcelain,ceramics; porcelain,"Chün ware, porcellanous ware, with blue glaze broken by splashes of purple and crimson in form suggesting bats",,Di. 24.2 cm,5 Song Dynasty,Song,,,"SIR PERCIVAL DAVID, BT., London",,private,"London, U.K.",yes,,
1077,BOWL,item,Ceramics,porcelain,ceramics; porcelain,"Chün ware, porcellanous ware, with blue-grey glaze splashed with purple",,Di. 8.7 cm,5 Song Dynasty,Song,,,"SIR PERCIVAL DAVID, BT., London",,private,"London, U.K.",yes,,
1078,JAR,item,Ceramics,porcelain,ceramics; porcelain,"Chün ware, porcellanous ware, with blue glaze splashed with purple",,H. 9.7 cm,5 Song Dynasty,Song,,,THE BRITISH MUSEUM (Eumorfopoulos Collection),,museum,"London, U.K.",yes,,
1079,VASE,item,Ceramics,porcelain,ceramics; porcelain,"Chün ware, bud-shaped, with purple glaze",,H. 16.8 cm,5 Song Dynasty,Song,,,"MRS. SAMUEL T. PETERS, New York",,private,"New York, U.S.A.",yes,,
1080,DEEP BOWL,item,Ceramics,porcelain,ceramics; porcelain,"""Soft Chün"" ware, buff ware, with aubergine glaze outside and pastel blue inside",,H. 9 cm,5 Song Dynasty,Yuan,,,"M. CALMANN, Paris",,private,"Paris, France",yes,,
1081,DISH,item,Ceramics,porcelain,ceramics; porcelain,"Probably Ching-tê Chên ware in Chün style, porcelain, with purple glaze shot with grey",,Di. 17.7 cm,5 Song Dynasty,Ming,,,"SIR PERCIVAL DAVID, BT., London",,private,"London, U.K.",,,
1082,STEM-CUP,item,Ceramics,porcelain,ceramics; porcelain,"Chün ware, porcellanous ware, with purple glaze shot with grey",,Di. 9.5 cm,5 Song Dynasty,Song,,,"SIR PERCIVAL DAVID, BT., London",,private,"London, U.K.",yes,,
1083,JAR,item,Ceramics,porcelain,ceramics; porcelain,"Chün ware, with handles, porcellanous ware, with bluish-grey glaze splashed with purple",,H. 13.9,5 Song Dynasty,Song,,,THE VICTORIA AND ALBERT MUSEUM (Eumorfopoulos Collection),,museum,"London, U.K.",yes,,
1084,FLOWER POT,item,Ceramics,porcelain,ceramics; porcelain,"Chün ware, six lobed, porcellanous ware, with bluish glaze richly suffused with crimson",Numeral san (three) incised on base,H. 19 cm,5 Song Dynasty,Song,,,"THE UNIVERSITY MUSEUM, University of Pennsylvania",,museum,"Pennsylvania, U.S.A.",,,
1085,FLOWER POT AND STAND,item,Ceramics,porcelain,ceramics; porcelain,"Chün ware, rectangular with four feet. Porcellanous ware, with bluish-purple glaze powdered with grey",The numeral shih (10) is incised upon the base of both pieces,H. 14.6 cm,5 Song Dynasty,Song,,,"SIR PERCIVAL DAVID, BT., London",,private,"London, U.K.",yes,,
1086,INCENSE VASE,item,Ceramics,porcelain,ceramics; porcelain,"Chün ware, on three feet, bluish glaze with purple flush",,H. 10 cm,5 Song Dynasty,Song,,,"A. SCHOENLICHT, The Hague, Holland",,private,"The Hague, Netherlands",,,
1087,BOX AND COVER,item,Ceramics,porcelain,ceramics; porcelain,"Chün ware, porcellanous ware, with grey glaze suffused with purple",,Di. 11 cm,5 Song Dynasty,Song,,,"SIR PERCIVAL DAVID, BT., London",,private,"London, U.K.",yes,,
1088,FLOWER POT STAND,item,Ceramics,porcelain,ceramics; porcelain,"Chün ware, oblong four-foil shape, porcellanous ware, with opalescent purple glaze",The base bears the numeral chiu (9) incised and a Palace inscription,L. 17.4 cm,5 Song Dynasty,Song,,,"SIR PERCIVAL DAVID, BT., London",,private,"London, U.K.",,,
1089,Painting in ink on paper,item,Paintings and Calligraphy,Landscape,plant derived materials; paper,Towers by a River,,H. 83.8 cm W. 40.4 cm,5 Song Dynasty,Yuan,,UNKNOWN ARTIST,THE CHINESE GOVERNMENT,,government,China,,,
1090,Painting in ink on paper,item,Paintings and Calligraphy,Landscape,plant derived materials; paper,Tree and Rocks,,H. 112.5 cm W. 35.2 cm,5 Song Dynasty,Yuan,,CHANG SHUN-TZŬ (c. 14th century A.D.),THE CHINESE GOVERNMENT,,government,China,,,
1091,Painting in ink on paper,item,Paintings and Calligraphy,Landscape,plant derived materials; paper,A Mountain after Rain,,H. 121.8 cm W. 81.7 cm,5 Song Dynasty,Song,,KAO K'O-KUNG (active 1275 A.D.),THE CHINESE GOVERNMENT,,government,China,yes,,
1092,Painting on paper,item,Paintings and Calligraphy,Figure,plant derived materials; paper,Women Weaving,,H. 98.6 cm W. 33.2 cm,5 Song Dynasty,Song,,LIU SUNG-NIEN (active A.D. 1190-1230),THE CHINESE GOVERNMENT,,government,China,yes,,
1093,DISH,item,Ceramics,porcelain,ceramics; porcelain,"Chün ware, five-lobed, porcellanous ware, with crackled blue-grey glaze",,Di. 25.8 cm,5 Song Dynasty,Song,,,"G. EUMORFOPOULOS, London",,private,"London, U.K.",yes,,
1094,BOX AND COVER,item,Ceramics,porcelain,ceramics; porcelain,"Chün ware, with bluish-grey glaze. From the Collection of Charles L. Rutherston",,W. 13.2 cm,5 Song Dynasty,Song,,,"MRS. C. L. AND MISS RUTHERSTON, Farnham and London",,private,"London, U.K.",yes,,
1095,BOWL,item,Ceramics,porcelain,ceramics; porcelain,"Chün ware, ""bubble,"" with dappled purple glaze",,Di. 8.7 cm,5 Song Dynasty,Song,,,"ALAN BARLOW, C.B., C.B.E., Wendover, Bucks",,private,"Buckinghamshire, U.K.",,,
1096,INCENSE VASE,item,Ceramics,porcelain,ceramics; pottery,"Soft Chün ware, on three feet, pottery, with blue glaze",,H. 8.5 cm,5 Song Dynasty,Song,,,"A. SCHOENLICHT, The Hague, Holland",,private,"The Hague, Netherlands",,,
1097,BOTTLE,item,Ceramics,porcelain,ceramics; pottery,"Soft Chün ware, with lotus petals on body, buff ware, with blue glaze",,H. 10.1 cm,5 Song Dynasty,Song,,,"MR. AND MRS. ALFRED CLARK, Iver Heath, Bucks",,private,"Buckinghamshire, U.K.",,,
1098,VASE,item,Ceramics,porcelain,ceramics; pottery,"Soft Chün ware, reddish pottery, with blue glaze splashed with purple",,H. 7.2 cm,5 Song Dynasty,Sui and Tang,,,THE BRITISH MUSEUM (Eumorfopoulos Collection),,museum,"London, U.K.",yes,,
1099,WATER DROPPER,item,Ceramics,porcelain,ceramics; pottery,"Soft Chün ware, reddish pottery, with thick blue glaze splashed with purple",,H. 8 cm,5 Song Dynasty,Song,,,"SIR PERCIVAL DAVID, BT., London",,private,"London, U.K.",,,
1100,SAUCER DISH,item,Ceramics,porcelain,ceramics; porcelain,"Chün ware, in eight-foil form. Blue glaze",,Di. 13 2 cm,5 Song Dynasty,Song,,,"SIR PERCIVAL DAVID, BT., London",,private,"London, U.K.",,,
1101,BOWL,item,Ceramics,porcelain,ceramics; porcelain,"Chün ware, porcellanous ware, with lavender-grey crackled glaze",,Di. 12.3 cm,5 Song Dynasty,Song,,,"SIR PERCIVAL DAVID, BT., London",,private,"London, U.K.",,,
1102,VASE,item,Ceramics,porcelain,ceramics; porcelain,"Chün ware, porcellanous ware, with blue glaze splashed with purple",,H. 25 cm,5 Song Dynasty,Song,,,THE BRITISH MUSEUM (Eumorfopoulos Collection),,museum,"London, U.K.",yes,,
1103,DEEP BOWL,item,Ceramics,porcelain,ceramics; porcelain,"Chün ware, with lavender-blue crackled glaze",,H. 13.7 cm,5 Song Dynasty,Song,,,"SIR PERCIVAL DAVID, BT., London",,private,"London, U.K.",,,
1104,WATER VESSEL,item,Ceramics,porcelain,ceramics; porcelain,"Chün ware, of four-foil form, porcellanous ware, with even-tinted blue-grey glaze",,L. 10.7 cm,5 Song Dynasty,Song,,,"SIR PERCIVAL DAVID, BT., London",,private,"London, U.K.",yes,,
1105,PILLOW,item,Ceramics,porcelain,ceramics; porcelain,"Chün ware, shaped like a ju-i head,  porcellanous ware, with thick blue-grey glaze. From the Imperial Collection, Peking","On the base is inscribed an Imperial poem of the Qianlong period, in which it is described as Ch'ai ware.",L. 29.8 cm,5 Song Dynasty,Song,,,"SIR PERCIVAL DAVID, BT., London",,private,"London, U.K.",yes,,
1106,CUP,item,Ceramics,pottery,ceramics; pottery,"in the form of a peach-stone in imitation of a jade cup of the Sung Dynasty. reddish-brown stoneware, with crackled blue glaze inside",Inscribed on the rim "Made by the hand of the Old Man Who Loves Leisure.",L. 10.2 cm,5 Song Dynasty,Ming,,,"SIR PERCIVAL DAVID, BT., London",,private,"London, U.K.",yes,,
1107,VASE,item,Ceramics,porcelain,ceramics; porcelain,"Soft Chün ware, pottery, with lavender blue glaze splashed with purple",,H. 12.5 cm,5 Song Dynasty,Song,,,"F. SCHILLER, Betchworth, Surrey",,private,"Surrey, U.K.",,,
1108,DISH,item,Ceramics,porcelain,ceramics; porcelain,"Chün type, porcelain, with dull lavender-grey crackled glaze",,Di. 13.8 cm,5 Song Dynasty,Ming,,,"SIR PERCIVAL DAVID, BT., London",,private,"London, U.K.",,,
1109,BOWL,item,Ceramics,porcelain,ceramics; porcelain,"Chün ware, conical, porcellanous ware, with even lavender-grey glaze",,Di. 11.4 cm,5 Song Dynasty,Song,,,"THE WILLIAM ROCKHILL NELSON GALLERY OF ART, Kansas City",,museum,"Kansas, U.S.A.",,,
1110,TALL VASE,item,Ceramics,porcelain,ceramics; porcelain,"Chün ware, with bluish-grey glaze",,H. 40 cm,5 Song Dynasty,Song,,,"A. SCHOENLICHT, The Hague, Holland",,private,"The Hague, Netherlands",yes,,
1111,BOWL,item,Ceramics,porcelain,ceramics; porcelain,"Chün ware, with pale-blue glaze",,Di. 15.8 cm,5 Song Dynasty,Song,,,"OSCAR RAPHAEL, London",,private,"London, U.K.",yes,,
1112,BRUSH WASHER,item,Ceramics,porcelain,ceramics; porcelain,"Chün ware, six-lobed, with flange and handle, blue glaze",,L. 19.6 cm,5 Song Dynasty,Song,,,"SIR PERCIVAL DAVID, BT., London",,private,"London, U.K.",,,
1113,Painting in ink and faint colour on silk,item,Paintings and Calligraphy,Religious painting,textiles; silk,The Three Incarnations of Yüan-tsê,,H. 24.5 cm W. 17.4 cm,5 Song Dynasty,Song,,LIU SUNG-NIEN (active A.D. 1190-1230) (attributed to),THE BRITISH MUSEUM (Eumorfopoulos Collection),,museum,"London, U.K.",yes,,
1114,"Painting in ink on paper with an inscription by the Emperor Hui Tsung, dated A.D.",item,Paintings and Calligraphy,Landscape,plant derived materials; paper,Snow-covered Mountains,,H. 27.2 cm W. 88.9 cm,5 Song Dynasty,Song,,HSÜ TAO-NING (late 10th century A.D.),"FUSAJIRO ABE, Sumiyoshi, near Kobe",,private,"Kobe, Japan",yes,,
1115,Painting in ink on silk,item,Paintings and Calligraphy,Landscape,textiles; silk,Landscape,,H. 130.5 cm W. 49 cm,5 Song Dynasty,Song,,LI KUNG-NIEN (12th century A.D.) (attributed to),"DR. DU BOIS S. MORRIS, New York",,private,"New York, U.S.A.",,,
1116,Painting in ink on silk,item,Paintings and Calligraphy,Animal and plants,textiles; silk,Two Horses,,H. 40 cm W. 65 cm,5 Song Dynasty,Yuan,,CHAO MÊNG-FU (A.D. 1254-1322),"A. STOCLET, Brussels",,private,"Brussels, Belgium",yes,,
1117,Painting in ink on paper,item,Paintings and Calligraphy,Animal and plants,plant derived materials; paper,Two Sparrows on a Bamboo Branch。,,H. 184.4 cm W. 45.4 cm,5 Song Dynasty,Song,,PRIEST MU-CH'I (13th century A.D.),"KAICHIRO NEDZU, Tokyo",Once in the collection of the Shogun Ashikaga Yoshimasa,private,"Tokyo, Japan",yes,,
1118,Painting in ink on silk,item,Paintings and Calligraphy,Landscape,textiles; silk,Two Pine Trees,Signed by the artist,H. 132.1 cm W. 57.4 cm,5 Song Dynasty,Yuan,,TS'AO CHIH-PAI,THE CHINESE GOVERNMENT,,government,China,yes,,
1119,Painting in ink with faint colour on silk,item,Paintings and Calligraphy,Animal and plants,textiles; silk,Feeding Horses,,H. 50 cm W. 75 cm,5 Song Dynasty,Yuan,,JÊN JÊN-FA (14th century A.D.),THE VICTORIA AND ALBERT MUSEUM (Eumorfopoulos Collection),,museum,"London, U.K.",yes,,
1120,Painting in colour on silk,item,Paintings and Calligraphy,Animal and plants,textiles; silk,Peach Tree and a Parrakeet,,H. 177.8 cm W. 60.8 cm,5 Song Dynasty,Yuan,,WANG YÜAN (Yüan Dynasty) (attributed to),"KAICHIRO NEDZU, Tokyo",From the Nishi Hongwanji Collection,private,"Tokyo, Japan",yes,,
1121,Painting in ink on paper,item,Paintings and Calligraphy,Scholar painting,plant derived materials; paper,A Study of Bamboos,,H. 101 cm W. 49.7 cm,5 Song Dynasty,Yuan,,K'O CHIU-SSŬ (A.D. 1312-1365),THE CHINESE GOVERNMENT,,government,China,,,
1122,Painting in colour on paper,item,Paintings and Calligraphy,Genre painting,plant derived materials; paper,Five Auspicious Things,,H. 126 cm W. 60.5 cm,5 Song Dynasty,Yuan,,LU KUANG (14th century A.D.),THE CHINESE GOVERNMENT,,government,China,,,
1123,Painting in colour on silk,item,Paintings and Calligraphy,Genre painting,textiles; silk,Shooting Wild Geese,,H. 131.8 cm W. 93.6 cm,5 Song Dynasty,Yuan,,UNKNOWN ARTIST,THE CHINESE GOVERNMENT,,government,China,,,
1124,SILK TAPESTRY (k'o ssŭ),item,Textile,Furnishings,textiles; silk,Tung-fang So stealing the Peaches of Longevity,,H. 116.3 cm W. 60.3 cm,5 Song Dynasty,Ming,,,"THE METROPOLITAN MUSEUM OF ART, New York",,museum,"New York, U.S.A.",yes,,
1125,Painting in ink on paper,item,Paintings and Calligraphy,Animal and plants,plant derived materials; paper,Mainahs on a Bough of the Pine Tree,,H. 87.5 cm W. 52 cm,5 Song Dynasty,Song,,THE EMPEROR HUI TSUNG (lived A.D. 1082-1135),"TONYING & COMPANY, INC., New York",,private,"New York, U.S.A.",yes,,
1126,Painting in colour on silk,item,Paintings and Calligraphy,Court Painting,textiles; silk,Festival in Honour of the Emperor,"No signature, but the attribution seems justified",H. 156.3 cm W. 160.1 cm,5 Song Dynasty,Song,,TUNG YÜAN (active end of 10th century A.D.),THE CHINESE GOVERNMENT,,government,China,yes,,
1127,Scroll painting in ink on silk,item,Paintings and Calligraphy,Landscape,textiles; silk,A Myriad Miles of the Yangtze,"With Imperial seals of the T'ien-li period (A.D. 1328-1330) and an inscription Ko Chin-ssŭ, dated A.D. 1335",H. 26.9 cm W. 1114.3 cm,5 Song Dynasty,Song,,HSIA KUEI (active c. A.D. 1180-1230),THE CHINESE GOVERNMENT,,government,China,yes,,
1128,Painting in colour on silk,item,Paintings and Calligraphy,Animal and plants,textiles; silk,A Hawk Swooping on a Thrush,,H. 116.6 cm W. 53.2 cm,5 Song Dynasty,Yuan,,WANG YÜAN (active c. 1329),THE CHINESE GOVERNMENT,,government,China,yes,,
1129,Painting in colour on paper,item,Paintings and Calligraphy,Animal and plants,plant derived materials; paper,Cock and Flowering Plants,Signed and dated A.D. 1351 by the artist,H. 122.7 cm W. 43.6 cm,5 Song Dynasty,Yuan,,CHANG CHUNG (c. A.D. 1350),THE CHINESE GOVERNMENT,,government,China,yes,,
1130,Painting in ink on silk,item,Paintings and Calligraphy,Scholar painting,textiles; silk,Bamboos and Rocks,Signed and dated A.D. 1350 by the artist,H. 186.9 cm W. 103.9 cm,5 Song Dynasty,Yuan,,KU AN (active A.D. 1333),THE CHINESE GOVERNMENT,,government,China,yes,,
1131,Painting in ink on paper,item,Paintings and Calligraphy,Scholar painting,plant derived materials; paper,The Jung Hsi Studio,,H. 73.3 cm W. 35.6 cm,5 Song Dynasty,Yuan,,NI TSAN (A.D. 1301-1374),THE CHINESE GOVERNMENT,,government,China,yes,,
1132,Painting in colour on paper,item,Paintings and Calligraphy,Scholar painting,plant derived materials; paper,A Thatched Pavilion,,H. 111.4 cm W. 60.1 cm,5 Song Dynasty,Yuan,,WANG MÊNG (d. A.D. 1385),THE CHINESE GOVERNMENT,,government,China,yes,,
1133,Painting in colour on silk,item,Paintings and Calligraphy,Animal and plants,textiles; silk,Milch Cow,"Unsigned, but probably Sung",H. 46.4 cm W. 62.9 cm,5 Song Dynasty,Song,,LI T'ANG (active c. A.D. 1100-1130),THE CHINESE GOVERNMENT,,government,China,yes,,
1134,Painting in colour on silk,item,Paintings and Calligraphy,Religious painting,textiles; silk,Cleansing of the Moon,,H. 77.5 cm W. 50 cm,5 Song Dynasty,Song,,UNKNOWN ARTIST,THE CHINESE GOVERNMENT,,government,China,yes,,
1135,Painting in colour on silk,item,Paintings and Calligraphy,Animal and plants,textiles; silk,A Picture of Peace and Harmony: Quails and Millet,,H. 105.6 cm W. 52.5 cm,5 Song Dynasty,Song,,UNKNOWN ARTIST,THE CHINESE GOVERNMENT,,government,China,yes,,
1136,Painting in colour on silk,item,Paintings and Calligraphy,Animal and plants,textiles; silk,Wild Goose resting amid Rushes on a Beach,Unsigned,H. 106 cm W. 51.2 cm,5 Song Dynasty,Song,,TS'UI PAI (active c. A.D. 1040-1070),THE CHINESE GOVERNMENT,,government,China,,,
1137,Painting in colour on paper,item,Paintings and Calligraphy,Landscape,plant derived materials; paper,Autumn Melon and Grass,with inscription by the artist,H. 63 cm W. 30 cm,5 Song Dynasty,Ming,,CH'IEN HSÜAN (A.D. 1235-c. 1290),THE CHINESE GOVERNMENT,,government,China,yes,,
1138,Painting in colour on paper,item,Paintings and Calligraphy,Landscape,plant derived materials; paper,Mountain in Spring. A painting in T'ang style,,H. 89.8 cm W. 32.4 cm,5 Song Dynasty,Song,,CHAO PO-CHÜ (12th century A.D.) (attributed to),THE CHINESE GOVERNMENT,,government,China,yes,,
1139,Scroll Painting in ink on silk,item,Paintings and Calligraphy,Landscape,textiles; silk,Snowy Mountains,,,5 Song Dynasty,Song,,KUO HSI (c. A.D. 1020-1090) (attributed to),"THE TOLEDO MUSEUM OF ART, Toledo, Ohio",,museum,"Ohio, U.S.A.",yes,,
1140,Scroll painting in ink on silk,item,Paintings and Calligraphy,Landscape,textiles; silk,with touches of colour. Landscape,"Signed and dated by the artist, A.D. 1130",H. 43.5 cm W. 192.5 cm,5 Song Dynasty,Song,,MI YU-JÊN (active c. A.D. 1120),"CLEVELAND MUSEUM OF ART, Cleveland, Ohio",,museum,"Ohio, U.S.A.",yes,,
1141,Two scroll paintings in ink on silk,item,Paintings and Calligraphy,Figure,textiles; silk,Five Rulers and Attendants,,H. 52 cm W. 593 cm,5 Song Dynasty,Ming,,WU TSUNG-YÜAN (active c. A.D. 1010) (attributed to),"THE METROPOLITAN MUSEUM OF ART, New York",,museum,"New York, U.S.A.",yes,,
1142,ALBUM PAINTING in colour on silk,item,Paintings and Calligraphy,Genre painting,textiles; silk,A Russian Tribe,,26.2 by 31.3 cm,5 Song Dynasty,Ming,,by an unknown artist of the Ming Dynasty.,"MR. AND MRS. G. DEL DRAGO, New York",,private,"New York, U.S.A.",yes,,
1143,ALBUM PAINTING in colour on silk,item,Paintings and Calligraphy,Religious painting,textiles; silk,Lao Tzu,,25.7 by 17 cm,5 Song Dynasty,Song,,attributed to Yen Li-pên,"H. J. OPPENHEIM, London",,private,"London, U.K.",yes,,
1144,ALBUM PAINTING in colour on silk,item,Paintings and Calligraphy,Genre painting,textiles; silk,Kalkar Tartars,,26.8 by 28.8 cm,5 Song Dynasty,Ming,,by an unknown artist of the Ming Dynasty,"MR. AND MRS. G. DEL DRAGO, New York",,private,"New York, U.S.A.",yes,,
1145,Painting in colour on silk,item,Paintings and Calligraphy,Genre painting,textiles; silk,Departure of Wen-chi from the Nomad Camp,,H. 129.7 cm W. 91 cm,6 Song Dynasty,Ming,,CHAO MÊNG-FU (A.D. 1254-1322) (attributed to),"MR. AND MRS. G. DEL DRAGO, New York",,private,"New York, U.S.A.",yes,,
1146,Painting in colour on silk,item,Paintings and Calligraphy,Religious painting,textiles; silk,Lohan and Snake,,H. 199 cm W. 76.5 cm,6 Song Dynasty,Song,,UNKNOWN ARTIST,"THE GERMAN STATE MUSEUMS, Berlin",,museum,"Berlin, Germany",,,
1147,EWER,item,Ceramics,pottery,ceramics; pottery,"Honan ware, stoneware, with blue-black glaze",,H. 33.5 cm,6 Song Dynasty,Yuan,,,"C. KEMPE, Stockholm",,private,"Stockholm, Sweden",,,
1148,BOTTLE,item,Ceramics,pottery,ceramics; pottery,"Honan stoneware, black-glazed",,H. 31.5 cm,6 Song Dynasty,Song,,,"M. CALMANN, Paris",,private,"Paris, France",yes,,
1149,BOWL,item,Ceramics,porcelain,ceramics; porcelain,"Chien ware, black ware with red spots on black glaze",Numeral chi (7) cut in base,Di. 16.2 cm,6 Song Dynasty,Song,,,"OSCAR RAPHAEL, London",,private,"London, U.K.",yes,,
1150,BOWL,item,Ceramics,pottery,ceramics; pottery,"Honan ware, with stencilled leaf in a black ground",,Di. 14.9 cm,6 Song Dynasty,Song,,,"MR. AND MRS. ALFRED CLARK, Iver Heath, Bucks",,private,"Buckinghamshire, U.K.",yes,,
1151,BOWL,item,Ceramics,porcelain,ceramics; porcelain,"Honan ware, white porcellanous ware, with brown glaze outside",,H. 7.2 cm,6 Song Dynasty,Song,,,THE VICTORIA AND ALBERT MUSEUM (Eumorfopoulos Collection),,museum,"London, U.K.",yes,,
1152,BROWN BOWL,item,Ceramics,pottery,ceramics; pottery,"Honan ware, with black spots",,Di. 12.6 cm,6 Song Dynasty,Song,,,"ALAN BARLOW, C.B., C.B.E., Wendover, Bucks",,private,"Buckinghamshire, U.K.",,,
1153,TEA-BOWL,item,Ceramics,porcelain,ceramics; pottery,"Chien ware, black pottery, with brownish yellow glaze",,Di. 12.1 cm,6 Song Dynasty,Song,,,THE BRITISH MUSEUM (Eumorfopoulos Collection),,museum,"London, U.K.",yes,,
1154,BOWL,item,Ceramics,porcelain,ceramics; porcelain,"Honan ware, with prunus sprays in a tortoiseshell ground",,Di. 15.8 cm,6 Song Dynasty,Song,,,"MR. AND MRS. ALFRED CLARK, Iver Heath, Bucks",,private,"Buckinghamshire, U.K.",yes,,
1155,BOWL,item,Ceramics,stoneware,ceramics; stoneware,"conical, stoneware, with golden-brown speckled glaze",,Di. 25.5 cm,6 Song Dynasty,Song,,,"SIR PERCIVAL DAVID, BT., London",,private,"London, U.K.",yes,,
1156,TEA BOWL,item,Ceramics,porcelain,ceramics; porcelain,"Chien ware, dark brown ware, with thick black glaze shot with brown",,Di. 16.5 cm,6 Song Dynasty,Song,,,"SIR PERCIVAL DAVID, BT., London",,private,"London, U.K.",,,
1157,BOTTLE,item,Ceramics,stoneware,ceramics; stoneware,"Honan ware, buff stoneware, with a floral design in brown in a lustrous black glaze",,H. 27.3 cm,6 Song Dynasty,Song,,,"H. J. OPPENHEIM, London",,private,"London, U.K.",yes,,
1158,BOWL,item,Ceramics,porcelain,ceramics; porcelain,"Honan ware, white-bodied, with black glaze and leaf design in golden-brown. With a brass rim",,Di. 15.3 cm,6 Song Dynasty,Song,,,THE CHINESE GOVERNMENT,,government,China,yes,,
1159,TEA BOWL,item,Ceramics,porcelain,ceramics; porcelain,"Honan ware, porcellanous ware, with dressing of black clay and a thick black glaze powdered with silvery spots",,Di. 9.3 cm,6 Song Dynasty,Song,,,"SIR PERCIVAL DAVID, BT., London",,private,"London, U.K.",yes,,
1160,TEA-BOWL,item,Ceramics,porcelain,ceramics; porcelain,"Chien ware, dark brown ware, with black glaze shot with brown. Gilt lip",,Di. 11.5 cm,6 Song Dynasty,Song,,,THE BRITISH MUSEUM (Eumorfopoulos Collection),,museum,"London, U.K.",yes,,
1161,TEA-BOWL,item,Ceramics,porcelain,ceramics; porcelain,"Honan ware, porcellanous ware, with black glaze with chrysanthemum petals in brown",,Di. 8.3 cm,6 Song Dynasty,Song,,,THE BRITISH MUSEUM (Eumorfopoulos Collection),,museum,"London, U.K.",yes,,
1162,Scroll painting in ink on silk,item,Paintings and Calligraphy,Landscape,textiles; silk,Mist over the River,,H. 29.5 cm W. 410.8 cm,6 Song Dynasty,Yuan,,PRIEST CHÜ-JAN (active c. A.D. 975) (attributed to),PENNSYLVANIA MUSEUM OF ART,,museum,"Pennsylvania, U.S.A.",yes,,
1163,Painting in ink and faint colour on silk,item,Paintings and Calligraphy,Landscape,textiles; silk,Boating by Moonlight,,H. 176.5 cm W. 83.3 cm,6 Song Dynasty,Song,,MA YÜAN (active c. A.D. 1190-1224) (attributed to),THE BRITISH MUSEUM (Eumorfopoulos Collection),,museum,"London, U.K.",yes,,
1164,Painting in colour on silk,item,Paintings and Calligraphy,Genre painting,textiles; silk,A Dragon-Boat Race,,H. 124.1 cm W. 65.6 cm,6 Song Dynasty,Yuan,,WU T'ING-HUI (c. 14th century A.D.),THE CHINESE GOVERNMENT,,government,China,yes,,
1165,Painting in colour on paper,item,Paintings and Calligraphy,Landscape,plant derived materials; paper,Trees by a Bridge,Signed and dated A.D. 1606 by the artist,H. 88.2 cm W. 57.8 cm,6 Song Dynasty,Ming,,WANG CH'I (late Ming period),THE CHINESE GOVERNMENT,,government,China,yes,,
1166,VASE,item,Ceramics,porcelain,ceramics; porcelain,"Ting ware, oviform, with floral scrolls in relief and a band of lotus petal pattern,  ivory-white glaze",,H. 30.5 cm,6 Song Dynasty,Song,,,"MR. AND MRS. ALFRED CLARK, Iver Heath, Bucks",,private,"Buckinghamshire, U.K.",yes,,
1167,BOWL,item,Ceramics,porcelain,ceramics; porcelain,"Ting ware, porcelain with moulded design of flying phoenixes under an ivory-white glaze",Upon the base is inscribed an Imperial poem of the Qianlong period,Di. 17.8 cm,6 Song Dynasty,Song,,,"SIR PERCIVAL DAVID, BT., London",,private,"London, U.K.",yes,,
1168,PLATE,item,Ceramics,porcelain,ceramics; porcelain,"Ting ware, with scalloped edges",,Di. 25.3 cm,6 Song Dynasty,Song,,,"A. SCHOENLICHT, The Hague, Holland",,private,"The Hague, Netherlands",yes,,
1169,BOX AND COVER,item,Ceramics,porcelain,ceramics; porcelain,"Ting ware, with finely-incised floral design under an ivory-white glaze",,Di. 7.8 cm,6 Song Dynasty,Song,,,"MR. AND MRS. ALFRED CLARK, Iver Heath, Bucks",,private,"Buckinghamshire, U.K.",,,
1170,DISH,item,Ceramics,porcelain,ceramics; porcelain.,"Chi Chou ware , porcelain, with carved lily design under an ivory-white glaze","On the base in slip under the glaze is the inscription, ""shao hsing nien yung ho shu chia tao"" (Made at Yung Ho by the Shu family in the Shao Hsing period, A.D. 1131-1162)",Di. 16.6 cm,6 Song Dynasty,Song,,,"SIR PERCIVAL DAVID, BT., London",,private,"London, U.K.",yes,,
1171,INCENSE BURNER,item,Ceramics,porcelain,ceramics; porcelain,"Ting ware, on three feet, ribbed sides and ivory-white glaze",,Di. 14 cm,6 Song Dynasty,Song,,,"A. SCHOENLICHT, The Hague, Holland",,private,"The Hague, Netherlands",yes,,
1172,DISH,item,Ceramics,porcelain,ceramics; porcelain,"Ting ware, with incised decoration of fishes and waves under cream glaze",,Di. 18 cm,6 Song Dynasty,Song,,,"SIR PERCIVAL DAVID, BT., London",,private,"London, U.K.",yes,,
1173,VASE,item,Ceramics,porcelain,ceramics; porcelain,"Ting ware, of paper-beater form, porcelain, with ivory glaze over incised lily designs",,H. 24.8 cm,6 Song Dynasty,Song,,,"SIR PERCIVAL DAVID, BT., London",,private,"London, U.K.",yes,,
1174,DISH,item,Ceramics,porcelain,ceramics; porcelain,"Ting ware, porcelain, with ivory-white glaze. Interior carved design of water plants and ducks. Copper rim",,Di. 21.9 cm,6 Song Dynasty,Song,,,"SIR PERCIVAL DAVID, BT., London",,private,"London, U.K.",yes,,
1175,BRUSH WASHER,item,Ceramics,porcelain,ceramics; porcelain,"T'u Ting ware, porcellanous ware, with cream glaze",The base bears the mark ta sung hsi ning nien tsao (made in the Hsi Ning period of the Sung Dynasty)—A.D. 1068-1077,Di. 13.5 cm,6 Song Dynasty,Song,,,"SIR PERCIVAL DAVID, BT., London",,private,"London, U.K.",yes,,
1176,BOWL,item,Ceramics,porcelain,ceramics; porcelain,"Perhaps Ting Chou ware, on three knob feet, lustrous black glaze",,Di. 21.5 cm,6 Song Dynasty,Song,,,"F. SCHILLER, Betchworth, Surrey",,private,"Surrey, U.K.",yes,,
1177,BOX,item,Ceramics,porcelain,ceramics; porcelain,"Ting ware, with incised lily designs and ivory-white glaze",,Di. 11.7 cm,6 Song Dynasty,Song,,,"STAATLICHE PORZELLANSAMMLUNG, Dresden",,private,"Saxony, Germany",yes,,
1178,SQUARE DISH,item,Ceramics,porcelain,ceramics; porcelain,Ting ware,On the base is inscribed an Imperial poem of the Qianlong period,W. 13.3 cm,6 Song Dynasty,Song,,,"THE NATIONAL MUSEUM, Stockholm",,museum,"Stockholm, Sweden",,,
1179,DISH,item,Ceramics,porcelain,ceramics; porcelain,"of trefoil form, porcelain, with ivory-white glaze",On the base are incised the characters kuei chi (the old name of Shao-hsing in Chekiang),Di. 13.3 cm,6 Song Dynasty,Song,,,"SIR PERCIVAL DAVID, BT., London",,private,"London, U.K.",yes,,
1180,DISH,item,Ceramics,porcelain,ceramics; porcelain,"Ting ware, with incised peony under cream-white glaze, copper rim",,Di. 18.6 cm,6 Song Dynasty,Song,,,"SIR PERCIVAL DAVID, BT., London",,private,"London, U.K.",,,
1181,VASE,item,Ceramics,porcelain,ceramics; porcelain,"Ting ware, ovoid, porcelain, with carved lily designs under ivory-white glaze",,H. 29.1 cm,6 Song Dynasty,Song,,,THE VICTORIA AND ALBERT MUSEUM (Eumorfopoulos Collection),,museum,"London, U.K.",yes,,
1182,DISH,item,Ceramics,porcelain,ceramics; porcelain,"Ting ware, porcelain, with moulded design of fish and water-weeds, ivory glaze",,Di. 18.9 cm,6 Song Dynasty,Song,,,"MR. AND MRS. WALTER SEDGWICK, London",,private,"London, U.K.",,,
1183,DISH,item,Ceramics,porcelain,ceramics; porcelain,"Ting ware, with foliate edge and engraved designs under an ivory-white glaze",,Di. 25.7 cm,6 Song Dynasty,Song,,,"H. J. OPPENHEIM, London",,private,"London, U.K.",yes,,
1184,Scroll painting in colour on paper,item,Paintings and Calligraphy,Landscape,plant derived materials; paper,Early Autumn,Signed by the artist,H. 26.6 cm W. 120.1 cm,6 Song Dynasty,Yuan,,CH'IEN HSÜAN (A.D. 1235-1290),"DETROIT INSTITUTE OF ARTS, Detroit, U.S.A.",,private,"Detroit, U.S.A.",yes,,
1185,Painting in colour on paper,item,Paintings and Calligraphy,Landscape,plant derived materials; paper,Chih Hsing Mountain,,H. 83.6 cm W. 34.8 cm,6 Song Dynasty,Ming,,LU CHIH (A.D. 1496-1576),THE CHINESE GOVERNMENT,,government,China,,,
1186,Painting in colour on paper,item,Paintings and Calligraphy,Scholar painting,plant derived materials; paper,The Ying Ts'ui Pavilion,,H. 67.1 cm W. 31 cm,6 Song Dynasty,Ming,,WÊN CHÊNG-MING (A.D. 1470-1567),THE CHINESE GOVERNMENT,,government,China,yes,,
1187,DRUM-BODY,item,Ceramics,porcelain,ceramics; porcelain,"Ting ware, of hour-glass shape, porcelain, with ivory-white glaze over a carved cloud pattern",,H. 26 cm,6 Song Dynasty,Song,,,"SIR PERCIVAL DAVID, BT., London",,private,"London, U.K.",yes,,
1188,DISH,item,Ceramics,porcelain,ceramics; porcelain,"Ting ware, porcelain, with moulded decoration of lotus, willow and geese under an ivory-white glaze",The characters t'ien shui chin are cut on the back and the Imperial family name Chao is erased,Di. 28.5 cm,6 Song Dynasty,Song,,,"SIR PERCIVAL DAVID, BT., London",,private,"London, U.K.",yes,,
1189,CUP,item,Ceramics,porcelain,ceramics; porcelain,"with black glaze, cup-stand of white porcellanous ware",,Di 6.8 cm,6 Song Dynasty,Song,,,"C. HELLNER, Stockholm",,private,"Stockholm, Sweden",,,
1190,ELEPHANT,item,Ceramics,porcelain,ceramics; stoneware; enamel,"T'u Ting ware, stoneware, with minutely crackled cream glaze. In the back is inserted a cloisonné enamel flower-holder of the Ch'ien-lung period. From the Imperial Collection, Peking",,L. 28.8 cm,6 Song Dynasty,Song,,,"SIR PERCIVAL DAVID, BT., London",,private,"London, U.K.",yes,,
1191,VASE AND COVER,item,Ceramics,porcelain,ceramics; stoneware,"T'u Ting ware, square, stoneware, with cream crackled glaze",,H. 17 cm,6 Song Dynasty,Song,,,THE BRITISH MUSEUM (Eumorfopoulos Collection),,museum,"London, U.K.",yes,,
1192,BASKET-SHAPED RICE MEASURE,item,Ceramics,porcelain,ceramics; stoneware,"T'u Ting ware, with cream glaze",,H. 6 cm W. 9.5 cm,6 Song Dynasty,Song,,,"OSCAR RAPHAEL, London",,private,"London, U.K.",yes,,
1193,VASE,item,Ceramics,porcelain,ceramics; porcelain,"with elephant handles, brown ware, with greyish-white crackled glaze of Ko type",,H. 20.3 cm,6 Song Dynasty,Song,,,"OSCAR RAPHAEL, London",,private,"London, U.K.",yes,,
1194,VASE,item,Ceramics,porcelain,ceramics; porcelain,"Ting type, porcellanous ware, with ivory-white glaze",,H. 46 cm,6 Song Dynasty,Song,,,THE BRITISH MUSEUM (Eumorfopoulos Collection),,museum,"London, U.K.",yes,,
1195,BOWL,item,Ceramics,porcelain,ceramics; porcelain,"Honan or Ting Chou ware, porcelain, with dark glossy brown glaze",,Di. 18.5 cm,6 Song Dynasty,Song,,,"SIR PERCIVAL DAVID, BT., London",,private,"London, U.K.",yes,,
1196,BASIN,item,Ceramics,porcelain,ceramics; porcelain,"Ting ware, porcelain, with ivory glaze over a carved floral decoration. Copper rim",,Di. 27.7 cm,6 Song Dynasty,Song,,,"SIR PERCIVAL DAVID, BT., London",,private,"London, U.K.",yes,,
1197,DOUBLE-GOURD BOTTLE,item,Ceramics,stoneware,ceramics; stoneware,"light and thin stoneware, with tea-dust glaze flecked with grey","Incised reign-mark of Hsiang-fu, A.D. 1008",H. 10.5 cm,6 Song Dynasty,Song,,,"SIR PERCIVAL DAVID, BT., London",,private,"London, U.K.",yes,,
1198,DISH,item,Ceramics,porcelain,ceramics; porcelain,"Ting ware, porcelain, with warm ivory-white glaze over incised dragon designs",The characters feng hua cut in the base,Di. 21.2 cm,6 Song Dynasty,Song,,,"SIR PERCIVAL DAVID, BT., London",,private,"London, U.K.",yes,,
1199,VASE,item,Ceramics,porcelain,ceramics; porcelain,"Ting ware, of baluster shape, porcelain, with ivory glaze covering carved flower designs",,H. 36.7 cm,6 Song Dynasty,Song,,,"SIR PERCIVAL DAVID, BT., London",,private,"London, U.K.",yes,,
1200,DISH,item,Ceramics,porcelain,ceramics; porcelain,"Ting ware, porcelain, with ivory-white glaze and carved dragon design",,Di. 30 cm,6 Song Dynasty,Song,,,"SIR PERCIVAL DAVID, BT., London",,private,"London, U.K.",yes,,
1201,BOTTLE,item,Ceramics,porcelain,ceramics; porcelain,"""soft paste"" porcelain, with archaic dragon design carved in relief after a Ting type",,H. 27 cm,6 Song Dynasty,Qing,,,THE BRITISH MUSEUM (Eumorfopoulos Collection),,museum,"London, U.K.",yes,,
1202,ELEPHANT,item,Ceramics,porcelain,ceramics; stoneware,"T'u Ting ware, stoneware, with cream crackled glaze",,H. 18.8 cm,6 Song Dynasty,Song,,,THE BRITISH MUSEUM (Eumorfopoulos Collection),,museum,"London, U.K.",yes,,
1203,Scroll painting in faint colour on paper,item,Paintings and Calligraphy,Landscape,plant derived materials; paper,Sail-boat by a Mountainside Market,,H. 28.6 cm W. 44 cm,6 Song Dynasty,Song,,UNKNOWN ARTIST,THE CHINESE GOVERNMENT,,government,China,yes,,
1204,Scroll painting in colour on paper,item,Paintings and Calligraphy,Animal and plants,plant derived materials; paper,Squirrel on a Peach Branch,With seals of the artist,H. 26.4 cm W. 44.3 cm,6 Song Dynasty,Song,,CH'IEN HSÜAN (A.D. 1235-c. 1290),THE CHINESE GOVERNMENT,,government,China,yes,,
1205,SILK EMBROIDERY,item,Textile,Furnishings,textiles; silk,Thousand-armed Kuan-yin,,,6 Song Dynasty,Song,,,THE CHINESE GOVERNMENT,,government,China,yes,,
1206,Painting in colour on silk,item,Paintings and Calligraphy,Scholar painting,textiles; silk,A Sage in a Grove in Autumn,,H. 135.5 cm W. 58.9 cm,6 Song Dynasty,Ming,,SHÊNG MOU (active c. middle of 14th century),THE CHINESE GOVERNMENT,,government,China,yes,,
1207,Painting in ink on silk,item,Paintings and Calligraphy,Landscape,textiles; silk,Mountain Landscape,,H. 147.4 cm W. 88.9 cm,6 Song Dynasty,Yuan,,"HSÜ TAO-NING (late 10th century, A.D.) (attributed to)","H. J. OPPENHEIM, London",Formerly in the Tuan Fang Collection,private,"London, U.K.",yes,,
1208,BOWL,item,Ceramics,stoneware,ceramics; stoneware,"stoneware, with brown glaze outside and three birds in a golden-brown mottled glaze inside",,Di. 15.2 cm,6 Song Dynasty,Song,,,THE VICTORIA AND ALBERT MUSEUM (Eumorfopoulos Collection),,museum,"London, U.K.",,,
1209,JAR,item,Ceramics,stoneware,ceramics; stoneware,"Honan ware, with black glaze and ""oil-spot"" markings",,H. 11.1 cm,6 Song Dynasty,Song,,,"MR. AND MRS. ALFRED CLARK, Iver Heath, Bucks",,private,"Buckinghamshire, U.K.",yes,,
1210,CONICAL BOWL,item,Ceramics,stoneware,ceramics; stoneware,"Honan ware, with brown and black glaze",,Di. 16.4 cm,6 Song Dynasty,Song,,,"A. SCHOENLICHT, The Hague, Holland",,private,"The Hague, Netherlands",,,
1211,BOWL,item,Ceramics,stoneware,ceramics; stoneware,"Honan ware, stoneware, with black glaze splashed and streaked with golden brown",,Di. 19.5 cm,6 Song Dynasty,Song,,,THE BRITISH MUSEUM (Eumorfopoulos Collection),,museum,"London, U.K.",yes,,
1212,VASE,item,Ceramics,porcelain,ceramics; porcelain,"porcelain, of baluster form, porcelain, with black glaze",,H. 38 cm,6 Song Dynasty,Ming,,,"SIR PERCIVAL DAVID, BT., London",,private,"London, U.K.",yes,,
1213,JAR,item,Ceramics,stoneware,ceramics; stoneware,"Honan ware, stoneware, with brown glaze and white ribbing",,H. 17.2 cm,6 Song Dynasty,Song,,,THE VICTORIA AND ALBERT MUSEUM (Eumorfopoulos Collection),,museum,"London, U.K.",yes,,
1214,BOWL,item,Ceramics,porcelain,ceramics; porcelain,"white-bodied, with lustrous black glaze. With a brass rim",,Di. 14 cm,6 Song Dynasty,Song,,,THE CHINESE GOVERNMENT,,government,China,,,
1215,BOTTLE,item,Ceramics,porcelain,ceramics; porcelain,with glaze of buff spots on black,,H. 11.5 cm,6 Song Dynasty,Song,,,"A. SCHOENLICHT, The Hague, Holland",,private,"The Hague, Netherlands",,,
1216,BOWL,item,Ceramics,porcelain,ceramics; porcelain,"white-bodied, with black glaze streaked with golden-brown ""partridge feather"" markings. With a brass rim",,Di. 20 cm,6 Song Dynasty,Song,,,THE CHINESE GOVERNMENT,,government,China,yes,,
1217,BOWL,item,Ceramics,porcelain,ceramics; porcelain,"Honan ware, porcellanous ware, with black glaze",,Di. 20.5 cm,6 Song Dynasty,Song,,,"M. CALMANN, Paris",,private,"Paris, France",yes,,
1218,EWER,item,Ceramics,porcelain,ceramics; porcelain,"Honan ware, with black glaze and ""oil-spot"" markings",,H. 13 cm,6 Song Dynasty,Song,,,H.R.H. THE CROWN PRINCE OF SWEDEN,,private,"Stockholm, Sweden",yes,,
1219,JAR,item,Ceramics,porcelain,ceramics; stoneware,"Kiun ware, stoneware, with ring pattern in brown and black glaze",,Di. 14.2 cm,6 Song Dynasty,Song,,,"JOHN WARRACK, LL.D., Edinburgh",,private,"Edinburgh, U.K.",,,
1220,BOWL,item,Ceramics,porcelain,ceramics; porcelain,"Honan ware, with folded lip, porcellanous ware, with black glaze splashed with brownish yellow",,Di. 18 cm,6 Song Dynasty,Song,,,THE BRITISH MUSEUM (Eumorfopoulos Collection),,museum,"London, U.K.",yes,,
1221,Scroll painting in ink on paper,item,Paintings and Calligraphy,Landscape,plant derived materials; paper,Landscape and Water-buffaloes,,H. 31.8 cm W. 221.8 cm,6 Song Dynasty,Song,,CHIANG TS'AN (active c. A.D. 1200) (attributed to),"THE METROPOLITAN MUSEUM OF ART, New York",,museum,"New York, U.S.A.",yes,,
1222,Painting in colour on silk,item,Paintings and Calligraphy,Animal and plants,textiles; silk,Ducks in the Snow,,H. 170.2 cm W. 90.7 cm,6 Song Dynasty,Ming,,LÜ CHI (active A.D. 1488-1506),THE CHINESE GOVERNMENT,,government,China,yes,,
1223,Painting in ink on silk,item,Paintings and Calligraphy,Scholar painting,textiles; silk,Indifferent to Cold and Snow,,H. 160 cm W. 105.7 cm,6 Song Dynasty,Ming,,YEN HUI (14th century A.D.) (attributed to),THE CHINESE GOVERNMENT,,government,China,yes,,
1224,Painting in colour on paper,item,Paintings and Calligraphy,Scholar painting,plant derived materials; paper,Examining Antiques in the Shade of the Elœococca Tree Elœococca,Signed and dated A.D. 1640 by the artist,H. 181.3 cm W. 75.5 cm,6 Song Dynasty,Ming,,TS'UI TZU-CHUNG (active c. A.D. 1600-1650),THE CHINESE GOVERNMENT,,government,China,,,
1225,SILK TAPESTRY (k'o ssŭ),item,Textile,Furnishings,textiles; silk,Peaches,,147.7 by 54.3 cm,6 Song Dynasty,Song,,,THE CHINESE GOVERNMENT,,government,China,yes,,
1226,VASE,item,Ceramics,porcelain,ceramics; stoneware,"Tz'ŭ Chou ware, stoneware, with brown glaze and floral designs",,H. 36.8 cm,6 Song Dynasty,Song,,,"OSCAR RAPHAEL, London",,private,"London, U.K.",yes,,
1227,BOWL,item,Ceramics,porcelain,ceramics; pottery,"Tz'ŭ Chou type, with fishes in brown in a cream glaze. From the Collection of Charles L. Rutherston",,H. 15.3 cm,6 Song Dynasty,Yuan,,,"MRS. C. L. AND MISS RUTHERSTON, Farnham and London",,private,"London, U.K.",yes,,
1228,VASE,item,Ceramics,porcelain,ceramics; stoneware,"Tz'ŭ Chou ware, stoneware, carved with peonies in cream-white in a mouse-grey ground",,H. 32 cm,6 Song Dynasty,Song,,,"C. T. LOO, Paris",,private,"Paris, France",,,
1229,VASE,item,Ceramics,porcelain,ceramics; stoneware,"Tz'ŭ Chou ware, greyish stoneware, with peonies in tea-leaf green in white-glazed ground",,H. 27.3 cm,6 Song Dynasty,Song,,,"MR. AND MRS. ALFRED CLARK, Iver Heath, Bucks",,private,"Buckinghamshire, U.K.",yes,,
1230,BOTTLE,item,Ceramics,porcelain,ceramics; stoneware,"Tz'ŭ Chou ware, grey stoneware, with white slip and carved peony design under cream glaze",,H. 31.7 cm,6 Song Dynasty,Song,,,THE BRITISH MUSEUM (Eumorfopoulos Collection),,museum,"London, U.K.",yes,,
1231,VASE,item,Ceramics,porcelain,ceramics; stoneware,"Tz'ŭ Chou ware, grey stoneware, with carved peony scrolls in greenish-buff in a white ground",,H. 45.7 cm,6 Song Dynasty,Song,,,"MRS. SAMUEL T. PETERS, New York",,private,"New York, U.S.A.",yes,,
1232,FRAGMENT OF A VESTMENT,item,Textile,Costume,textiles,with design of parrots and dragons in gold thread,Inscribed with name "Mohammed.",H. 74 cm W. 39 cm,6 Song Dynasty,Yuan,,,"THE STATE MUSEUM, Danzig",,museum,"Danzig, Poland",yes,,
1233,VASE,item,Ceramics,porcelain,ceramics; stoneware,"Tz'ŭ Chou ware, stoneware, with engraved floral decoration under a green glaze",,H. 39 cm,6 Song Dynasty,Song,,,THE BRITISH MUSEUM (Eumorfopoulos Collection),,museum,"London, U.K.",yes,,
1234,PILLOW,item,Ceramics,pottery,ceramics; pottery,red pottery with incised design of ducks and coloured glazes,,L. 43.1 cm,6 Song Dynasty,Song,,,"MAJOR-GENERAL SIR NEILL MALCOLM, K.C.B., D.S.O., London",,private,"London, U.K.",yes,,
1235,PAIR OF TABLES,set,Lacquer,Furnishings,plant derived materials; lacquer,"black lacquer, with powdered mother-of-pearl inlay",,H. 85 cm L. 145 cm,6 Song Dynasty,Qing,,,"L. MICHON, Paris",,private,"Paris, France",,,
1236,Painting in ink on silk,item,Paintings and Calligraphy,Landscape,textiles; silk,Murmuring Pines on a Mountain Path,,H. 184.2 cm W. 96.5 cm,6 Song Dynasty,Ming,,T'ANG YIN (A.D. 1470-1523),THE CHINESE GOVERNMENT,,government,China,,,
1237,VASE,item,Ceramics,porcelain,ceramics; stoneware,"Tz'ŭ Chou ware, stoneware, with floral medallions in black in a cream ground",,H. 36.5 cm,6 Song Dynasty,Song,,,"F. SCHILLER, Betchworth, Surrey",,private,"Surrey, U.K.",yes,,
1238,VASE,item,Ceramics,porcelain,ceramics; stoneware,"Tz'ŭ Chou ware, stoneware, with bands of foliage and clouds in black in a ground diapered with circles, cream glaze",,H. 34 cm,6 Song Dynasty,Song,,,"F. SCHILLER, Betchworth, Surrey",,private,"Surrey, U.K.",yes,,
1239,VASE,item,Ceramics,porcelain,ceramics; stoneware,"Tz'ŭ Chou ware, stoneware, with floral bands carved out of black glaze",,H. 35.5 cm,6 Song Dynasty,Song,,,THE BRITISH MUSEUM (Eumorfopoulos Collection),,museum,"London, U.K.",,,
1239A,FRAGMENT OF SILK DAMASK,item,Textile,Others,textiles; silk Damask,"scrolling lotus, with shou (longevity) characters. Made for Egyptian Market.",,,6 Song Dynasty,Yuan,Found at Fostat,,"THE ARAB MUSEUM, Cairo",,museum,"Cairo, Egypt",,,
1240,VASE,item,Ceramics,porcelain,ceramics; stoneware,"Tz'ŭ Chou ware, with engraved designs on a grey background. From the Collection of Charles L. Rutherston",,H. 35.5 cm,6 Song Dynasty,Song,,,"MRS. C. L. AND MISS RUTHERSTON, Farnham and London",,private,"London, U.K.",yes,,
1241,JAR,item,Ceramics,stoneware,ceramics; stoneware,"? Honan ware, of cocoon shape, brown stoneware, with brown and black glaze",,H. 48 cm,6 Song Dynasty,Song,,,THE VICTORIA AND ALBERT MUSEUM (Eumorfopoulos Collection),,museum,"London, U.K.",yes,,
1242,SILK TAPESTRY (k'o ssŭ),item,Textile,Furnishings,textiles; silk,Landscape in the style of Chao Ch'ang,,99.2 by 42 cm,6 Song Dynasty,Song,,,THE CHINESE GOVERNMENT,,government,China,yes,,
1243,Painting in colour on silk,item,Paintings and Calligraphy,Figure,textiles; silk,Portrait of an Old Man,,H. 152.5 cm W. 99.1 cm,6 Song Dynasty,Ming,,UNKNOWN ARTIST,"MRS. HENRY WINSLOW, London",,private,"London, U.K.",yes,,
1244,VASE,item,Ceramics,porcelain,ceramics; stoneware,"Tz'ŭ Chou ware, stoneware, with engraved peony design in black in a white ground",,H. 20.5 cm,6 Song Dynasty,Song,,,THE BRITISH MUSEUM (Eumorfopoulos Collection),,museum,"London, U.K.",yes,,
1245,COVERED JAR,item,Ceramics,porcelain,ceramics; stoneware,"Tz'ŭ Chou ware, stoneware, with black floral scrolls in an ivory ground",,H. 12 cm,6 Song Dynasty,Song,,,"SIR PERCIVAL DAVID, BT., London",,private,"London, U.K.",yes,,
1246,VASE,item,Ceramics,porcelain,ceramics; stoneware,"Tz'ŭ Chou ware, of baluster form, grey stoneware, with cream-white glaze and a five-clawed dragon in black",Five character inscription "Flower vase made by the Liu family.",H. 56.9 cm,6 Song Dynasty,Song,"Said to have been found at Ch'ing-ho Hsien, Hopei Province",,"THE WILLIAM ROCKHILL NELSON GALLERY OF ART, Kansas City",,museum,"Kansas, U.S.A.",yes,,
1246A,FRAGMENT OF SILK DAMASK,item,Textile,Others,textiles; silk damask,with design of scrolling lotus and the word Mohammed. Made for the Egyptian Market,,,6 Song Dynasty,Yuan,Found at Fostat,1264A has been moved to gallery VIII,"THE ARAB MUSEUM, Cairo",,museum,"Cairo, Egypt",,,
1247,VASE,item,Ceramics,porcelain,ceramics; stoneware,"Tz'ŭ Chou ware, stoneware, incised peony designs filled in with black in greyish-white ground",,H. 11.8 cm,6 Song Dynasty,Song,,,THE BRITISH MUSEUM (Eumorfopoulos Collection),,museum,"London, U.K.",yes,,
1248,VASE,item,Ceramics,porcelain,ceramics; stoneware,"Tz'ŭ Chou ware, stoneware, with white glaze and decoration in black slip",,H. 29.9 cm,6 Song Dynasty,Song,,,"MR. AND MRS. WALTER SEDGWICK, London",,private,"London, U.K.",yes,,
1249,LAMP,item,Ceramics,porcelain,ceramics; stoneware,"Tz'ŭ Chou, stoneware, with cream-white glaze and peony scrolls in black with incised outline",,H. 32.4 cm,6 Song Dynasty,Song,,,"RUSSELL TYSON, Chicago",,private,"Illinois, U.S.A.",yes,,
1250,PILLOW,item,Ceramics,porcelain,ceramics; stoneware,"Tz'ŭ Chou ware, grey stoneware, with white slip and incised design of a bear in black",,W. 33.5 cm,6 Song Dynasty,Song,,,THE BRITISH MUSEUM (Eumorfopoulos Collection),,museum,"London, U.K.",yes,,
1251,TABLE,item,Lacquer,Furnishings,plant derived materials; lacquer,white lacquer,,L. 126 cm W. 65 cm,6 Song Dynasty,Song,,,"L. MICHON, Paris",,private,"Paris, France",yes,,
1252,PILLOW,item,Ceramics,porcelain,ceramics; pottery,"Tz'ŭ Chou ware, with graffiato floral decoration",,L. 33.6 cm,6 Song Dynasty,Song,,,"MAJOR-GENERAL SIR NEILL MALCOLM, K.C.B., D.S.O., London",,private,"London, U.K.",yes,,
1253,SILK TAPESTRY (k'o ssŭ),item,Textile,Furnishings,textiles; silk,Flowers in the style of Ts'ui Pai,,102.3 by 44.8 cm,6 Song Dynasty,Ming,,,THE CHINESE GOVERNMENT,,government,China,yes,,
1254,VASE,item,Ceramics,porcelain,ceramics; stoneware,"Tz'ŭ Chou ware, stoneware, decorated with design of peonies in black over cream glaze",,H. 43 cm,6 Song Dynasty,Song,,,"MUSÉE DU LOUVRE, Paris",,museum,"Paris, France",yes,,
1255,BOWL,item,Ceramics,porcelain,ceramics; stoneware; enamel,"Tz'ŭ Chou ware, stoneware, with flowers in red, yellow and green enamels",,Di. 22.2 cm,6 Song Dynasty,Song,,,"OSCAR RAPHAEL, London",,private,"London, U.K.",yes,,
1256,FIGURE OF A SEATED WARRIOR,item,Ceramics,porcelain,ceramics; stoneware; enamel,"Tz'ŭ Chou ware, stoneware, decorated in enamel colours. Inscribed with place of manufacture, Tz'ŭ-chou",,H. 42 cm,6 Song Dynasty,Song,,,"MADAME WANNIECK, Paris",,private,"Paris, France",yes,,
1257,VASE,item,Ceramics,porcelain,ceramics; stoneware; enamel,"Tz'ŭ Chou ware, stoneware, with cream glaze enamelled in red and green",,H. 43.8 cm,6 Song Dynasty,Song,,,"A. HELLSTRÖM, Mölndal, Sweden",,private,"Malmö, Sweden",yes,,
1257A,FRAGMENT OF SILK DAMASK,item,Textile,Others,textiles; silk,with conventional design and shou (longevity) characters (A.D. 1341). Made for Egyptian market.,,,6 Song Dynasty,Yuan,Found at Fostat,1257A has been moved to gallery VIII,"THE ARAB MUSEUM, Cairo",,museum,"Cairo, Egypt",,,
1258,FIGURE OF CHUNG-LI CH'ÜAN,item,Ceramics,porcelain,ceramics; stoneware,"Tz'ŭ Chou ware, stoneware, with black and cream glaze",,H. 26.5 cm,6 Song Dynasty,Song,,,THE BRITISH MUSEUM (Eumorfopoulos Collection),,museum,"London, U.K.",yes,,
1259,JAR,item,Ceramics,porcelain,ceramics; stoneware; enamel,"Tz'ŭ Chou ware, with cream glaze enamelled with peonies in red and green",,H. 10.8 cm,6 Song Dynasty,Song,,,"MR. AND MRS. ALFRED CLARK, Iver Heath, Bucks",,private,"Buckinghamshire, U.K.",,,
1260,VASE,item,Ceramics,porcelain,ceramics; stoneware,"Tz'ŭ Chou ware, stoneware, with three floral medallions in black under warm white glaze",,H. 26.6 cm,6 Song Dynasty,Song,,,THE VICTORIA AND ALBERT MUSEUM (Eumorfopoulos Collection),,museum,"London, U.K.",yes,,
1261,Painting in ink and faint colour on paper,item,Paintings and Calligraphy,Landscape,plant derived materials; paper,Mountain Scene (Lu Mountains),Signed and dated A.D. 1467 by the artist,H. 193.5 m W. 98.2 cm,6 Song Dynasty,Ming,,SHEN CHOU (A.D. 1427-1509),THE CHINESE GOVERNMENT,,government,China,yes,,
1262,Ode of Seven Characters written in cursive script,item,Paintings and Calligraphy,Calligraphy,,Ode of Seven Characters written in cursive script,,H. 153 cm W. 33.6 cm,6 Song Dynasty,Yuan,,CHANG YÜ (A.D. 1277-1348),THE CHINESE GOVERNMENT,,government,China,,,
1263,VASE,item,Ceramics,porcelain,ceramics; stoneware,"Tz'ŭ Chou ware, of baluster form with foliate lip, grey stoneware, with white slip and iris design in green",,H. 37 cm,6 Song Dynasty,Song,,,THE BRITISH MUSEUM (Eumorfopoulos Collection),,museum,"London, U.K.",yes,,
1264,VASE,item,Ceramics,porcelain,ceramics; stoneware,"Tz'ŭ Chou ware, stoneware, with peony designs in black under cream glaze",,H. 25.4 cm,6 Song Dynasty,Song,,,THE VICTORIA AND ALBERT MUSEUM (Eumorfopoulos Collection),,museum,"London, U.K.",yes,,
1265,SLENDER VASE,item,Ceramics,porcelain,ceramics; porcelain,Kiangnan Ting ware,,H. 41.6 cm,6 Song Dynasty,Ming,,,"ALAN BARLOW, C.B., C.B.E., Wendover, Bucks",,private,"Buckinghamshire, U.K.",yes,,
1266,VASE,item,Ceramics,porcelain,ceramics; stoneware,"Tz'ŭ Chou ware, stoneware, with flowers and foliage in black under a cream glaze",,H. 40.6 cm,6 Song Dynasty,Song,,,THE VICTORIA AND ALBERT MUSEUM (Eumorfopoulos Collection),,museum,"London, U.K.",yes,,
1267,VASE,item,Ceramics,porcelain,ceramics; stoneware,"Tz'ŭ Chou ware, stoneware, with incised peony scroll and cream glaze",,H. 39.3 cm,6 Song Dynasty,Song,,,THE VICTORIA AND ALBERT MUSEUM (Eumorfopoulos Collection),,museum,"London, U.K.",yes,,
1268,VASE,item,Ceramics,porcelain,ceramics; stoneware,"Tz'ŭ Chou type, buff stoneware, decorated with lily sprays in white slip under a light brown glaze",,H. 34 cm,6 Song Dynasty,Song,,,"H. J. OPPENHEIM, London",,private,"London, U.K.",yes,,
1269,SILK TAPESTRY (k'o ssŭ),item,Textile,Furnishings,textiles; silk,Tantrik Buddhist Banner from Kara Khoto,,H. 101 cm W. 50 cm,6 Song Dynasty,Song,,,THE GOVERNMENT OF THE SOVIET UNION,,government,Russia,,,
1270,VASE,item,Ceramics,porcelain,ceramics; stoneware,"Tz'ŭ Chou type, stoneware, with peony sprays in black under green glaze",,H. 30.5 cm,6 Song Dynasty,Song,,,THE BRITISH MUSEUM (Eumorfopoulos Collection),,museum,"London, U.K.",yes,,
1271,PILLOW,item,Ceramics,pottery,ceramics; pottery,"Honan ware, with incised designs and coloured glaze. From the Collection of Charles L. Rutherston",,L. 29.3 cm,6 Song Dynasty,Song,,,"MRS. C. L. AND MISS RUTHERSTON, Farnham and London",,private,"London, U.K.",yes,,
1272,Painting in colour on paper,item,Paintings and Calligraphy,Religious painting,plant derived materials; paper,Immortals in the Isles of the Blest,,H. 70.6 cm W. 25.7 cm,6 Song Dynasty,Ming,,WÊN CHIA (A.D. 1501-1583),THE CHINESE GOVERNMENT,,government,China,yes,,
1273,Painting in colour on silk,item,Paintings and Calligraphy,Landscape,textiles; silk,Waiting to Cross a River in Autumn,,H. 154.4 cm W. 133.3 cm,6 Song Dynasty,Qing,,CH'IU YING (active c. A.D. 1522-1560),THE CHINESE GOVERNMENT,,government,China,,,
1274,Painting in colour on paper,item,Paintings and Calligraphy,Landscape,plant derived materials; paper,Spring in Kiangnan,Signed and dated A.D. 1547 by the artist,H. 106.1 cm W. 30.6 cm,6 Song Dynasty,Ming,,WÊN CHÊNG-MING (A.D. 1470-1559),THE CHINESE GOVERNMENT,,government,China,yes,,
1275,TUI (food vessel),item,Ceramics,porcelain,ceramics; porcelain,"Ting ware, porcelain in bronze form, with fluted body and dragon form handles, ivory-white glaze",,H. 11 cm,6 Song Dynasty,Song,,,THE CHINESE GOVERNMENT,,government,China,yes,,
1276,VASE (p'ing),item,Ceramics,porcelain,ceramics; porcelain,"Ting type, with rounded body, slender neck, and flanged mouth, decorated with a phoenix facing the sun, incised in a warm white glaze",,H. 14.8 cm,6 Song Dynasty,Qing,,,THE CHINESE GOVERNMENT,,government,China,yes,,
1277,CUP,item,Ceramics,porcelain,ceramics; porcelain,"Ting type, in the shape of a plaited willow basket with white glaze",,H. 7.8 cm,6 Song Dynasty,Song,,,THE CHINESE GOVERNMENT,,government,China,yes,,
1278,VASE (p'ing),item,Ceramics,porcelain,ceramics; porcelain,"Ting ware, with flanged mouth and ivory-white glaze",Base and wooden stand are inscribed with an Imperial poem of the Qianlong period,H. 15.9 cm,6 Song Dynasty,Song,,,THE CHINESE GOVERNMENT,,government,China,yes,,
1279,BOX,item,Ceramics,porcelain,ceramics; porcelain,"Ting ware, for seal vermilion, decorated with ling-chih (fungus) scrolls incised under an ivory-white glaze",,Di. 10.6 cm,6 Song Dynasty,Song,,,THE CHINESE GOVERNMENT,,government,China,yes,,
1280,SQUARE BRUSH WASHER,item,Ceramics,porcelain,ceramics; porcelain,"Ting type, greyish-white porcelain, with moulded decoration of chrysanthemums",,W. 11.3 cm,6 Song Dynasty,Song,,,THE CHINESE GOVERNMENT,,government,China,,,
1281,VASE,item,Ceramics,porcelain,ceramics; porcelain,"Ting type, in the shape of a plaited willow basket, with white glaze",,H. 16.7 cm,6 Song Dynasty,Song,,,THE CHINESE GOVERNMENT,,government,China,yes,,
1282,SMALL VASE (hsiao p'ing),item,Ceramics,porcelain,ceramics; porcelain,"Ting type, with spreading mouth and ivory-white glaze",Base and wooden stand are inscribed with an Imperial poem of the Qianlong period,H. 9 cm,6 Song Dynasty,Song,,,THE CHINESE GOVERNMENT,,government,China,yes,,
1283,BOWL,item,Ceramics,porcelain,ceramics; porcelain,"Ting ware, with moulded decoration and ivory-white glaze. With a brass rim",,Di. 20.7 cm,6 Song Dynasty,Song,,,THE CHINESE GOVERNMENT,,government,China,,,
1284,PILLOW,item,Ceramics,porcelain,ceramics; porcelain,with impure ying ch'ing glaze and incised wave design,Upper side and wooden stand inscribed with an Imperial poem of the Qianlong period,L. 17.5 cm W. 10.8 cm,6 Song Dynasty,Song,,,THE CHINESE GOVERNMENT,,government,China,yes,,
1285,BOWL,item,Ceramics,porcelain,ceramics; porcelain,"with crackled buff-white glaze, with engraved lotus scrolls inside and lotus petals outside. With a brass rim",,Di. 26 cm,6 Song Dynasty,Song,,,THE CHINESE GOVERNMENT,,government,China,,,
1286,BOWL,item,Ceramics,porcelain,ceramics; porcelain,"Ting ware, with ivory-white glaze, moulded decoration of children and pomegranate scrolls",,Di. 19.4 cm,6 Song Dynasty,Song,,,THE CHINESE GOVERNMENT,,government,China,,,
1287,VASE (hu),item,Ceramics,porcelain,ceramics; porcelain(enamelled),"Ting ware, with rectangular neck and ivory-white glaze, dragon-form handles and engraved lotus and dragon designs. With a silver and blue enamel flower-holder",,H. 38.6 cm,6 Song Dynasty,Song,,,THE CHINESE GOVERNMENT,,government,China,yes,,
1288,CUP (chan),item,Ceramics,porcelain,ceramics; porcelain,"with greenish-white glaze, moulded decoration of birds and flowers. Very translucent",Base and accompanying jade stand are inscribed with an Imperial poem of the Qianlong period,Di. 10.5 cm,6 Song Dynasty,Ming,,,THE CHINESE GOVERNMENT,,government,China,yes,,
1289,TEAPOT,item,Ceramics,porcelain,ceramics; porcelain,"Ting type, in the form of a cloth bundle, ivory-white porcelain",,H. 7.9 cm,6 Song Dynasty,Ming,,,THE CHINESE GOVERNMENT,,government,China,yes,,
1290,CUP (chan),item,Ceramics,porcelain,ceramics; porcelain,"with yellowish-white glaze, moulded decoration of clouds and cranes. Very translucent",,H. 5 cm,6 Song Dynasty,Ming,,,THE CHINESE GOVERNMENT,,government,China,,,
1291,VASE (p'ing),item,Ceramics,porcelain,ceramics; porcelain,"Ting ware, with ivory-white glaze, engraved decoration of clouds and dragons. With a brass rim",,H. 23.5 cm,6 Song Dynasty,Song,,,THE CHINESE GOVERNMENT,,government,China,,,
1292,CUP (chan),item,Ceramics,porcelain,ceramics; porcelain,"Ting type, cream-white porcelain. Said to be Su-chou ware",,Di. 11.5 cm,6 Song Dynasty,Song,,,THE CHINESE GOVERNMENT,,government,China,,,
1293,VASE (p'ing),item,Ceramics,porcelain,ceramics; porcelain,"Ting type, shaped like a bulrush, with band of thunder-pattern ornament incised in the paste. Warm white glaze. Said to be Su-chou ware",,H. 34 cm,6 Song Dynasty,Ming,,,THE CHINESE GOVERNMENT,,government,China,yes,,
1294,SQUARE BRUSH WASHER,item,Ceramics,porcelain,ceramics; porcelain,"Ting type, greyish-white porcelain, with moulded decoration of clouds and rams",On the base is inscribed an Imperial poem of the Qianlong period,H. 4.5 cm,6 Song Dynasty,Song,,,THE CHINESE GOVERNMENT,,government,China,yes,,
1295,WASTE FOOD RECEPTACLE (cha tou,item,Ceramics,porcelain,ceramics; porcelain,"Ting type, in flower form, with warm white glaze. With a brass rim. Said to be Su-chou ware",,Di. 12.2 cm,6 Song Dynasty,Song,,,THE CHINESE GOVERNMENT,,government,China,,,
1296,VASE (tsun),item,Ceramics,porcelain,ceramics; porcelain,"Ting type, with elephant-form handles and warm white glaze faintly crackled. Said to be Su-chou ware",,H. 35.5 cm,6 Song Dynasty,Ming,,,THE CHINESE GOVERNMENT,,government,China,yes,,
1297,SQUARE BRUSH WASHER,item,Ceramics,porcelain,ceramics; porcelain,"Chi-chou ware, greyish-white porcelain, with moulded decoration of clouds and rams",On the base is inscribed an Imperial poem of the Qianlong period,H. 4.5 cm,6 Song Dynasty,Song,,,THE CHINESE GOVERNMENT,,government,China,,,
1298,BOWL,item,Ceramics,porcelain,ceramics; porcelain,"Ting ware, with a moulded lotus decoration and ivory-white glaze",,Di. 17.2 cm,6 Song Dynasty,Song,,,THE CHINESE GOVERNMENT,,government,China,,,
1299,KUAN-YIN,item,Lacquer,Sculpture,plant derived materials; wood,wood covered with gesso and painted,,H. 114.2 cm,6 Song Dynasty,Song,,,THE VICTORIA AND ALBERT MUSEUM (Eumorfopoulos Collection),,museum,"London, U.K.",yes,,
1300,PANEL,item,Textile,Furnishings,textiles,"brocade, of blue, silver, green and red",,180.5 by 80 cm,6 Song Dynasty,Yuan,,,"PROFESSOR W. PERCEVAL YETTS, O.B.E., London",,private,"London, U.K.",,,
1301,STANDING KUAN-YIN,item,Ceramics,pottery,ceramics; clay,,,H. 130 cm,6 Song Dynasty,Yuan,,,"C. T. LOO, Paris",,private,"Paris, France",yes,,
1302,Painting in colour on silk,item,Paintings and Calligraphy,Animal and plants,textiles; silk,Fish and Water weeds,,H. 177 cm W. 107 cm,7 Song Dynasty Yuan Dynasty,Ming,,LIU CHIEH (Ming Dynasty),"A. W. BAHR, Weybridge",,private,"Surrey, U.K.",yes,,
1303,Painting in ink on paper,item,Paintings and Calligraphy,Landscape,plant derived materials; paper,Hills seen from a River Bank,,H. 111.3 cm W. 32.8 cm,7 Song Dynasty Yuan Dynasty,Yuan,,NI TSAN (A.D. 1301-1374),THE CHINESE GOVERNMENT,,government,China,yes,,
1304,VASE,item,Ceramics,porcelain,ceramics; porcelain,"Lung-ch'üan ware, in shape of a ts'ung (ritual symbol), porcelain with grey-green celadon glaze.",,H. 40.8 cm,7 Song Dynasty Yuan Dynasty,Song,,,"SIR PERCIVAL DAVID, BT., London",From the Tuan Fang Collection,private,"London, U.K.",yes,,
1305,VASE,item,Ceramics,porcelain,ceramics; porcelain,"Lung-ch'üan ware, bottle-shaped, with bamboo-shaped neck, porcelain with bluish-grey celadon glaze",,H. 31.5 cm,7 Song Dynasty Yuan Dynasty,Song,,,"SIR PERCIVAL DAVID, BT., London",,private,"London, U.K.",yes,,
1306,INCENSE VASE,item,Ceramics,porcelain,ceramics; porcelain,"Lung-ch'üan ware, on three feet, grey-white porcelain with jade green celadon glaze",,H. 17 cm,7 Song Dynasty Yuan Dynasty,Song,,,"SIR PERCIVAL DAVID, BT., London",,private,"London, U.K.",yes,,
1307,SAUCER DISH,item,Ceramics,porcelain,ceramics; porcelain,"Lung-ch'üan ware, with bluish-green glaze, the underside modelled with lotus petals",,Di. 20 cm,7 Song Dynasty Yuan Dynasty,Song,,,"MR. AND MRS. ALFRED CLARK, Iver Heath, Bucks",,private,"Buckinghamshire, U.K.",,,
1308,DISH,item,Ceramics,porcelain,ceramics; porcelain,"Lung-ch'üan ware, with incised fish design and blue-green celadon glaze",,Di. 13.2 cm,7 Song Dynasty Yuan Dynasty,Song,,,"F. SCHILLER, Betchworth, Surrey",,private,"Surrey, U.K.",,,
1309,BEAKER (ku),item,Ceramics,porcelain,ceramics; porcelain,"Lung-ch'üan ware, of bronze form, porcelain with grey-green celadon glaze",,H. 29.4 cm,7 Song Dynasty Yuan Dynasty,Song,,,"SIR PERCIVAL DAVID, BT., London",,private,"London, U.K.",yes,,
1310,VASE,item,Ceramics,porcelain,ceramics; porcelain,"Lung-ch'üan ware, with fish handles and celadon glaze",,H. 16.7 cm,7 Song Dynasty Yuan Dynasty,Song,,,"ALAN BARLOW, C.B., C.B.E., Wendover, Bucks",,private,"Buckinghamshire, U.K.",yes,,
1311,BOWL,item,Ceramics,porcelain,ceramics; porcelain,"Lung-ch'üan ware, porcelain, with fishes in relief and delicate grey-green celadon glaze",,Di. 15.3 cm,7 Song Dynasty Yuan Dynasty,Song,,,"SIR PERCIVAL DAVID, BT., London",,private,"London, U.K.",yes,,
1312,DISH,item,Ceramics,porcelain,ceramics; porcelain,"porcelain, with celadon glaze",,Di. 16.2 cm,7 Song Dynasty Yuan Dynasty,Song,,,"MR. AND MRS. ALFRED CLARK, Iver Heath, Bucks",,private,"Buckinghamshire, U.K.",,,
1313,INCENSE VASE,item,Ceramics,porcelain,ceramics; porcelain,"greyish porcelain, with blue-grey celadon glaze",,H. 9.5 cm,7 Song Dynasty Yuan Dynasty,Song,,,"SIR PERCIVAL DAVID, BT., London",,private,"London, U.K.",yes,,
1314,BRUSH WASHER,item,Ceramics,porcelain,ceramics; porcelain,"drum-shaped, porcelain, with grey-green celadon glaze",,Di. 17.5 cm,7 Song Dynasty Yuan Dynasty,Song,,,"SIR PERCIVAL DAVID, BT., London",,private,"London, U.K.",yes,,
1315,EWER,item,Ceramics,porcelain,ceramics; porcelain,"porcelain, with jade green celadon glaze",,H. 24 cm,7 Song Dynasty Yuan Dynasty,Ming,,,"SIR PERCIVAL DAVID, BT., London",,private,"London, U.K.",yes,,
1316,DISH,item,Ceramics,porcelain,ceramics; porcelain,"with dragon in relief, celadon green glaze",,Di. 36 cm,7 Song Dynasty Yuan Dynasty,Song,,,"F. SCHILLER, Betchworth, Surrey",,private,"Surrey, U.K.",yes,,
1317,INCENSE VASE,item,Ceramics,porcelain,ceramics; porcelain,"in the form of an archaic bronze ting, porcelain, with bluish-grey celadon glaze",,Di 13.7 cm,7 Song Dynasty Yuan Dynasty,Song,,,"SIR PERCIVAL DAVID, BT., London",,private,"London, U.K.",yes,,
1318,JAR AND COVER,item,Ceramics,porcelain,ceramics; porcelain,"Lung-ch'üan ware, with dragon in relief on shoulder, porcelain, with grey-green celadon glaze",,H. 26 cm,7 Song Dynasty Yuan Dynasty,Song,,,"SIR PERCIVAL DAVID, BT., London",,private,"London, U.K.",yes,,
1319,BRUSH WASHER,item,Ceramics,porcelain,ceramics; porcelain,"Lung-ch'üan ware, with petal pattern outside, porcelain, with blue-green celadon glaze",,Di. 21 cm,7 Song Dynasty Yuan Dynasty,Song,,,"SIR PERCIVAL DAVID, BT., London",,private,"London, U.K.",yes,,
1320,Painting in colour on silk,item,Paintings and Calligraphy,Animal and plants,textiles; silk,Horses and Grooms,,H. 28 cm L. 175.1 cm,7 Song Dynasty Yuan Dynasty,Yuan,,JÊN JÊN-FA (14th century A.D.) (attributed to),"THE FOGG ART MUSEUM, Cambridge, Mass",,museum,"Massachusetts, U.S.A.",yes,,
1321,Painting in ink on paper,item,Paintings and Calligraphy,Scholar painting,plant derived materials; paper,"Trees and Rocks, in the style of Ni Tsan",,H. 92.7 cm W. 38.7 cm,7 Song Dynasty Yuan Dynasty,Ming,,KU CHÊNG-I (16th century A.D.),THE CHINESE GOVERNMENT,,government,China,,,
1322,Painting in ink and faint colour on paper,item,Paintings and Calligraphy,Animal and plants,plant derived materials; paper,Ducks and Ducklings,,H. 180 cm W. 100 cm,7 Song Dynasty Yuan Dynasty,Ming,,UNKNOWN ARTIST,"DR. DU BOIS S. MORRIS, New York",,private,"New York, U.S.A.",yes,,
1323,Painting in ink on paper,item,Paintings and Calligraphy,Landscape,plant derived materials; paper,A Fishing Boat among Willows,,H. 97 cm W. 47.7 cm,7 Song Dynasty Yuan Dynasty,Ming,,CH'IU YING (active c. A.D. 1522-1560),THE CHINESE GOVERNMENT,,government,China,,,
1324,BASIN,item,Ceramics,porcelain,ceramics; porcelain,"Lung-ch'üan ware, porcelain, with dragons, clouds and blossoms in underglaze relief under jade-green celadon glaze",,Di. 43 cm,7 Song Dynasty Yuan Dynasty,Song,,,"SIR PERCIVAL DAVID, BT., London",,private,"London, U.K.",yes,,
1325,BULB BOWL,item,Ceramics,porcelain,ceramics; porcelain,"Lung-ch'üan ware, on three feet, porcelain, with rosette in biscuit and grey-green celadon glaze",,Di. 29 cm,7 Song Dynasty Yuan Dynasty,Song,,,THE BRITISH MUSEUM (Eumorfopoulos Collection),,museum,"London, U.K.",yes,,
1326,VASE,item,Ceramics,porcelain,ceramics; porcelain,"Lung-ch'üan ware, octagonal, porcelain, with celadon glaze. On each side three panels of ornament, two glazed and one in biscuit",,H. 24.2 cm,7 Song Dynasty Yuan Dynasty,Yuan,,,"SIR PERCIVAL DAVID, BT., London",,private,"London, U.K.",yes,,
1327,VASE,item,Ceramics,porcelain,ceramics; porcelain,"""Spotted"" Lung-ch'üan celadon ware, beaker-shaped, porcelain, with celadon glaze, spotted with patches of ferruginous brown",,H. 27.5 cm,7 Song Dynasty Yuan Dynasty,Song,,,"SIR PERCIVAL DAVID, BT., London",,private,"London, U.K.",yes,,
1328,BRUSH WASHER,item,Ceramics,porcelain,ceramics; porcelain,"Lung-ch'üan or Kuan ware, with foliate edge and bluish-green crackled celadon glaze",,Di. 9.4 cm,7 Song Dynasty Yuan Dynasty,Song,,,"MR. AND MRS. WALTER SEDGWICK, London",,private,"London, U.K.",,,
1329,STAND,item,Ceramics,porcelain,ceramics; porcelain,"""Spotted"" Lung-ch-üan celadon ware, for a ? bowl, on three feet, onion-green glaze with flecks of ferruginous brown",,H. 16.5 cm,7 Song Dynasty Yuan Dynasty,Song,,,THE CHINESE GOVERNMENT,,government,China,yes,,
1330,SMALL CONICAL BOWL,item,Ceramics,porcelain,ceramics; porcelain,with engraved design of prunus sprays under a celadon glaze,,Di. 12.8 cm,7 Song Dynasty Yuan Dynasty,Song,,,"A. SCHOENLICHT, The Hague, Holland",,private,"The Hague, Netherlands",yes,,
1331,BOWL,item,Ceramics,porcelain,ceramics; porcelain,"""Northern"" celadon ware, with chrysanthemum scrolls in relief under an olive-green glaze",,Di. 17.7 cm,7 Song Dynasty Yuan Dynasty,Song,,,"H. J. OPPENHEIM, London",,private,"London, U.K.",yes,,
1332,BASIN,item,Ceramics,porcelain,ceramics; porcelain,"Lung-ch'üan ware, porcelain, with incised dragons and two tigers in unglazed relief under green celadon glaze",,Di. 42 cm,7 Song Dynasty Yuan Dynasty,Song,,,"SIR PERCIVAL DAVID, BT., London",,private,"London, U.K.",yes,,
1333,VASE,item,Ceramics,porcelain,ceramics; porcelain,"Lung-ch'üan ware, bottle-shaped, porcelain, with celadon green glaze spotted with ferruginous brown",,H. 26.6 cm,7 Song Dynasty Yuan Dynasty,Song,,,THE BRITISH MUSEUM (Eumorfopoulos Collection),,museum,"London, U.K.",yes,,
1334,SHALLOW DISH,item,Ceramics,porcelain,ceramics; stoneware,"Chün ware, stoneware, covered with sea-green glaze",,Di. 18.7 cm,7 Song Dynasty Yuan Dynasty,Song,,,"MR. AND MRS. ALFRED CLARK, Iver Heath, Bucks",,private,"Buckinghamshire, U.K.",,,
1335,OCTAGONAL BOTTLE,item,Ceramics,porcelain,ceramics; porcelain,"Lung-ch'üan ware, with crackled glaze",,H. 20.9 cm,7 Song Dynasty Yuan Dynasty,Song,,,"ALAN BARLOW, C.B., C.B.E., Wendover, Bucks",,private,"Buckinghamshire, U.K.",yes,,
1336,DISH,item,Ceramics,porcelain,ceramics; porcelain,"Lung-ch'üan ware, with ""spotted"" celadon glaze",,Di. 16 cm,7 Song Dynasty Yuan Dynasty,Song,,,"A. BAUR, Geneva",,private,"Geneva, Switzerland",yes,,
1337,Painting in ink on paper,item,Paintings and Calligraphy,Landscape,plant derived materials; paper,The Four Seasons,,H. 30.5 cm W. 340 cm,7 Song Dynasty Yuan Dynasty,Ming,,HSÜ WEI (A.D. 1521-1593),"THE NATIONAL MUSEUM, Stockholm",,museum,"Stockholm, Sweden",yes,,
1338,VASE,item,Ceramics,porcelain,ceramics; stoneware,"""Northern"" celadon ware, of baluster shape, stoneware, with carved floral scrolls under olive-green glaze",,H. 43.2 cm,7 Song Dynasty Yuan Dynasty,Song,,,"OSCAR RAPHAEL, London",,private,"London, U.K.",yes,,
1339,BOWL,item,Ceramics,porcelain,ceramics; porcelain,"""Northern"" celadon ware",,Di. 21.5 cm,7 Song Dynasty Yuan Dynasty,Song,,,"ALAN BARLOW, C.B., C.B.E., Wendover, Bucks",,private,"Buckinghamshire, U.K.",yes,,
1340,BOX AND COVER,item,Ceramics,porcelain,ceramics; porcelain,"""Northern"" celadon ware, with engraved floral scrolls under an olive-green glaze",,Di. 17.5 cm,7 Song Dynasty Yuan Dynasty,Song,,,"SIR PERCIVAL DAVID, BT., London",,private,"London, U.K.",yes,,
1341,DAMASK,item,Textile,Others,textiles,fragment with arabesque design,,27.9 by 12 cm,7 Song Dynasty Yuan Dynasty,Yuan,,,"THE METROPOLITAN MUSEUM OF ART, New York",,museum,"New York, U.S.A.",yes,,
1342,DISH,item,Ceramics,porcelain,ceramics; porcelain,"""Northern"" celadon ware",,H. 19 cm,7 Song Dynasty Yuan Dynasty,Song,,,"ALAN BARLOW, C.B., C.B.E., Wendover, Bucks",,private,"Buckinghamshire, U.K.",yes,,
1343,VASE,item,Ceramics,porcelain,ceramics; porcelain,"""Northern"" celadon ware, bottle-shaped, with engraved flower design and olive-green celadon glaze",,H. 27 cm,7 Song Dynasty Yuan Dynasty,Song,,,"M. CALMANN, Paris",,private,"Paris, France",yes,,
1344,DISH,item,Ceramics,porcelain,ceramics; porcelain,"""Northern"" celadon ware, porcellanous ware, carved with three ""lotus bundles"" under olive-green celadon glaze",,Di. 19.7 cm,7 Song Dynasty Yuan Dynasty,Song,,,"SIR PERCIVAL DAVID, BT., London",,private,"London, U.K.",yes,,
1345,VASE AND COVER,item,Ceramics,porcelain,ceramics; porcelain,"""Northern"" celadon ware, with incised peony scrolls",,H. 39 cm,7 Song Dynasty Yuan Dynasty,Song,,,"S. D. WINKWORTH, Walton-on-the-Hill, Surrey",,private,"Surrey, U.K.",yes,,
1346&1348,BOWL,set,Ceramics,porcelain,ceramics; porcelain,"""Northern"" celadon ware, carved with flowers. Pair with No. 1348",,Di. 15.3 cm,7 Song Dynasty Yuan Dynasty,Song,,,"C. E. RUSSELL, London",,private,"London, U.K.",,,
1347,SPRINKLER,item,Ceramics,porcelain,ceramics; porcelain,"""Northern"" celadon ware",,H. 21.6 cm,7 Song Dynasty Yuan Dynasty,Song,,,"C. E. RUSSELL, London",,private,"London, U.K.",yes,,
1346&1348,BOWL,,Ceramics,porcelain,ceramics; porcelain,"""Northern"" celadon ware, carved with flowers. Pair with No. 1346",,Di. 15.3 cm,7 Song Dynasty Yuan Dynasty,Song,,,"C. E. RUSSELL, London",,private,"London, U.K.",,,
1349,EWER,item,Ceramics,porcelain,ceramics; porcelain,"""Northern"" celadon ware",,H. 17.1 cm,7 Song Dynasty Yuan Dynasty,Song,,,"ALAN BARLOW, C.B., C.B.E., Wendover, Bucks",,private,"Buckinghamshire, U.K.",yes,,
1350,VASE,item,Ceramics,porcelain,ceramics; porcelain,"""Northern"" celadon ware, bottle-shaped, porcellanous ware, with carved lily scrolls under olive-green celadon glaze",,H. 24 cm,7 Song Dynasty Yuan Dynasty,Song,,,THE VICTORIA AND ALBERT MUSEUM (Eumorfopoulos Collection),,museum,"London, U.K.",yes,,
1351,Painting in ink on paper,item,Paintings and Calligraphy,Scholar painting,plant derived materials; paper,Narcissus and Plum Blossom,,H. 71.5 cm W. 31.5 cm,7 Song Dynasty Yuan Dynasty,Ming,,SUN CHIH (late Ming Dynasty),THE CHINESE GOVERNMENT,,government,China,,,
1352,Painting in colour on silk,item,Paintings and Calligraphy,Landscape,textiles; silk,The Wind among the Pines,Signed and dated A.D. 1616 by the artist,H. 167.2 cm W. 99.6 cm,7 Song Dynasty Yuan Dynasty,Ming,,LI SHIH-TA (c. A.D. 1556-1620),THE CHINESE GOVERNMENT,,government,China,yes,,
1353,Painting in ink on paper,item,Paintings and Calligraphy,Scholar painting,plant derived materials; paper,A Study of Plum Blossoms,,H. 84.9 cm W. 32.1 cm,7 Song Dynasty Yuan Dynasty,Yuan,,CH'ÊN LI-SHAN (c. 14th century A.D.),THE CHINESE GOVERNMENT,,government,China,,,
1354,DISH,item,Ceramics,porcelain,ceramics; porcelain,"porcelain, with incised design under celadon glaze",,Di. 37 cm,7 Song Dynasty Yuan Dynasty,Yuan,,,"THE TOPKAPU SARAY MUSEUM, Istanbul",,museum,"Istanbul, Turkey",,,
1355,DISH,item,Ceramics,porcelain,ceramics; porcelain,"Chekiang celadon, with foliate lip, porcellanous ware, with greenish-grey celadon glaze.",Seal inside with the characters ho pin t fan (Bequeathed Style of Ho Pin),Di. 15.8 cm,7 Song Dynasty Yuan Dynasty,Song,,,"SIR PERCIVAL DAVID, BT., London",,private,"London, U.K.",yes,,
1356,BOWL,item,Ceramics,porcelain,ceramics; porcelain,"with engraved design of boys and threaded balls, celadon glaze with copper-red splashes",,Di. 25.8 cm,7 Song Dynasty Yuan Dynasty,Yuan,,,"A. SCHOENLICHT, The Hague, Holland",,private,"The Hague, Netherlands",yes,,
1357,DISH,item,Ceramics,porcelain,ceramics; porcelain,"Lung-ch'üan ware, porcelain, with prunus design in relief and green celadon glaze",,Di. 16.5 cm,7 Song Dynasty Yuan Dynasty,Song,,,THE BRITISH MUSEUM (Eumorfopoulos Collection),,museum,"London, U.K.",yes,,
1358,BOTTLE,item,Ceramics,porcelain,ceramics; porcelain,"Lung-ch'üan ware, double-gourd shape, porcelain, with jade-green celadon glaze over peony scrolls in relief",,H. 45 cm,7 Song Dynasty Yuan Dynasty,Yuan,,,"THE TOPKAPU SARAY MUSEUM, Istanbul",,museum,"Istanbul, Turkey",yes,,
1359,BOWL,item,Ceramics,porcelain,ceramics; pottery,"pottery with vermilion glaze, fluting and band of floral ornament in relief",,Di. 20 cm,7 Song Dynasty Yuan Dynasty,Ming,,,H.R.H. THE CROWN PRINCE OF SWEDEN,,private,"Stockholm, Sweden",yes,,
1360,INCENSE BURNER,item,Ceramics,porcelain,ceramics; porcelain,"celadon, with peonies in relief",,H. 22.4 cm,7 Song Dynasty Yuan Dynasty,Song,,,"C. E. RUSSELL, London",,private,"London, U.K.",yes,,
1361,VASE OF CELADON,item,Ceramics,porcelain,ceramics; porcelain,with peacocks and foliage in relief,,H. 35.5 cm,7 Song Dynasty Yuan Dynasty,Ming,,,"C. E. RUSSELL, London",,private,"London, U.K.",yes,,
1362,DISH,item,Ceramics,porcelain,ceramics; porcelain,"Lung-ch'üan ware, of lotus leaf form, with a tortoise in low relief in the centre",,Di. 39.4 cm,7 Song Dynasty Yuan Dynasty,Song,,,"HIS EXCELLENCY DR. E. A. VORETZSCH, Colmberg, Germany",,private,"Bavaria, Germany",yes,,
1363,BOWL,item,Ceramics,porcelain,ceramics; porcelain,"Perhaps Shouchou ware, with celadon glaze",,Di. 14.9 cm,7 Song Dynasty Yuan Dynasty,Yuan,,,"ALAN BARLOW, C.B., C.B.E., Wendover, Bucks",,private,"Buckinghamshire, U.K.",yes,,
1364,INCENSE VASE,item,Ceramics,porcelain,ceramics; porcelain,"Lung-ch'üan ware, porcelain, with peony decoration in applied relief. Jade-green celadon glaze",,Di. 24.5 cm,7 Song Dynasty Yuan Dynasty,Song,,,"SIR PERCIVAL DAVID, BT., London",,private,"London, U.K.",yes,,
1365,Scroll painting in ink on paper,item,Paintings and Calligraphy,Scholar painting,plant derived materials; paper,A Friendly Meeting of Two Philosophers,,H. 30 cm W. 136 cm,7 Song Dynasty Yuan Dynasty,Ming,,TAI CHIN (active c. A.D. 1446),"DR. K. R. VON ROQUES, Berlin",,private,"Berlin, Germany",,,
1366,Painting in ink on paper,item,Paintings and Calligraphy,Religious painting,plant derived materials; paper,An Immortal with Attendant and Crane,,H. 68.7 cm W. 39 cm,7 Song Dynasty Yuan Dynasty,Ming,,WU WEI (A.D. 1459-1508),THE CHINESE GOVERNMENT,,government,China,yes,,
1367,Painting in colour on silk,item,Paintings and Calligraphy,Animal and plants,textiles; silk,Birds and Flowers,,H. 119.8 cm W. 56.4 cm,7 Song Dynasty Yuan Dynasty,Song,,MA LIN (active A.D. 1220),THE CHINESE GOVERNMENT,,government,China,,,
1368,Painting in colour on silk,item,Paintings and Calligraphy,Animal and plants,textiles; silk,Birds Welcoming Spring,,H. 160.4 cm W.77.9 cm,7 Song Dynasty Yuan Dynasty,Song,,LU TSUNG-KUEI (active A.D. 1228-1233),THE CHINESE GOVERNMENT,,government,China,,,
1369,VASE,item,Ceramics,porcelain,ceramics; porcelain,"of baluster form, decorated with peony scrolls in applied relief under a celadon glaze.",Inscribed on the lip and dated A.D. 1327,H. 71.5 cm,7 Song Dynasty Yuan Dynasty,Yuan,,,"SIR PERCIVAL DAVID, BT., London",,private,"London, U.K.",yes,,
1370,VASE,item,Ceramics,porcelain,ceramics; porcelain,"Lung-ch'üan ware, porcelain, with celadon glaze",,H. 69.5 cm,7 Song Dynasty Yuan Dynasty,Yuan,,,"THE TOPKAPU SARAY MUSEUM, Istanbul",,museum,"Istanbul, Turkey",yes,,
1371,Painting in ink on paper,item,Paintings and Calligraphy,Scholar painting,plant derived materials; paper,Bamboos seen through a Window,,H. 139.3 cm W. 45.3 cm,7 Song Dynasty Yuan Dynasty,Ming,,HSIA CH'ANG (A.D. 1388-1470),THE CHINESE GOVERNMENT,,government,China,,,
1372,Painting in colour on silk,item,Paintings and Calligraphy,Figure,textiles; silk,Woman and Child,,H. 128 cm W. 74 cm,7 Song Dynasty Yuan Dynasty,Ming,,UNKNOWN ARTIST,THE BRITISH MUSEUM (Eumorfopoulos Collection),,museum,"London, U.K.",yes,,
1373,Painting in colour on silk,item,Paintings and Calligraphy,Figure,textiles; silk,Lute-playing,After the artist,H. 110 cm W. 24.9 cm,7 Song Dynasty Yuan Dynasty,Ming,,CH'IU YING (active c. A.D. 1522-1560),THE CHINESE GOVERNMENT,,government,China,,,
1374,TRIPOD INCENSE-BURNER,item,Ceramics,porcelain,ceramics; porcelain,"Lung-ch'üan ware, in the shape of a li (caldron), with light greenish-blue glaze",,H. 12.8 cm,7 Song Dynasty Yuan Dynasty,Song,,,THE CHINESE GOVERNMENT,,government,China,,,
1375,VASE,item,Ceramics,porcelain,ceramics; porcelain,"Lung-ch'üan ware, with flanged mouth (p'an-k'ou p'ing), with light greenish-blue glaze. Handles of phoenix form",,H. 25.5 cm,7 Song Dynasty Yuan Dynasty,Song,,,THE CHINESE GOVERNMENT,,government,China,yes,,
1376,VASE (hu),item,Ceramics,porcelain,ceramics; porcelain,"? Ch'u Chou ware, with elephant form handles and onion blue-green glaze?",,H. 28.4 cm,7 Song Dynasty Yuan Dynasty,Ming,,,THE CHINESE GOVERNMENT,,government,China,yes,,
1377,LARGE BOWL,item,Ceramics,porcelain,ceramics; porcelain,"Lung-ch'üan ware, in lotus form, with bluish-green glaze",,Di. 22.2 cm,7 Song Dynasty Yuan Dynasty,Song,,,THE CHINESE GOVERNMENT,,government,China,,,
1378,VASE,item,Ceramics,porcelain,ceramics; porcelain,"Ch'u-chou ware, bottle-shaped, with onion-green glaze",,H. 30.5 cm,7 Song Dynasty Yuan Dynasty,Ming,,,THE CHINESE GOVERNMENT,,government,China,,,
1379,BASIN,item,Ceramics,porcelain,ceramics; porcelain,"Ch'u-chou ware, with onion-green glaze and engraved decoration of fishes and lotus scrolls",,Di. 34.8 cm,7 Song Dynasty Yuan Dynasty,Ming,,,THE CHINESE GOVERNMENT,,government,China,,,
1380,COVERED JAR (kai kuan),item,Ceramics,porcelain,ceramics; porcelain,"Ch'u-chou ware, with onion-green glaze",,H. 28.3 cm,7 Song Dynasty Yuan Dynasty,Ming,,,THE CHINESE GOVERNMENT,,government,China,,,
1381,LARGE BOWL,item,Ceramics,porcelain,ceramics; porcelain,"Ch'u-chou ware, of flower form, with onion-green glaze and engraved decoration of lotus flowers",,Di.33 cm,7 Song Dynasty Yuan Dynasty,Ming,,,THE CHINESE GOVERNMENT,,government,China,,,
1382,Painting in colour on paper,item,Paintings and Calligraphy,Court Painting,plant derived materials; paper,The Jewelled Palace in Sunshine after Snow,,H. 136 cm W. 46.3 cm,7 Song Dynasty Yuan Dynasty,Ming,,CHANG HUNG (early 17th century A.D.),THE CHINESE GOVERNMENT,,government,China,,,
1383,Painting in ink on paper,item,Paintings and Calligraphy,Animal and plants,plant derived materials; paper,Apricot Blossom,,H. 114.9 cm W. 32.1 cm,7 Song Dynasty Yuan Dynasty,Ming,,T'ANG YIN (A.D. 1470-1523),THE CHINESE GOVERNMENT,,government,China,yes,,
1384,Painting in ink on silk,item,Paintings and Calligraphy,Landscape,textiles; silk,Homeward Bound in a Storm,,H. 143.1 cm W. 81.9 cm,7 Song Dynasty Yuan Dynasty,Ming,,TAI CHIN (active c. A.D. 1446),THE CHINESE GOVERNMENT,,government,China,yes,,
1385,Painting in colour on silk,item,Paintings and Calligraphy,Scholar painting,textiles; silk,Listening to a Bubbling Spring,,H. 150 cm W. 59.8 cm,7 Song Dynasty Yuan Dynasty,Ming,,KUAN SSŬ (A.D. 1580-1631),THE CHINESE GOVERNMENT,,government,China,,,
1386,SILK TAPESTRY (k'o ssŭ),item,Textile,Furnishings,textiles; silk,"Flowers and Birds, after Ch'ên Chü-chung",,99.3 by 42.2 cm,7 Song Dynasty Yuan Dynasty,Song,,,THE CHINESE GOVERNMENT,,government,China,yes,,
1387,Scroll painting in ink on paper,item,Paintings and Calligraphy,Animal and plants,plant derived materials; paper,The Hundred Geese,,H. 34.9 cm W. 469 cm,7 Song Dynasty Yuan Dynasty,Song,,MA FÊN (late 11th century A.D.),"THE HONOLULU ACADEMY OF ARTS, Honolulu",,museum,"Hawaii, U.S.A.",yes,,
1388,Screen painting in colour on silk,item,Paintings and Calligraphy,Animal and plants,textiles; silk,Peacocks,"Signed by the artist, and dated A.D. 1690",H. 152.5 cm W. 518.4 cm,7 Song Dynasty Yuan Dynasty,Qing,,SHÊN CH'ÜAN,"MORTON SANDS, London",,private,"London, U.K.",yes,,
1389,Scroll painting in ink on paper,item,Paintings and Calligraphy,Landscape,plant derived materials; paper,Mountain Village,"Signed by the artist, and dated A.D. 1338",L. 589 cm W. 32.6 cm,7 Song Dynasty Yuan Dynasty,Yuan,,HUANG KUNG-WANG (A.D. 1269-1354),THE CHINESE GOVERNMENT,,government,China,yes,,
1390,SILK TAPESTRY (k'o ssŭ),item,Textile,Furnishings,textiles; silk,"Rocks and Plants, after Ts'ui Pai",,102.6 by 45 cm,7 Song Dynasty Yuan Dynasty,Song,,,THE CHINESE GOVERNMENT,,government,China,yes,,
1391,Painting in ink on paper,item,Paintings and Calligraphy,Landscape,plant derived materials; paper,Western Hills of Tung T'ing Lake,,H. 121.1 cm W. 28.8 cm,7 Song Dynasty Yuan Dynasty,Ming,,WÊN CHÊNG-MING (A.D. 1470-1567),THE CHINESE GOVERNMENT,,government,China,yes,,
1392,Painting in ink on silk,item,Paintings and Calligraphy,Scholar painting,textiles; silk,Plum Blossom,,H. 112.1 cm W. 57.7 cm,7 Song Dynasty Yuan Dynasty,Ming,,CH'ÊN HSIEN-CHANG (c. 15th century A.D.),THE CHINESE GOVERNMENT,,government,China,,,
1393,Painting in colour on paper,item,Paintings and Calligraphy,Animal and plants,plant derived materials; paper,A Magpie on the branch of an Apricot Tree,Signed and dated A.D. 1569 by the artist,H. 116.5 cm W. 34.2 cm,7 Song Dynasty Yuan Dynasty,Ming,,CH'IEN KU (A.D. 1508-1572),THE CHINESE GOVERNMENT,,government,China,yes,,
1394,Painting in ink on paper,item,Paintings and Calligraphy,Animal and plants,plant derived materials; paper,Wild Geese Gathering on an Islet,"Signed, and dated A.D. 1374 by the artist",H. 117.5 cm W. 30.9 cm,7 Song Dynasty Yuan Dynasty,Ming,,CHU FEI (14th century A.D.),THE CHINESE GOVERNMENT,,government,China,,,
1395,Painting in colour on silk,item,Paintings and Calligraphy,Animal and plants,textiles; silk,A Study of Peonies and a Cat,,H. 141.3 cm W. 107.8 cm,7 Song Dynasty Yuan Dynasty,Song,,UNKNOWN ARTIST,THE CHINESE GOVERNMENT,,government,China,yes,,
1396,Painting in colour on silk,item,Paintings and Calligraphy,Figure,textiles; silk,Boy riding on a Goat,,H. 76.2 cm W. 50.5 cm,7 Song Dynasty Yuan Dynasty,Song,,UNKNOWN ARTIST,THE CHINESE GOVERNMENT,,government,China,,,
1397,Painting in colour on paper,item,Paintings and Calligraphy,Animal and plants,plant derived materials; paper,A Bird in a Wood in Winter,,H. 116.7 cm 29.6 cm,7 Song Dynasty Yuan Dynasty,Ming,,YAO SHOU (15th century A.D.),THE CHINESE GOVERNMENT,,government,China,yes,,
1398,Painting in colour on paper,item,Paintings and Calligraphy,Landscape,plant derived materials; paper,Waterfall and Clouds in Autumn,Signed and dated A.D. 1583 by the artist,H. 126 cm W. 32.7 cm,7 Song Dynasty Yuan Dynasty,Ming,,SUNG HSÜ (active c. A.D. 1575),THE CHINESE GOVERNMENT,,government,China,,,
1399,CIRCULAR BOX AND COVER,item,Lacquer,Containers,plant derived materials; lacquer,"lacquer, with decoration of cherries and persimmons in red, green and gold and inlaid with mother-of-pearl",Mark of Hsüan-tê period,Di. 30 cm,7 Song Dynasty Yuan Dynasty,Ming,,,"HIS EXCELLENCY DR. E. A. VORETZSCH, Colmberg, Germany",,private,"Bavaria, Germany",yes,,
1400,BOWL,item,Lacquer,Containers,plant derived materials; lacquer,lacquer and silver,,H. 10.7 cm Di. 23 cm,7 Song Dynasty Yuan Dynasty,Song,,,THE BRITISH MUSEUM (Eumorfopoulos Collection),,museum,"London, U.K.",yes,,
1401,JAR AND COVER,item,Lacquer,Containers,plant derived materials; lacquer,"black lacquer on copper base, decorated with panels of the Eight Immortals, carved through to show red ground beneath. From the Imperial Collection, Peking",With an Imperial poem of the Qianlong period. Mark and reign of Hsüan-tê,H. 40.5 cm,7 Song Dynasty Yuan Dynasty,Ming,,,"SIR PERCIVAL DAVID, BT., London",,private,"London, U.K.",yes,,
1402,BOWL-STAND,item,Lacquer,Containers,plant derived materials; lacquer,"carved red lacquer, dragons. From the Imperial Collection, Peking","Inscribed by Qianlong, with the statement that the bowl for the stand was lost and that No. 1404 was used in its place. Mark of Yung-lo",H. 9.2 cm,7 Song Dynasty Yuan Dynasty,Ming,,,"SIR PERCIVAL DAVID, BT., London",,private,"London, U.K.",yes,,
1403,PAPER-CASE,item,Lacquer,Containers,plant derived materials; lacquer,lacquered wood,,W. 31.5 cm L. 39 cm,7 Song Dynasty Yuan Dynasty,Yuan,,,"THE GERMAN STATE MUSEUMS, Berlin",,museum,"Berlin, Germany",,,
1404,BOWL,item,Lacquer,Containers,plant derived materials; lacquer,"carved red lacquer, floral pattern. From the Imperial Collection, Peking",With an Imperial poem of the Qianlong period. Mark of Chia-ching,Di. 16 cm,7 Song Dynasty Yuan Dynasty,Ming,,,"SIR PERCIVAL DAVID, BT., London",,private,"London, U.K.",yes,,
1405,PLATE,item,Lacquer,Containers,plant derived materials; lacquer,carved red lacquer,"Inscribed ""P'ing Liang"" and maker's name, Wang Lo, and on the base with a poem on the ""Orchid Pavilion.""",Di. 18.8 cm,7 Song Dynasty Yuan Dynasty,Ming,,,"SIR PERCIVAL DAVID, BT., London",,private,"London, U.K.",yes,,
1406,ROUND BOX,item,Lacquer,Containers,plant derived materials; lacquer,"lacquer, with inlaid scroll work in mother-of-pearl",,W. 8 cm Di. 8 cm,7 Song Dynasty Yuan Dynasty,Ming,,,"F. TIKOTIN, Amsterdam",,private,"Amsterdam, Netherlands",,,
1407,TRAY,item,Lacquer,Containers,plant derived materials; lacquer,"lacquer, painted and inlaid in colours with a tree in blossom, birds, etc.",,W. 19.5 cm L. 32.2 cm,7 Song Dynasty Yuan Dynasty,Ming,,,"HIS EXCELLENCY DR. E. A. VORETZSCH, Colmberg, Germany",,private,"Bavaria, Germany",yes,,
1408,SQUARE BOX,item,Lacquer,Containers,plant derived materials; lacquer,"lacquer, with design of ladies in garden inlaid in mother-of-pearl",,W. 20 cm,7 Song Dynasty Yuan Dynasty,Ming,,,"F. TIKOTIN, Amsterdam",,private,"Amsterdam, Netherlands",yes,,
1409,BOX,item,Lacquer,Containers,plant derived materials; lacquer,"lacquer, with design of mantis inlaid with mother-of-pearl",,W. 8 cm,7 Song Dynasty Yuan Dynasty,Ming,,,"F. TIKOTIN, Amsterdam",,private,"Amsterdam, Netherlands",,,
1410,BOX AND COVER,item,Lacquer,Containers,plant derived materials; lacquer,"black lacquer, decorated mother-of-pearl with a lady riding with servants",,L. 29.7 cm,7 Song Dynasty Yuan Dynasty,Ming,,,"HIS EXCELLENCY DR. E. A. VORETZSCH, Colmberg, Germany",,private,"Bavaria, Germany",yes,,
1411,PLATE,item,Lacquer,Containers,plant derived materials; lacquer,"lacquer, decorated with rocks, magnolia and butterflies",Marked "Ju Shan" in red,Di. 25 cm,7 Song Dynasty Yuan Dynasty,Song,,,"HIS EXCELLENCY DR. E. A. VORETZSCH, Colmberg, Germany",,private,"Bavaria, Germany",yes,,
1412,CUP-STAND,item,Lacquer,Containers,plant derived materials; lacquer,"brown lacquer, with mother-of-pearl inlay, decorated with dragons and flower-sprays",,H. 8.4 cm,7 Song Dynasty Yuan Dynasty,Ming,,,"SIR PERCIVAL DAVID, BT., London",,private,"London, U.K.",yes,,
1413,BOX for Scriptures /,item,Lacquer,Containers,plant derived materials; lacquer,"black lacquer, with floral scrolls in mother-of-pearl",,H. 10.5 cm L. 34.5 cm,7 Song Dynasty Yuan Dynasty,Ming,,,"DR. H. K. WESTENDORP, Amsterdam, Holland",,private,"Amsterdam, Netherlands",,,
1414,BOOK-COVER,item,Lacquer,Others,plant derived materials; lacquer,"lacquer, with inlaid decoration of figures and landscape in mother-of-pearl",,20.1 by 21.2 cm,7 Song Dynasty Yuan Dynasty,Ming,,,"HIS EXCELLENCY DR. E. A. VORETZSCH, Colmberg, Germany",,private,"Bavaria, Germany",yes,,
1415,ROUND BOX,item,Lacquer,Containers,plant derived materials; lacquer,"red lacquer, with low-relief decoration of dragons sporting in waves",,Di. 14.5 cm,7 Song Dynasty Yuan Dynasty,Qing,,,"DR. A. BREUER, Berlin",,private,"Berlin, Germany",yes,,
1416,QUADRANGULAR VESSEL,item,Lacquer,Containers,plant derived materials; lacquer,"red and buff lacquer, with square sides. Design of dragons in clouds",Mark and period of Chia-ching,W. 32.4 cm L. 32.4 cm,7 Song Dynasty Yuan Dynasty,Ming,,,"THE ROYAL SCOTTISH MUSEUM, Edinburgh",,museum,"Edinburgh, U.K.",yes,,
1417,BRUSH POT,item,Lacquer,Furnishings,plant derived materials; lacquer,"lacquer, with panels of dragons in black and gold on red ground",,H. 22.9 cm,7 Song Dynasty Yuan Dynasty,Ming,,,"THE ROYAL SCOTTISH MUSEUM, Edinburgh",,museum,"Edinburgh, U.K.",yes,,
1418,QUADRANGULAR VESSEL,item,Lacquer,Containers;,plant derived materials; lacquer,"carved red lacquer, figures and waves",,L. 32.4 cm W. 32.4 cm,7 Song Dynasty Yuan Dynasty,Ming,,,"THE METROPOLITAN MUSEUM OF ART, New York",,museum,"New York, U.S.A.",yes,,
1419,TRAY,item,Lacquer,Containers;,plant derived materials; lacquer,lacquered wood,,W. 16 cm L. 16 cm,7 Song Dynasty Yuan Dynasty,Ming,,,"THE GERMAN STATE MUSEUMS, Berlin",,museum,"Berlin, Germany",yes,,
1420,PLATE,item,Lacquer,Containers;,plant derived materials; lacquer,carved red lacquer,Mark and period of Hsüan-tê,Di. 31.1 cm,7 Song Dynasty Yuan Dynasty,Ming,,,THE CHINESE GOVERNMENT,,government,China,,,
1421,BOX FOR TEMPLE IMPLEMENTS,item,Lacquer,Containers;,plant derived materials; lacquer,"black lacquer, with polychrome decoration of elephant",,H. 15 cm,7 Song Dynasty Yuan Dynasty,Qing,,,"DR. A. BREUER, Berlin",,private,"Berlin, Germany",yes,,
1422,INCENSE BOX,item,Lacquer,Containers;,plant derived materials; lacquer,"lacquer, with decoration of dragon and clouds in red, green, yellow and brown",,H. 4 cm,7 Song Dynasty Yuan Dynasty,Ming,,,"DR. A. BREUER, Berlin",,private,"Berlin, Germany",,,
1423,CIRCULAR BOX AND COVER,item,Lacquer,Containers;,plant derived materials; lacquer,red lacquer with gold dragons,,Di. 8 cm,7 Song Dynasty Yuan Dynasty,Ming,,,"DR. H. K. WESTENDORP, Amsterdam, Holland",,private,"Amsterdam, Netherlands",,,
1424,BOX,item,Lacquer,Containers;,plant derived materials; lacquer,lacquered leather,,L. 31 cm,7 Song Dynasty Yuan Dynasty,Ming,,,"THE GERMAN STATE MUSEUMS, Berlin",,museum,"Berlin, Germany",yes,,
1425,BOX,item,Lacquer,Containers;,plant derived materials; lacquer,"red and yellow lacquer, with design of bitch and puppies",,D. 6 cm,7 Song Dynasty Yuan Dynasty,Qing,,,"F. TIKOTIN, Amsterdam",,private,"Amsterdam, Netherlands",,,
1426,OCTAGONAL BOX AND COVER,item,Lacquer,Containers;,plant derived materials; lacquer,"red lacquer, with sprays of mallows in black and gold",,H. 25.5 cm W. 8.5 cm,7 Song Dynasty Yuan Dynasty,Qing,,,"DR. H. K. WESTENDORP, Amsterdam, Holland",,private,"Amsterdam, Netherlands",,,
1427,TRAY,item,Lacquer,Containers;,plant derived materials; lacquer,"lacquered wood, landscape",,W. 27.5 cm L. 40.5 cm,7 Song Dynasty Yuan Dynasty,Ming,,,"THE GERMAN STATE MUSEUMS, Berlin",,museum,"Berlin, Germany",yes,,
1428,CIRCULAR BOX AND COVER,item,Lacquer,Containers;,plant derived materials; lacquer,"black lacquer, with Emperor and cortège in mother-of-pearl",,Di. 11 cm,7 Song Dynasty Yuan Dynasty,Ming,,,"DR. H. K. WESTENDORP, Amsterdam, Holland",,private,"Amsterdam, Netherlands",yes,,
1429,CIRCULAR BOX AND COVER,item,Lacquer,Containers;,plant derived materials; lacquer,"carved red lacquer, landscape and figure",Mark and period of Yung-lo,Di. 37.4 cm,7 Song Dynasty Yuan Dynasty,Ming,,,"SPINK AND SON, LTD., London",,private,"London, U.K.",yes,,
1430,ROUND BOX,item,Lacquer,Containers;,plant derived materials; lacquer,lacquered wood,,Di. 13 cm,7 Song Dynasty Yuan Dynasty,Song,,,"THE GERMAN STATE MUSEUMS, Berlin",,museum,"Berlin, Germany",,,
1431,Album painting in ink on paper,item,Paintings and Calligraphy,Figure,plant derived materials; paper,The Drunken Poet Li Po,,24 by 21 cm,8 Early Ming Dynasty,Ming,,T'ANG YIN (A.D. 1470-1523) (attributed to),"MR. AND MRS. G. DEL DRAGO, New York",,private,"New York, U.S.A.",,,
1432,Painting in ink on silk,item,Paintings and Calligraphy,Figure,textiles; silk,A Lady Asleep on a Leaf. In the style of the artist,,H. 20 cm W. 60 cm,8 Early Ming Dynasty,Ming,,T'ANG YIN (A.D. 1470-1523) (attributed to),"A. W. BAHR, Weybridge",,private,"Surrey, U.K.",,,
1433,VASE,item,Ceramics,porcelain,ceramics; porcelain,"decorated in panels, in underglaze blue",,H. 42 cm,8 Early Ming Dynasty,Ming,,,"THE TOPKAPU SARAY MUSEUM, Istanbul",,museum,"Istanbul, Turkey",yes,,
1434,VASE,item,Ceramics,porcelain,ceramics; porcelain,"bottle-shaped, decorated with a dragon in underglaze blue",,H. 24.9 cm,8 Early Ming Dynasty,Song,,,"C. E. RUSSELL, London",,private,"London, U.K.",yes,,
1435,BOTTLE,item,Ceramics,porcelain,ceramics; porcelain,"decorated with peony scrolls, in mottled underglaze blue",,H. 25.2 cm,8 Early Ming Dynasty,Ming,,,"H. J. OPPENHEIM, London",,private,"London, U.K.",yes,,
1436,SMALL POT AND COVER,item,Ceramics,porcelain,ceramics; porcelain,"with lotus scrolls, in underglaze blue",,H. 7.6 cm,8 Early Ming Dynasty,Ming,,,"MR. AND MRS. ALFRED CLARK, Iver Heath, Bucks",,private,"Buckinghamshire, U.K.",yes,,
1437,JUG,item,Ceramics,porcelain,ceramics; porcelain,"of Turkish shape, with decoration of pomegranate flowers in underglaze blue",Mark of Hsüan-tê period Ming Dynasty,H. 13.6 cm,8 Early Ming Dynasty,Ming,,,"SIR PERCIVAL DAVID, BT., London",,private,"London, U.K.",,,
1438,VASE,item,Ceramics,porcelain,ceramics; porcelain,"of baluster form, with spreading lip, decorated with lotus scrolls, in underglaze blue",,H. 24.8 cm,8 Early Ming Dynasty,Ming,,,"H. J. OPPENHEIM, London",,private,"London, U.K.",yes,,
1439,VASE,item,Ceramics,porcelain,ceramics; porcelain,"of paper-beater shape, with fish handles, porcelain, painted with figures and water-weeds in underglaze blue",,H. 24.5 cm,8 Early Ming Dynasty,Ming,,,"SIR PERCIVAL DAVID, BT., London",,private,"London, U.K.",yes,,
1440,WRITER'S BOX AND COVER,item,Ceramics,porcelain,ceramics; porcelain,"porcelain, decorated in underglaze blue, garnished with rubies set in gold",,L. 28 cm,8 Early Ming Dynasty,Ming,,,"THE TOPKAPU SARAY MUSEUM, Istanbul",,museum,"Istanbul, Turkey",yes,,
1441,CUP,item,Ceramics,porcelain,ceramics; porcelain(enamelled),"in the form of a lotus leaf, decorated in underglaze blue and green enamel",Mark of Hsüan-tê period,L. 15 cm,8 Early Ming Dynasty,Ming,,,THE BRITISH MUSEUM (Eumorfopoulos Collection),,museum,"London, U.K.",yes,,
1442,STEM-CUP,item,Ceramics,porcelain,ceramics; porcelain,decorated inside with a sage and a willow in underglaze blue,,Di. 8.8 cm,8 Early Ming Dynasty,Ming,,,"H. J. OPPENHEIM, London",,private,"London, U.K.",yes,,
1443,VASE,item,Ceramics,porcelain,ceramics; porcelain,"bottle-shaped, with band of incised lotus pattern in a ground of underglaze red",,H. 30 cm,8 Early Ming Dynasty,Song,,,"SIR PERCIVAL DAVID, BT., London",,private,"London, U.K.",yes,,
1444,VASE,item,Ceramics,porcelain,ceramics; porcelain,"bottle shaped, with underglaze red decoration",,H. 22.8 cm,8 Early Ming Dynasty,Ming,,,"MR. AND MRS. ALFRED CLARK, Iver Heath, Bucks",,private,"Buckinghamshire, U.K.",yes,,
1445,LAMP,item,Ceramics,porcelain,ceramics; porcelain,"in three parts, porcelain with lotus scroll in underglaze blue",Mark of Ch'êng-hua period,Di. 20.5 cm,8 Early Ming Dynasty,Ming,,,"SIR PERCIVAL DAVID, BT., London",,private,"London, U.K.",yes,,
1446,COVERED JAR,item,Ceramics,porcelain,ceramics; porcelain,"of blue and white, decorated with floral scrolls",,H. 11.4 cm,8 Early Ming Dynasty,Ming,,,"MR. AND MRS. ALFRED CLARK, Iver Heath, Bucks",,private,"Buckinghamshire, U.K.",yes,,
1447,VASE,item,Ceramics,porcelain,ceramics; porcelain,"beaker-shaped, porcelain, with convolvulus in dark underglaze blue in a yellow ground",,H. 14 cm,8 Early Ming Dynasty,Ming,,,"SIR PERCIVAL DAVID, BT., London",,private,"London, U.K.",yes,,
1448,BOWL,item,Ceramics,porcelain,ceramics; porcelain,with floral scrolls in underglaze blue in a yellow ground,Mark of Hsüan-tê period,Di. 16 cm,8 Early Ming Dynasty,Ming,,,"SIR PERCIVAL DAVID, BT., London",,private,"London, U.K.",yes,,
1449,DISH,item,Ceramics,porcelain,ceramics; porcelain,"porcelain, with grape vine and flowers in mottled underglaze blue",,Di. 43.2 cm,8 Early Ming Dynasty,Ming,,,"MR. AND MRS. WALTER SEDGWICK, London",,private,"London, U.K.",,,
1450,CUP,item,Ceramics,porcelain,ceramics; porcelain,painted in underglaze blue with design of bird on bough,Mark of Hsüan-tê period,Di. 9.1 cm,8 Early Ming Dynasty,Ming,,,"MR. AND MRS. WALTER SEDGWICK, London",,private,"London, U.K.",yes,,
1451,CUP WITH HANDLE,item,Ceramics,porcelain,ceramics; porcelain,and decoration of fungus scrolls in underglaze blue,,H. 5.5 cm,8 Early Ming Dynasty,Ming,,,"SIR PERCIVAL DAVID, BT., London",,private,"London, U.K.",,,
1452,SAUCER DISH,item,Ceramics,porcelain,ceramics; porcelain,"with decoration of two phoenixes, in underglaze blue",Mark of Hsüan-tê period,Di. 19.6 cm,8 Early Ming Dynasty,Ming,,,"PROFESSOR AND MRS. C. G. SELIGMAN, Toot Baldon, Oxford",,private,"Oxfordshire, U.K.",,,
1453,BRUSH REST,item,Ceramics,porcelain,ceramics; porcelain,"in the form of Chang Ch'ien on a log raft, porcelain, with touches of underglaze blue",Mark of Hsüan-tê period,L. 15.5 cm,8 Early Ming Dynasty,Ming,,,"MUSÉE DU LOUVRE, Paris",,museum,"Paris, France",yes,,
1454,STEM-CUP,item,Ceramics,porcelain,ceramics; porcelain,"petal-shaped, with panels of dragons and phoenixes in underglaze blue",Mark of Hsüan-tê period,H. 11.2 cm,8 Early Ming Dynasty,Ming,,,"H. LAURITZEN, Stockholm",,private,"Stockholm, Sweden",yes,,
1455,BASIN,item,Ceramics,porcelain,ceramics; porcelain,"with decoration of pine, bamboo and prunus in underglaze blue",Mark of Hsüan-tê period,Di. 29.5 cm,8 Early Ming Dynasty,Ming,,,"SIR PERCIVAL DAVID, BT., London",,private,"London, U.K.",yes,,
1456,SAUCER DISH,item,Ceramics,porcelain,ceramics; porcelain,with decoration of dragon and waves in underglaze blue,Mark of Hsüan-tê period,Di. 20.3 cm,8 Early Ming Dynasty,Ming,,,"PROFESSOR AND MRS. C. G. SELIGMAN, Toot Baldon, Oxford",,private,"Oxfordshire, U.K.",yes,,
1457,WRITING BRUSH,item,Ceramics,porcelain,ceramics; porcelain,"with porcelain holder, decorated in underglaze blue",Mark of Wan-li period,L. 30.5 cm,8 Early Ming Dynasty,Ming,,,"SIR PERCIVAL DAVID, BT., London",,private,"London, U.K.",yes,,
1458,DISH,item,Ceramics,porcelain,ceramics; porcelain,with figure decoration in underglaze blue,Mark of Hung-wu period,Di. 12.9 cm,8 Early Ming Dynasty,Ming,,,"MR. AND MRS. ALFRED CLARK, Iver Heath, Bucks",,private,"Buckinghamshire, U.K.",yes,,
1459,VASE,item,Ceramics,porcelain,ceramics; porcelain,"bottle-shaped, porcelain, painted with bird on bough in dark mottled blue under the glaze",,H. 34 cm,8 Early Ming Dynasty,Ming,,,"SIR PERCIVAL DAVID, BT., London",,private,"London, U.K.",yes,,
1460,BOWL,item,Ceramics,porcelain,ceramics; porcelain,with crackled glaze and dragons and clouds in underglaze blue,,H. 15 cm,8 Early Ming Dynasty,Ming,,,"THE TOPKAPU SARAY MUSEUM, Istanbul",,museum,"Istanbul, Turkey",yes,,
1461,JAR AND COVER,item,Ceramics,porcelain,ceramics; porcelain,decorated with lotus scrolls in underglaze blue,Mark of Hsüan-tê period,H. 29 cm,8 Early Ming Dynasty,Ming,,,"SIR PERCIVAL DAVID, BT., London",,private,"London, U.K.",yes,,
1462,DISH,item,Ceramics,porcelain,ceramics; porcelain,decorated with flower scrolls in mottled underglaze blue,,Di. 33.5 cm,8 Early Ming Dynasty,Ming,,,"SIR PERCIVAL DAVID, BT., London",,private,"London, U.K.",,,
1463,BOWL,item,Ceramics,porcelain,ceramics; porcelain,painted in pale underglaze blue with landscape and birds,Mark of Hsüan-tê period,Di. 12 cm,8 Early Ming Dynasty,Ming,,,"STAATLICHE PORZELLANSAMMLUNG, Dresden",,private,"Saxony, Germany",yes,,
1464,BOX AND COVER,item,Ceramics,porcelain,ceramics; porcelain,"of six-foil shape, decorated in underglaze blue with the Taoist Immortal Ho Hsien-ku",,Di. 11.1 cm,8 Early Ming Dynasty,Ming,,,"H. J. OPPENHEIM, London",,private,"London, U.K.",yes,,
1465,WATER POT,item,Ceramics,porcelain,ceramics; porcelain,"in the form of a seated elephant, decorated in underglaze blue and iron red",,L. 8 cm,8 Early Ming Dynasty,Ming,,,"SIR PERCIVAL DAVID, BT., London",,private,"London, U.K.",yes,,
1466,VASE,item,Ceramics,porcelain,ceramics; porcelain,decorated with trees and flowers in underglaze blue,,H. 43 cm,8 Early Ming Dynasty,Ming,,,"THE TOPKAPU SARAY MUSEUM, Istanbul",,museum,"Istanbul, Turkey",yes,,
1467,EWER,item,Ceramics,porcelain,ceramics; porcelain,"porcelain, with scrolls in underglaze blue",,H. 19 cm,8 Early Ming Dynasty,Ming,,,THE BRITISH MUSEUM (Eumorfopoulos Collection),,museum,"London, U.K.",,,
1468,BRUSH WASHER,item,Ceramics,porcelain,ceramics; porcelain,decorated with fish and water-weeds in underglaze blue,Mark of Hsüan-tê period,Di. 18 cm,8 Early Ming Dynasty,Ming,,,"PETER BOODE, London",,private,"London, U.K.",yes,,
1469,STEM-CUP,item,Ceramics,porcelain,ceramics; porcelain,"""soft paste"" porcelain, with lily scrolls in underglaze blue",Mark of Hsüan-tê period,H. 9.2 cm,8 Early Ming Dynasty,Ming,,,"SIR PERCIVAL DAVID, BT., London",,private,"London, U.K.",yes,,
1470,FLASK,item,Ceramics,porcelain,ceramics; porcelain,with peony design in mottled underglaze blue,Incised with the name of the Mogul Emperor Aurangzeb,H. 21.8 cm,8 Early Ming Dynasty,Ming,,,"MR. AND MRS. WALTER SEDGWICK, London",,private,"London, U.K.",yes,,
1471,BOWL,item,Ceramics,porcelain,ceramics; porcelain,"decorated with pine, prunus and bamboo in underglaze blue",,Di. 22 cm,8 Early Ming Dynasty,Ming,,,"THE TOPKAPU SARAY MUSEUM, Istanbul",,museum,"Istanbul, Turkey",yes,,
1472,FLASK,item,Ceramics,porcelain,ceramics; porcelain,"porcelain, with dragon designs in underglaze blue",,H. 35.5 cm,8 Early Ming Dynasty,Ming,,,THE VICTORIA AND ALBERT MUSEUM (Eumorfopoulos Collection),,museum,"London, U.K.",yes,,
1473,FLASK,item,Ceramics,porcelain,ceramics; porcelain,"double-gourd shape, with two loop handles, porcelain, painted in dark, mottled blue under the glaze",Mark of Hsüan-tê period,H. 26 cm,8 Early Ming Dynasty,Ming,,,"SIR PERCIVAL DAVID, BT., London",,private,"London, U.K.",yes,,
1474,DOUBLE-GOURD,item,Ceramics,porcelain,ceramics; porcelain,"porcelain, with scrolls in underglaze blue",,H. 16.5 cm,8 Early Ming Dynasty,Ming,,,"MR. AND MRS. WALTER SEDGWICK, London",,private,"London, U.K.",yes,,
1475,VASE,item,Ceramics,porcelain,ceramics; porcelain,"of baluster form, with floral scrolls in underglaze blue",,H. 39.3 cm,8 Early Ming Dynasty,Ming,,,"MR. AND MRS. ALFRED CLARK, Iver Heath, Bucks",,private,"Buckinghamshire, U.K.",yes,,
1476,TEMPLE VASE,item,Ceramics,porcelain,ceramics; porcelain,"with elephant-head handles, decorated with dragons and clouds in underglaze blue",Inscribed and dated A.D. 1352,H. 63 cm,8 Early Ming Dynasty,Yuan,,,"SIR PERCIVAL DAVID, BT., London",,private,"London, U.K.",yes,,
1477,BOWL,item,Ceramics,porcelain,ceramics; porcelain,"suspended by chains from a handle, with two dragon heads, white porcelain",,Di. 12.5 cm,8 Early Ming Dynasty,Qing,,,"SIR PERCIVAL DAVID, BT., London",,private,"London, U.K.",yes,,
1478,BOWL,item,Ceramics,porcelain,ceramics; porcelain,with incised designs of Eight Buddhist Emblems under white glaze,Mark of Hsüan-tê period,H. 8.3 cm,8 Early Ming Dynasty,Ming,,,"C. KEMPE, Stockholm",,private,"Stockholm, Sweden",,,
1479,BOWL,item,Ceramics,porcelain,ceramics; porcelain,"porcelain, with bluish (ying ch'ing) glaze",,Di. 20.3 cm,8 Early Ming Dynasty,Song,,,"ALAN BARLOW, C.B., C.B.E., Wendover, Bucks",,private,"Buckinghamshire, U.K.",yes,,
1480,DISH,item,Ceramics,porcelain,ceramics; porcelain,with white floral decoration in ground of blue glaze,,Di. 29.5 cm,8 Early Ming Dynasty,Ming,,,"MR. AND MRS. WALTER SEDGWICK, London",,private,"London, U.K.",yes,,
1481,BOWL,item,Ceramics,porcelain,ceramics; porcelain,"porcelain, with intense blue glaze covering an incised dragon design",On the base is inscribed an Imperial poem of the Qianlong period,Di. 21 cm,8 Early Ming Dynasty,Ming,,,"SIR PERCIVAL DAVID, BT., London",,private,"London, U.K.",yes,,
1482,CIRCULAR TRAY,item,Ceramics,porcelain,ceramics; porcelain,"porcelain, with dragon and pearl in white relief in a deep blue glaze",,Di. 19.4 cm,8 Early Ming Dynasty,Ming,,,"H. J. OPPENHEIM, London",,private,"London, U.K.",yes,,
1483,BOWL,item,Ceramics,porcelain,ceramics; porcelain,"white porcelain, with decoration of birds on branch in slip",Mark of Hsüan-tê period,Di. 11.4 cm,8 Early Ming Dynasty,Ming,,,"C. KEMPE, Stockholm",,private,"Stockholm, Sweden",,,
1484,BOWL,item,Ceramics,porcelain,ceramics; porcelain,"white porcelain, with prunus designs in slip",Mark of Hsüan-tê period,Di. 17.8 cm,8 Early Ming Dynasty,Ming,,,"THE TOPKAPU SARAY MUSEUM, Istanbul",,museum,"Istanbul, Turkey",,,
1485,DICE-BOWL,item,Ceramics,porcelain,ceramics; porcelain,"porcelain, with exterior covered with a heavily mottled purplish blue under the glaze",Mark of Hsüan-tê period in interior,Di. 25.4 cm,8 Early Ming Dynasty,Ming,,,"SIR PERCIVAL DAVID, BT., London",,private,"London, U.K.",yes,,
1486,LAMP,item,Ceramics,porcelain,ceramics; porcelain,with blue glaze and white slip ornament,,H. 4.3 cm,8 Early Ming Dynasty,Ming,,,"MR. AND MRS. ALFRED CLARK, Iver Heath, Bucks",,private,"Buckinghamshire, U.K.",yes,,
1487,VASE,item,Ceramics,porcelain,ceramics; porcelain,with coiled dragon in relief and blue glaze,,H. 31 cm,8 Early Ming Dynasty,Ming,,,"S. D. WINKWORTH, Walton-on-the-Hill, Surrey",,private,"Surrey, U.K.",,,
1488,VASE,item,Ceramics,porcelain,ceramics; porcelain,with peony scrolls in underglaze blue. Made by a Chinese potter in Annam。,with inscription,H. 54 cm,8 Early Ming Dynasty,Ming,,,"THE TOPKAPU SARAY MUSEUM, Istanbul",,museum,"Istanbul, Turkey",yes,,
1489,PLATE,item,Ceramics,porcelain,ceramics; porcelain,"decorated with trees, rocks and flowers in underglaze blue",,Di. 64 cm,8 Early Ming Dynasty,Ming,,,"THE TOPKAPU SARAY MUSEUM, Istanbul",,museum,"Istanbul, Turkey",yes,,
1490,INK-PALLET (yen),item,Ceramics,porcelain,ceramics; porcelain,"porcelain, decorated in underglaze greyish-blue",,Di. 9 cm,8 Early Ming Dynasty,Ming,,,"SIR PERCIVAL DAVID, BT., London",,private,"London, U.K.",yes,,
1491,BOWL,item,Ceramics,porcelain,ceramics; porcelain,"porcelain, with eight Buddhist Emblems in underglaze blue",Mark of Hsüan-tê period,Di. 11 cm,8 Early Ming Dynasty,Ming,,,"F. SCHILLER, Betchworth, Surrey",,private,"Surrey, U.K.",,,
1492,VASE,item,Ceramics,porcelain,ceramics; porcelain,"in flask shape, with decoration of birds and flowers in underglaze blue",,H. 31 cm,8 Early Ming Dynasty,Ming,,,"SIR PERCIVAL DAVID, BT., London",,private,"London, U.K.",yes,,
1493,BOWL,item,Ceramics,porcelain,ceramics; porcelain,"porcelain, painted with a gourd vine in underglaze blue",Mark of Ch'êng-hua in blue,Di. 15.5 cm,8 Early Ming Dynasty,Ming,,,"SIR PERCIVAL DAVID, BT., London",,private,"London, U.K.",yes,,
1494,BOWL,item,Ceramics,porcelain,ceramics; porcelain,decorated with peony scrolls in underglaze blue,Mark of Ch'êng-hua period,Di. 15 cm,8 Early Ming Dynasty,Ming,,,"SIR PERCIVAL DAVID, BT., London",,private,"London, U.K.",,,
1495,GOBLET,item,Ceramics,porcelain,ceramics; porcelain,"blue and white, with fungus scrolls",Mark of Ch'êng-hua period,H. 12.2 cm,8 Early Ming Dynasty,Ming,,,"C. E. RUSSELL, London",,private,"London, U.K.",yes,,
1496,FLASK,item,Ceramics,porcelain,ceramics; porcelain,"with figure subjects, in underglaze blue",,H. 30 cm,8 Early Ming Dynasty,Ming,,,"THE TOPKAPU SARAY MUSEUM, Istanbul",,museum,"Istanbul, Turkey",yes,,
1497,BOWL,item,Ceramics,porcelain,ceramics; porcelain,"conical, decorated with lotus plants in pale underglaze blue",Mark of Hsüan-tê period,Di. 11.2 cm,8 Early Ming Dynasty,Ming,,,"SIR PERCIVAL DAVID, BT., London",,private,"London, U.K.",yes,,
1498,ORNAMENT,item,Ceramics,porcelain,ceramics; porcelain,"in form of sampan, decoration in underglaze blue",,L. 13 cm,8 Early Ming Dynasty,Ming,,,"SIR PERCIVAL DAVID, BT., London",,private,"London, U.K.",yes,,
1499,BOX AND COVER,item,Ceramics,porcelain,ceramics; porcelain,decorated outside and inside with figures in a landscape and flowering designs in underglaze blue,Mark of Ch'êng-hua period,Di. 17.5 cm,8 Early Ming Dynasty,Ming,,,"SIR PERCIVAL DAVID, BT., London",,private,"London, U.K.",yes,,
1500,WATER POT,item,Ceramics,porcelain,ceramics; porcelain,"in the form of a tortoise, white porcelain, with underglaze blue colouring",,L. 7.3 cm,8 Early Ming Dynasty,Ming,,,THE BRITISH MUSEUM (Eumorfopoulos Collection),,museum,"London, U.K.",yes,,
1501,BOWL,item,Ceramics,porcelain,ceramics; porcelain,with children at play in pale underglaze blue,Mark of Hsüan-tê,Di. 10.4 cm,8 Early Ming Dynasty,Ming,,,"MR. AND MRS. ALFRED CLARK, Iver Heath, Bucks",,private,"Buckinghamshire, U.K.",,,
1502,BOWL,item,Ceramics,porcelain,ceramics; porcelain,with lily scrolls in underglaze blue,Mark of Ch'êng-hua period,Di. 15.2 cm,8 Early Ming Dynasty,Ming,,,"SIR PERCIVAL DAVID, BT., London",,private,"London, U.K.",yes,,
1503,BOWL,item,Ceramics,porcelain,ceramics; porcelain,decorated in underglaze blue with a figure subject,Mark of Hsüan-tê period,Di. 10.7 cm,8 Early Ming Dynasty,Ming,,,"H. J. OPPENHEIM, London",,private,"London, U.K.",,,
1504,BOWL,item,Ceramics,porcelain,ceramics; porcelain,"porcelain, delicately painted with a landscape in blue. Copper rim",Marked san t'ai chih chi'i (Fine Vessel for the Terrace Pavilion),Di. 14 cm,8 Early Ming Dynasty,Ming,,,"SIR PERCIVAL DAVID, BT., London",,private,"London, U.K.",yes,,
1505,FLASK,item,Ceramics,porcelain,ceramics; porcelain,decorated with flowering plants in underglaze blue,,H. 30 cm,8 Early Ming Dynasty,Ming,,,"THE TOPKAPU SARAY MUSEUM, Istanbul",,museum,"Istanbul, Turkey",yes,,
1506,FLASK,item,Ceramics,porcelain,ceramics; porcelain,"porcelain, with etched dragon design in a ground of underglaze blue waves",,H. 44 cm,8 Early Ming Dynasty,Ming,,,"SIR PERCIVAL DAVID, BT., London",,private,"London, U.K.",yes,,
1507,VASE,item,Ceramics,porcelain,ceramics; porcelain,"of baluster form, with flaring mouth, decorated with peony scrolls and formal ornament in blue and red under a crackled glaze",,H. 59.5 cm,8 Early Ming Dynasty,Ming,,,"MUSÉE DU LOUVRE, Paris",,museum,"Paris, France",yes,,
1508,EWER,item,Ceramics,porcelain,ceramics; porcelain,"porcelain, decorated in underglaze red",,H. 32.5 cm,8 Early Ming Dynasty,Ming,,,"DR. J. HELLNER, Stockholm",,private,"Stockholm, Sweden",yes,,
1509,STEM-CUP,item,Ceramics,porcelain,ceramics; porcelain,decorated with three fishes in underglaze red,Mark of Hsüan-tê period,H. 12.6 cm,8 Early Ming Dynasty,Ming,,,THE VICTORIA AND ALBERT MUSEUM (Eumorfopoulos Collection),,museum,"London, U.K.",yes,,
1510,BOWL,item,Ceramics,porcelain,ceramics; porcelain.,"porcelain, with dappled red glaze, faintly crackled.",On the base is inscribed an Imperial poem of the Qianlong period,Di. 22.8 cm,8 Early Ming Dynasty,Ming,,,"SIR PERCIVAL DAVID, BT., London","From the Imperial Collection, Peking",private,"London, U.K.",yes,,
1511,WATER POT,item,Ceramics,porcelain,ceramics; porcelain,"in the form of a persimmon, decorated with underglaze blue and red",Mark of Ch'êng-hua period,W. 7.5 cm,8 Early Ming Dynasty,Ming,,,H.R.H. THE CROWN PRINCE OF SWEDEN,,private,"Stockholm, Sweden",yes,,
1512,DISH,item,Ceramics,porcelain,ceramics; porcelain,with deep red glaze,Mark of Hsüan-tê period,Di. 19.7 cm,8 Early Ming Dynasty,Ming,,,"SIR PERCIVAL DAVID, BT., London",,private,"London, U.K.",,,
1513,BOWL,item,Ceramics,porcelain,ceramics; porcelain,with deep red glaze,Incised mark of Hsüan-tê period,Di. 12.4 cm,8 Early Ming Dynasty,Ming,,,"MR. AND MRS. ALFRED CLARK, Iver Heath, Bucks",,private,"Buckinghamshire, U.K.",yes,,
1514,BOWL,item,Ceramics,porcelain,ceramics; porcelain,"porcelain, with dragons in red and mottled blue under the glaze",Mark of Hsüan-tê period,Di. 17.2 cm,8 Early Ming Dynasty,Ming,,,"SIR PERCIVAL DAVID, BT., London",,private,"London, U.K.",yes,,
1515,WATER POT,item,Ceramics,porcelain,ceramics; porcelain,"in the form of a peach, with underglaze red markings in a crackled glaze",,H. 7.5 cm,8 Early Ming Dynasty,Ming,,,"DR. J. HELLNER, Stockholm",,private,"Stockholm, Sweden",yes,,
1516,ROUGE POT AND COVER,item,Ceramics,porcelain,ceramics; porcelain,with lotus scrolls in underglaze red,Mark of Chia-ching period,Di. 6.5 cm,8 Early Ming Dynasty,Ming,,,"SIR PERCIVAL DAVID, BT., London",,private,"London, U.K.",yes,,
1517,SQUARE BOWL,item,Ceramics,porcelain,ceramics; porcelain,with deep red glaze,,H. 6.2 cm,8 Early Ming Dynasty,Ming,,,"SIR PERCIVAL DAVID, BT., London",,private,"London, U.K.",yes,,
1518,WATER POT,item,Ceramics,porcelain,ceramics; porcelain,with deep crimson (chi hung) glaze on the exterior,Incised mark of Hsüan-tê period,Di. 7.5 cm,8 Early Ming Dynasty,Ming,,,"H. J. OPPENHEIM, London",,private,"London, U.K.",yes,,
1519,DISH,item,Ceramics,porcelain,ceramics; porcelain,decorated with dragons in slip under a copper-red glaze,,Di. 17 cm,8 Early Ming Dynasty,Ming,,,"THE HON. M. W. ELPHINSTONE, London",,private,"London, U.K.",,,
1520,DISH,item,Ceramics,porcelain,ceramics; porcelain,"porcelain, with copper-red glaze",Mark of Hsüan-tê period,Di. 21.6 cm,8 Early Ming Dynasty,Ming,,,"THE HON. M. W. ELPHINSTONE, London",,private,"London, U.K.",,,
1521,BOTTLE,item,Ceramics,porcelain,ceramics; porcelain,with three monster masks and rings in white in a ground of red glaze,Mark of Hsüan-tê period,H. 17.8 cm,8 Early Ming Dynasty,Ming,,,"SIR PERCIVAL DAVID, BT., London",,private,"London, U.K.",yes,,
1522,STEM-CUP,item,Ceramics,porcelain,ceramics; porcelain,with decoration of waves and dragons in underglaze blue and red,,Di. 15 cm,8 Early Ming Dynasty,Ming,,,"SIR PERCIVAL DAVID, BT., London",,private,"London, U.K.",yes,,
1523,WATER POT,item,Ceramics,porcelain,ceramics; porcelain,"porcelain, with copper-red glaze",Mark of Hsüan-tê period,H. 5.1 cm,8 Early Ming Dynasty,Ming,,,"THE ROYAL SCOTTISH MUSEUM, Edinburgh",,museum,"Edinburgh, U.K.",yes,,
1524,CUP,item,Ceramics,porcelain,ceramics; porcelain,"of peach form, in bluish-white glazed porcelain, with irregular patches of crimson",,Di. 8.8 cm,8 Early Ming Dynasty,Ming,,,"H. J. OPPENHEIM, London",,private,"London, U.K.",yes,,
1525,STEM-CUP,item,Ceramics,porcelain,ceramics; porcelain,"white porcelain, with three fishes in underglaze red on the exterior",Mark of Hsüan-tê period in blue,H. 8 cm,8 Early Ming Dynasty,Ming,,,"SIR PERCIVAL DAVID, BT., London",,private,"London, U.K.",yes,,
1526,Painting in ink on paper,item,Paintings and Calligraphy,Landscape,plant derived materials; paper,Landscape,,H. 56 cm W. 43.8 cm,8 Early Ming Dynasty,Qing,,WANG YÜAN-CH'I (A.D. 1642-1715),THE BRITISH MUSEUM (Eumorfopoulos Collection),,museum,"London, U.K.",yes,,
1527,Painting in ink on paper,item,Paintings and Calligraphy,Animal and plants,plant derived materials; paper,Cabbage,,H. 119 cm W. 46.5 cm,8 Early Ming Dynasty,Ming,,MA SHIH-TA (Ming Dynasty),"A. W. BAHR, Weybridge",,private,"Surrey, U.K.",yes,,
1528,Painting in colour on paper,item,Paintings and Calligraphy,Scholar painting,plant derived materials; paper,Gathering of Literati in a Mountain Retreat,Signed and dated A.D. 1404 by the artist,H. 129.4 cm W. 51.4 cm,8 Early Ming Dynasty,Ming,,WANG FU (A.D. 1362-1416),THE CHINESE GOVERNMENT,,government,China,,,
1529,Painting in ink on paper,item,Paintings and Calligraphy,Scholar painting,plant derived materials; paper,The Tung Kang Thatched House. In the style of Ni Tsan。,signed by the artist and dated 1629,H. 87.4 cm W. 65.3 cm,8 Early Ming Dynasty,Ming,,TUNG CH'I-CH'ANG (A.D. 1555-1636),THE CHINESE GOVERNMENT,,government,China,yes,,
1530,Painting in ink on paper,item,Paintings and Calligraphy,Scholar painting,plant derived materials; paper,Three Bamboos,,H. 112.4 cm W. 26.7 cm,8 Early Ming Dynasty,Ming,,HSIA CH'ANG (A.D. 1388-1470),THE CHINESE GOVERNMENT,,government,China,,,
1531,FLOWER POT,item,Ceramics,porcelain,ceramics; porcelain,"with boughs and birds in raised outline and coloured glazes, aubergine ground",,H. 39.3 cm,8 Early Ming Dynasty,Ming,,,"G. H. BENSON, London",,private,"London, U.K.",yes,,
1532,VASE,item,Ceramics,porcelain,ceramics; porcelain,"of baluster form, with chrysanthemum handles and with chrysanthemum designs in an aubergine ground",,H. 82.5 cm,8 Early Ming Dynasty,Ming,,,"ANTHONY DE ROTHSCHILD, London",,private,"London, U.K.",,,
1533,VASE,item,Ceramics,porcelain,ceramics; porcelain,"gourd-shaped, porcelain, with Taoist Immortals in raised outline and coloured glazes. Turquoise ground",,H. 47 cm,8 Early Ming Dynasty,Ming,,,THE BRITISH MUSEUM (Eumorfopoulos Collection),,museum,"London, U.K.",yes,,
1534,DALMATIC,item,Textile,Costume,textiles,with inserted panels of Chinese damask with design of dragons in gold thread,,,8 Early Ming Dynasty,Yuan,,,"THE KUNSTINDUSTRI MUSEET, Copenhagen",,private,"Copenhagen, Denmark",yes,,
1535,WINE JAR (tsun),item,Ceramics,porcelain,ceramics; porcelain,"coarse porcelain, with minutely crackled turquoise glaze. 。",Inscription in relief on shoulder: nei fu kung yung (For general use in the Inner Palace).,H. 33 cm,8 Early Ming Dynasty,Ming,,,"SIR PERCIVAL DAVID, BT., London","From the Imperial Collection, Peking",private,"London, U.K.",yes,,
1536,BOTTLE,item,Ceramics,porcelain,ceramics; stoneware,"stoneware, with prunus design in raised outline, and bands of turquoise and aubergine glaze",,H. 27 cm,8 Early Ming Dynasty,Ming,,,THE BRITISH MUSEUM (Eumorfopoulos Collection),,museum,"London, U.K.",yes,,
1537,FIGURE OF A DIGNITARY /  /,item,Ceramics,porcelain,ceramics; porcelain,"porcelain, with coloured glazes",,H. 40.6 cm,8 Early Ming Dynasty,Ming,,,"DR. LINDLEY SCOTT, London",,private,"London, U.K.",yes,,
1538,VASE,item,Ceramics,stoneware,ceramics; stoneware,"of baluster form, stoneware, with prunus blossoms in a peacock blue ground",,H. 26 cm,8 Early Ming Dynasty,Ming,,,"ANTHONY DE ROTHSCHILD, London",,private,"London, U.K.",yes,,
1539,VASE,item,Ceramics,porcelain,ceramics; porcelain,"chrysanthemum designs, with raised outline and coloured glazes in an aubergine ground",,H. 47.6 cm,8 Early Ming Dynasty,Ming,,,"G. H. BENSON, London",,private,"London, U.K.",yes,,
1540,GARDEN SEAT /,item,Ceramics,porcelain,ceramics; porcelain,"barrel shaped, coarse porcelain, with incised and relief decoration in coloured glazes in a turquoise ground",,H. 41.6 cm,8 Early Ming Dynasty,Ming,,,"H. J. OPPENHEIM, London",,private,"London, U.K.",yes,,
1541,CARPET,item,Textile,Furnishings,textiles; wool,"wool, medallion, with deer, blue, buff, and yellow",,401 by 393.8 cm,8 Early Ming Dynasty,Ming,,,"ANTHONY DE ROTHSCHILD, London",,private,"London, U.K.",yes,,
1542,FLOWER POT,item,Ceramics,porcelain,ceramics; porcelain,"of four-foil shape, porcelain, with lotus designs in raised outline and coloured glazes in a blue ground",,H. 24.1 cm,8 Early Ming Dynasty,Ming,,,"DR. LINDLEY SCOTT, London",,private,"London, U.K.",yes,,
1543,VASE,item,Ceramics,porcelain,ceramics; porcelain,with incised decoration and coloured glazes,Inscription naming the Hung-wu period on the base,H. 55.8 cm,8 Early Ming Dynasty,Ming,,,"OSCAR RAPHAEL, London",,private,"London, U.K.",yes,,
1544,FLOWER POT,item,Ceramics,porcelain,ceramics; stoneware,"stoneware, with lotus designs in raised outline and coloured glazes, blue ground",,H. 21 cm,8 Early Ming Dynasty,Ming,,,"POTTER PALMER, Chicago",,private,"Illinois, U.S.A.",yes,,
1545,OCTAGONAL TRAY,item,Lacquer,Containers,plant derived materials; lacquer,"red lacquer, with spray of camellias in colour",,W. 40.6 cm,8 Early Ming Dynasty,Qing,,,"MRS. C. G. VERBURGT-KRAMERS, The Hague",,private,"The Hague, Netherlands",yes,,
1546,TABLE,item,Lacquer,Furnishings,plant derived materials; lacquer,"lacquer, inlaid with mother-of-pearl, prunus sprays",,H. 80 cm,8 Early Ming Dynasty,Ming,,,"MUSÉE GUIMET, Paris",,private,"Paris, France",yes,,
1547,GARDEN SEAT,item,Ceramics,porcelain,ceramics; porcelain,"porcelain, decorated with incised designs and coloured glazes in a green ground",,H. 38.5 cm,8 Early Ming Dynasty,Ming,,,"SIR PERCIVAL DAVID, BT., London",,private,"London, U.K.",yes,,
1548,VASE,item,Ceramics,porcelain,ceramics; porcelain,with lotus design in deep purple glaze,,H. 58 cm,8 Early Ming Dynasty,Ming,,,"S. D. WINKWORTH, Walton-on-the-Hill, Surrey",,private,"Surrey, U.K.",yes,,
1549,VASE,item,Ceramics,porcelain,ceramics; porcelain,"porcelain, with lotus decoration outlined in threads of clay, and filled in with ""three-colour"" glazes",,H. 37.5 cm,8 Early Ming Dynasty,Ming,,,"MUSÉE DU LOUVRE, Paris",,museum,"Paris, France",yes,,
1550,SCREEN,item,Ceramics,porcelain,ceramics; porcelain,"porcelain, with horsemen in full relief and coloured glazes",,24.7 by 24.7 cm,8 Early Ming Dynasty,Ming,,,"G. H. BENSON, London",,private,"London, U.K.",yes,,
1551,WINE JAR,item,Ceramics,porcelain,ceramics; porcelain,"porcelain, with peacock and peonies outlined in threads of clay, and filled in with ""three-colour"" glazes",,H. 34 cm,8 Early Ming Dynasty,Ming,,,"SIR PERCIVAL DAVID, BT., London",,private,"London, U.K.",,,
1552,JAR,item,Ceramics,porcelain,ceramics; porcelain,"porcelain, with decoration in raised outline and coloured glazes, turquoise ground",,H. 35.5 cm,8 Early Ming Dynasty,Ming,,,THE BRITISH MUSEUM (Eumorfopoulos Collection),,museum,"London, U.K.",yes,,
1553,VASE,item,Ceramics,porcelain,ceramics; porcelain,"with elephant-head handles, decorated with dragons and clouds in raised outline with coloured glazes in a turquoise ground",,H. 68.6 cm,8 Early Ming Dynasty,Ming,,,"DR. LINDLEY SCOTT, London",,private,"London, U.K.",yes,,
1554,VASE AND COVER,item,Ceramics,porcelain,ceramics; porcelain,with lotus design in coloured glazes in a turquoise ground,,H. 45.1 cm,8 Early Ming Dynasty,Ming,,,"THE HON. SIR EVAN CHARTERIS, K.C., London",,private,"London, U.K.",yes,,
1555,CARPET,item,Textile,Furnishings,textiles; wool,"wool, with storks in blue and yellow",,108.5 by 110 cm,8 Early Ming Dynasty,Qing,,,"PROFESSOR DR. F. SARRE, Neubabelsberg, Germany",,private,"Brandenburg, Germany",yes,,
1556,Painting in ink on paper,item,Paintings and Calligraphy,Scholar painting,plant derived materials; paper,Bamboos and Orchids,,H. 78 cm W. 34.3 cm,8 Early Ming Dynasty,Ming,,HSIANG YÜAN-PIEN (A.D. 1525-1590),THE CHINESE GOVERNMENT,,government,China,yes,,
1557,SILK TAPESTRY (k'o ssŭ),item,Textile,Furnishings,textiles; silk,"Birds and Flowers, after Shen Tzŭ-fan",,95.9 by 38.4 cm,8 Early Ming Dynasty,Song,,,THE CHINESE GOVERNMENT,,government,China,yes,,
1558,BOWL,item,Ceramics,porcelain,ceramics; porcelain(enamelled),"porcelain, with Taoist figures, in enamel colours",Mark of Hsüan-tê period,Di. 20.9 cm,8 Early Ming Dynasty,Ming,,,THE VICTORIA AND ALBERT MUSEUM (Eumorfopoulos Collection),,museum,"London, U.K.",yes,,
1559,HOT WATER BOWL,item,Ceramics,porcelain,ceramics; porcelain(enamelled),decorated in enamel colours,,Di. 16 cm,8 Early Ming Dynasty,Ming,,,"SIR PERCIVAL DAVID, BT., London",,private,"London, U.K.",yes,,
1560,JAR,item,Ceramics,porcelain,ceramics; porcelain(enamelled),"four-sided, with painted design of birds, flowering shrubs and rocks in enamels and underglaze blue",Mark of Hsüan-tê period,H. 14.9 cm,8 Early Ming Dynasty,Ming,,,"MR. AND MRS. ALFRED CLARK, Iver Heath, Bucks",,private,"Buckinghamshire, U.K.",yes,,
1561,BOWL,item,Ceramics,porcelain,ceramics; porcelain(enamelled),"with deer, storks, and prunus blossom, in enamel colours",,Di. 18 cm,8 Early Ming Dynasty,Ming,,,"MR. AND MRS. WALTER SEDGWICK, London",,private,"London, U.K.",yes,,
1562,DISH,item,Ceramics,porcelain,ceramics; porcelain(enamelled),with decoration of fish and weeds in enamel colours,,Di. 20.7 cm,8 Early Ming Dynasty,Ming,,,"F. SCHILLER, Betchworth, Surrey",,private,"Surrey, U.K.",,,
1563,BOWL,item,Ceramics,porcelain,ceramics; porcelain,"decorated with pine, bamboo and prunus",,Di. 11.3 cm,8 Early Ming Dynasty,Ming,,,"H. J. OPPENHEIM, London",,private,"London, U.K.",yes,,
1564,SQUARE DISH,item,Ceramics,porcelain,ceramics; porcelain(enamelled),"decorated with a bird and flowers, bamboo and prunus sprays, in enamel colours",,W. 10.1 cm L. 10.1 cm,8 Early Ming Dynasty,Ming,,,"H. J. OPPENHEIM, London",,private,"London, U.K.",yes,,
1565,PAIR OF WATER POTS,set,Ceramics,porcelain,ceramics; porcelain(enamelled),"in the form of wooden buckets, decorated in underglaze blue and enamels",Mark of Hsüan-tê,H. 9.6 cm,8 Early Ming Dynasty,Ming,,,"SIR PERCIVAL DAVID, BT., London",,private,"London, U.K.",yes,,
1566,BOX AND COVER,item,Ceramics,porcelain,ceramics; porcelain,with yellow and aubergine glaze,,L. 6.2 cm,8 Early Ming Dynasty,Ming,,,"F. SCHILLER, Betchworth, Surrey",,private,"Surrey, U.K.",,,
1567,INCENSE VASE,item,Ceramics,porcelain,ceramics; porcelain,"on three legs, with body moulded to represent a tree trunk, with yellow glaze and touches of aubergine",,H. 9 cm,8 Early Ming Dynasty,Ming,,,"H. J. OPPENHEIM, London",,private,"London, U.K.",yes,,
1568,BOWL,item,Ceramics,porcelain,ceramics; porcelain(enamelled),"porcelain, decorated with birds and prunus boughs in enamels",Mark of Hsüan-tê and date A.D. 1426,Di. 21.9 cm,8 Early Ming Dynasty,Ming,,,"SIR PERCIVAL DAVID, BT., London",,private,"London, U.K.",yes,,
1569,CUP,item,Ceramics,porcelain,ceramics; porcelain(enamelled),decorated with lotus in underglaze blue and red enamel,Mark of Ch'êng-hua period,Di. 8.5 cm,8 Early Ming Dynasty,Ming,,,THE CHINESE GOVERNMENT,,government,China,,,
1570,CUP,item,Ceramics,porcelain,ceramics; porcelain(enamelled),with dragons in yellow glaze outlined in red enamel,Mark of Chia-ching period,Di. 6.7 cm,8 Early Ming Dynasty,Ming,,,"SIR PERCIVAL DAVID, BT., London",,private,"London, U.K.",,,
1571,SAUCER,item,Ceramics,porcelain,ceramics; porcelain,with Imperial yellow glaze,Mark of Hsüan-tê period,Di. 12.6 cm,8 Early Ming Dynasty,Ming,,,"MR. AND MRS. ALFRED CLARK, Iver Heath, Bucks",,private,"Buckinghamshire, U.K.",,,
1572,STEM CUP,item,Ceramics,porcelain,ceramics; porcelain(enamelled),decorated with playing children in pale underglaze blue and enamel colours,Mark of Hsüan-tê period,H. 8 cm,8 Early Ming Dynasty,Ming,,,"SIR PERCIVAL DAVID, BT., London",,private,"London, U.K.",yes,,
1573,CUP,item,Ceramics,porcelain,ceramics; porcelain(enamelled),"with dragons, in red enamel",Mark of Lung-ch'ing period,Di. 6 cm,8 Early Ming Dynasty,Ming,,,"SIR PERCIVAL DAVID, BT., London",,private,"London, U.K.",,,
1574,SAUCER DISH,item,Ceramics,porcelain,ceramics; porcelain(enamelled),"with decoration and mark of Hsüan-tê, in yellow enamel",,Di. 19 cm,8 Early Ming Dynasty,Ming,,,"SIR PERCIVAL DAVID, BT., London",,private,"London, U.K.",yes,,
1575,CUP,item,Ceramics,porcelain,ceramics; porcelain(enamelled),decorated with lotus in underglaze blue and red enamel,Mark of Ch'êng-hua period,Di. 85 cm,8 Early Ming Dynasty,Ming,,,THE CHINESE GOVERNMENT,,government,China,,,
1576,BOWL,item,Ceramics,porcelain,ceramics; porcelain,"with decoration of pearl-pursuing dragons, in yellow, outlined in red",Mark of Wan-li period,Di. 15 cm,8 Early Ming Dynasty,Ming,,,"SIR PERCIVAL DAVID, BT., London",,private,"London, U.K.",,,
1577,WINE JAR,item,Ceramics,porcelain,ceramics; porcelain,"porcelain, with openwork panels and decoration in underglaze blue and red",,H. 33 cm,8 Early Ming Dynasty,Ming,,,"SIR PERCIVAL DAVID, BT., London",,private,"London, U.K.",yes,,
1578,BOWL,item,Ceramics,porcelain,ceramics; porcelain,"porcelain, with peony scrolls in underglaze red",,Di. 17 cm,8 Early Ming Dynasty,Ming,,,"THE GEMEENTE MUSEUM, The Hague, Holland",,museum,"The Hague, Netherlands",,,
1579&1592,BOWL,set,Ceramics,porcelain,ceramics; porcelain(enamelled),"of semi-bodiless porcelain (pan t'o t'ai), with foliate rim, and decoration of butterflies and scattered prunus blossoms in underglaze blue and enamel colours. Pair with No. 1592",Mark of Ch'êng-hua period,Di. 15.9 cm,8 Early Ming Dynasty,Ming,,,THE CHINESE GOVERNMENT,,government,China,yes,,
1580,PAIR OF CUPS,set,Ceramics,porcelain,ceramics; porcelain(enamelled),with decoration of chickens in underglaze blue and enamel colours,Mark of Ch'êng-hua period,H. 4.8 cm H. 4.7 cm,8 Early Ming Dynasty,Ming,,,THE CHINESE GOVERNMENT,,government,China,yes,,
1581,PAIR OF CUPS,set,Ceramics,porcelain,ceramics; porcelain(enamelled),decorated with chickens in underglaze blue and enamel colours,With a wooden case inscribed with an Imperial ode of the Qianlong period. Mark of Ch'êng-hua period,Di. 8.1 cm,8 Early Ming Dynasty,Ming,,,THE CHINESE GOVERNMENT,,government,China,yes,,
1582,WINE CUP,item,Ceramics,porcelain,ceramics; porcelain(enamelled),decorated with underglaze blue and transparent enamels,"Inscribed Ts'ui, the name of a 16th century potter. Mark of Ch'êng-hua period",Di. 6.5 cm,8 Early Ming Dynasty,Ming,,,"SIR PERCIVAL DAVID, BT., London",,private,"London, U.K.",yes,,
1583,WINE CUP,item,Ceramics,porcelain,ceramics; porcelain(enamelled),decorated with underglaze blue and transparent enamels,Mark of Ch'êng-hua period,Di. 6.5 cm,8 Early Ming Dynasty,Ming,,,"SIR PERCIVAL DAVID, BT., London",,private,"London, U.K.",,,
1584,MINIATURE VASE,item,Ceramics,porcelain,ceramics; porcelain(enamelled),"of double-gourd shape, with decoration of fishes and waves in red and yellow enamels and underglaze blue",Mark of Ch'êng-hua period,H. 6 cm,8 Early Ming Dynasty,Ming,,,"SIR PERCIVAL DAVID, BT., London",,private,"London, U.K.",,,
1585,ROUGE BOX AND COVER,item,Ceramics,porcelain,ceramics; porcelain(enamelled),"egg-shell porcelain, decorated in enamel",Mark of Ch'êng-hua period,Di. 3.5 cm,8 Early Ming Dynasty,Ming,,,"SIR PERCIVAL DAVID, BT., London",,private,"London, U.K.",yes,,
1586,PAIR OF CUPS,set,Ceramics,porcelain,ceramics; porcelain(enamelled),decorated with chickens in underglaze blue and enamel colours,Mark of Ch'êng-hua period,H. 3.5 cm Di. 7.5 cm,8 Early Ming Dynasty,Ming,,,THE CHINESE GOVERNMENT,,government,China,yes,,
1587,DEEP BOWL (yü),item,Ceramics,porcelain,ceramics; porcelain,"porcelain, painted in underglaze blue and red with cocks",Mark of Yung-lo period,Di. 10.2 cm,8 Early Ming Dynasty,Ming,,,"SIR PERCIVAL DAVID, BT., London",,private,"London, U.K.",yes,,
1588,BOWL,item,Ceramics,porcelain,ceramics; porcelain(enamelled),"egg-shell porcelain, painted on both sides in delicate translucent enamels with coinciding design of grape vine and butterflies, ""in the style of Huang Ch'üan""",Mark of Ch'êng-hua period,Di. 15.7 cm,8 Early Ming Dynasty,Ming,,,"SIR PERCIVAL DAVID, BT., London",,private,"London, U.K.",yes,,
1589,FLASK,item,Ceramics,porcelain,ceramics; porcelain(enamelled),decorated with flowering boughs in a mist in underglaze blue and enamels,Mark of Ch'êng-hua period,H. 18.2 cm,8 Early Ming Dynasty,Ming,,,"SIR PERCIVAL DAVID, BT., London",,private,"London, U.K.",yes,,
1590,BOWL,item,Ceramics,porcelain,ceramics; porcelain(enamelled),"with decoration in underglaze blue and enamel colours of Mardarin ducks and lotus flowers, dragon border",Mark of Ch'êng-hua period,Di. 16.3 cm,8 Early Ming Dynasty,Ming,,,THE CHINESE GOVERNMENT,,government,China,yes,,
1591,EWER,item,Ceramics,porcelain,ceramics; porcelain,"in the form of a phoenix, porcelain, with enamelled and jewelled decorations",,H. 21.7 cm,8 Early Ming Dynasty,Ming,,,"THE TOPKAPU SARAY MUSEUM, Istanbul",,museum,"Istanbul, Turkey",yes,,
1579&1592,BOWL,,Ceramics,porcelain,ceramics; porcelain(enamelled),"of semi-bodiless porcelain (pan t'o t'ai), with foliate rim, and decoration of butterflies and scattered prunus blossoms in underglaze blue and enamel colours. Pair with No. 1579",Mark of Ch'êng-hua period,Di. 15.9 cm,8 Early Ming Dynasty,Ming,,,THE CHINESE GOVERNMENT,,government,China,yes,,
1593,CUP,item,Ceramics,porcelain,ceramics; porcelain(enamelled),with underglaze blue and enamel colours,Mark of Ch'êng-hua period,H. 9.5 cm,8 Early Ming Dynasty,Ming,,,"MR. AND MRS. ALFRED CLARK, Iver Heath, Bucks",,private,"Buckinghamshire, U.K.",yes,,
1594,CUP,item,Ceramics,porcelain,ceramics; porcelain(enamelled),with decoration of scattered blossoms in underglaze blue and transparent enamels,Mark of Ch'êng-hua period,Di. 9.3 cm,8 Early Ming Dynasty,Ming,,,"SIR PERCIVAL DAVID, BT., London",,private,"London, U.K.",yes,,
1595,JAR,item,Ceramics,porcelain,ceramics; porcelain(enamelled),with floral decoration in coloured enamels and underglaze blue,Mark of Ch'êng-hua period,H. 9.3 cm,8 Early Ming Dynasty,Ming,,,"SIR PERCIVAL DAVID, BT., London",,private,"London, U.K.",yes,,
1596,PAIR OF CUPS,set,Ceramics,porcelain,ceramics; porcelain(enamelled),decorated with dragons in red enamel,Mark of Ch'êng-hua period in blue,H. 4 cm,8 Early Ming Dynasty,Ming,,,THE CHINESE GOVERNMENT,,government,China,yes,,
1597,BRUSH HANDLE AND COVER,item,Ceramics,porcelain,ceramics; porcelain(enamelled),"porcelain, finely painted in underglaze blue and enamels",Mark of Ch'êng-hua period,L. 19.2 cm,8 Early Ming Dynasty,Ming,,,"SIR PERCIVAL DAVID, BT., London",,private,"London, U.K.",yes,,
1598,COVERED BOX,item,Ceramics,porcelain,ceramics; porcelain(enamelled),"of oval shape, decorated with a rock and flowering plants in underglaze blue and enamel colours",Mark of Ch'êng-hua period,H. 6 cm,8 Early Ming Dynasty,Ming,,,"H. J. OPPENHEIM, London",,private,"London, U.K.",yes,,
1599,WINE CUP,item,Ceramics,porcelain,ceramics; porcelain(enamelled),decorated with longevity emblems in underglaze blue and transparent enamels,Mark of Ch'êng-hua period,Di. 6 cm,8 Early Ming Dynasty,Ming,,,"SIR PERCIVAL DAVID, BT., London",,private,"London, U.K.",,,
1600,Painting in ink on paper,item,Paintings and Calligraphy,Animal and plants,plant derived materials; paper,Pomegranate,,H. 91.8 cm W. 26.6 cm,8 Early Ming Dynasty,Ming,,HSÜ WEI (A.D. 1520-1593),THE CHINESE GOVERNMENT,,government,China,yes,,
1601,Painting in colour on paper,item,Paintings and Calligraphy,Animal and plants,plant derived materials; paper,Magnolias,,H. 124.8 cm W. 51.9 cm,8 Early Ming Dynasty,Ming,,LU CHIH (A.D. 1496-1576),THE CHINESE GOVERNMENT,,government,China,yes,,
1602,CUPBOARD,item,Lacquer,Furnishings,plant derived materials; lacquer,"lacquer, decorated with landscape and figures in gold ground and inlaid with mother-of-pearl",Inscribed,H. 268 cm W. 178 cm,8 Early Ming Dynasty,Qing,,,"MADAME WANNIECK, Paris",,private,"Paris, France",yes,,
1603,VASE,item,Ceramics,porcelain,ceramics; porcelain,"with lobed sides, porcelain, with flowers and symbols in underglaze red",,H. 49 cm,8 Early Ming Dynasty,Ming,,,THE BRITISH MUSEUM (Eumorfopoulos Collection),,museum,"London, U.K.",,,
1604,PANEL,item,Textile,Furnishings,textiles; velvet,cut-velvet,,343 by 182.9 cm,8 Early Ming Dynasty,Qing,,,"LENYGON AND MORANT, LTD., London",,private,"London, U.K.",,,
1605,Painting in ink on paper,item,Paintings and Calligraphy,Landscape,plant derived materials; paper,Clouds and Snow in Shan Yin,,H. 62.5 cm W. 25.5 cm,8 Early Ming Dynasty,Yuan,,FANG TS'UNG-I (14th century A.D.),THE CHINESE GOVERNMENT,,government,China,,,
1606,Painting in colour on paper,item,Paintings and Calligraphy,Animal and plants,plant derived materials; paper,A Bird on an Eleocoea Tree in the Autumn,,H. 136.6 cm W. 31.1 cm,8 Early Ming Dynasty,Ming,,LAN YING(active c. A.D. 1660),THE CHINESE GOVERNMENT,,government,China,yes,,
1607,PASSPORT AND ORDER FOR HORSES,item,Textile,Others,textiles; silk,silk damask in colour,,32.5 by 62 cm,8 Early Ming Dynasty,Ming,,,"HEINRICH HARDT, Berlin",,private,"Berlin, Germany",yes,,
1608,VASE (p'ing),item,Ceramics,porcelain,ceramics; porcelain,with decoration of pomegranate scrolls in underglaze red (hsien hung),,H. 33.1 cm,8 Early Ming Dynasty,Ming,,,THE CHINESE GOVERNMENT,,government,China,,,
1609,STEM-CUP,item,Ceramics,porcelain,ceramics; porcelain,with decoration of three fruits in underglaze red,,Di. 11.8 cm,8 Early Ming Dynasty,Ming,,,THE CHINESE GOVERNMENT,,government,China,yes,,
1610,SEAL VERMILION BOX,item,Ceramics,porcelain,ceramics; porcelain,with deep red glaze,,Di. 9.8 cm,8 Early Ming Dynasty,Ming,,,THE CHINESE GOVERNMENT,,government,China,yes,,
1611,STEM-CUP,item,Ceramics,porcelain,ceramics; porcelain,"white porcelain, with decoration in slip of two dragons",Mark of Yung-lo period,Di. 10.9 cm,8 Early Ming Dynasty,Ming,,,THE CHINESE GOVERNMENT,,government,China,,,
1612,SAUCE POT,item,Ceramics,porcelain,ceramics; porcelain,"with glaze of crimson (chi hung), and design of lotus petals carved in relief (chui kung)",Mark and period of Hsüan-tê,H. 10.6 cm,8 Early Ming Dynasty,Ming,,,THE CHINESE GOVERNMENT,,government,China,yes,,
1613,VASE (liu),item,Ceramics,porcelain,ceramics; porcelain,"with tubular handles, and decoration of two legendary beasts (pai tsê) in underglaze red (hsien hung)",Mark of Hsüan-tê period in red enamel,H. 15.1 cm,8 Early Ming Dynasty,Ming,,,THE CHINESE GOVERNMENT,,government,China,,,
1614,SAUCE POT,item,Ceramics,porcelain,ceramics; porcelain,"with glaze of deep blue, and decoration of lotus petals carved in relief",Mark and period of Hsüan-tê,H. 10.6 cm,8 Early Ming Dynasty,Ming,,,THE CHINESE GOVERNMENT,,government,China,,,
1615,STEM-CUP,item,Ceramics,porcelain,ceramics; porcelain,"with chi-hung (sacrificial red) glaze, raised decoration of two pearl-pursuing dragons",Incised mark of Yung-lo period,Di. 16.2 cm,8 Early Ming Dynasty,Ming,,,THE CHINESE GOVERNMENT,,government,China,,,
1616,INCENSE-BURNER,item,Ceramics,porcelain,ceramics; porcelain,"on three feet, with deep-red glaze",,H. 46.6 cm,8 Early Ming Dynasty,Ming,,,THE CHINESE GOVERNMENT,,government,China,yes,,
1617,JUG (liu),item,Ceramics,porcelain,ceramics; porcelain,"with ruby-red glaze, and mouth in the form of a priest's hat",Base and wooden stand bear Imperial inscriptions of the Qianlong and Yongzheng periods respectively,H. 20 cm,8 Early Ming Dynasty,Ming,,,THE CHINESE GOVERNMENT,,government,China,yes,,
1618,SMALL BOWL,item,Ceramics,porcelain,ceramics; porcelain,with dappled-red glaze,Incised mark of Hsüan-tê period,Di. 10 cm,8 Early Ming Dynasty,Ming,,,THE CHINESE GOVERNMENT,,government,China,,,
1619,STEM-CUP,item,Ceramics,porcelain,ceramics; porcelain,"white porcelain, with dragon design in white slip",Mark of Yung-lo period,Di. 15.5 cm,8 Early Ming Dynasty,Ming,,,"H. J. OPPENHEIM, London",,private,"London, U.K.",,,
1620,SMALL BOWL,item,Ceramics,porcelain,ceramics; porcelain,with crimson glaze,Incised mark of Hsüan-tê period,Di. 10.2 cm,8 Early Ming Dynasty,Ming,,,THE CHINESE GOVERNMENT,,government,China,,,
1621,BOTTLE,item,Ceramics,porcelain,ceramics; porcelain,decorated with an incised dragon in underglaze blue waves,,,8 Early Ming Dynasty,Ming,,,"THE TOPKAPU SARAY MUSEUM, Istanbul",,museum,"Istanbul, Turkey",yes,,
1622,VASE,item,Ceramics,porcelain,ceramics; porcelain,"porcelain, with ducks and lotus in underglaze blue",,H. 31.8 cm,8 Early Ming Dynasty,Ming,,,"OSCAR RAPHAEL, London",,private,"London, U.K.",yes,,
1623,LARGE BOWL,item,Ceramics,porcelain,ceramics; porcelain,"decorated in underglaze blue with peony scrolls, pomegranates and sprays",Mark of Hsüan-tê period,Di. 27 cm,8 Early Ming Dynasty,Ming,,,THE CHINESE GOVERNMENT,,government,China,,,
1624,INCENSE-BURNER,item,Ceramics,porcelain,ceramics; porcelain,"on three legs, with fluted sides decorated with scrolls of lotus in underglaze blue",Mark of Hsüan-tê period,H. 12.7 cm,8 Early Ming Dynasty,Ming,,,THE CHINESE GOVERNMENT,,government,China,,,
1625,VASE,item,Ceramics,porcelain,ceramics; porcelain,"bottle-shaped, with decoration of bamboo, rocks and bananas in pale underglaze red、",Mark of Hsüan-tê period,H. 31.8 cm,8 Early Ming Dynasty,Ming,,,THE CHINESE GOVERNMENT,,government,China,,,
1626,POTPOURRI CONTAINER (hua hsün),item,Ceramics,porcelain,ceramics; porcelain,with open-work on the cover and sprays of lotus scrolls in mottled underglaze blue,,H. 40 cm,8 Early Ming Dynasty,Ming,,,THE CHINESE GOVERNMENT,,government,China,,,
1627,BRUSH WASHER,item,Ceramics,porcelain,ceramics; porcelain,decorated with floral scrolls in mottled underglaze blue,,Di. 26.8 cm,8 Early Ming Dynasty,Ming,,,THE CHINESE GOVERNMENT,,government,China,,,
1628,BOWL (kang),item,Ceramics,porcelain,ceramics; porcelain,decorated with lotus scrolls in mottled underglaze blue,,H. 12.7 cm,8 Early Ming Dynasty,Ming,,,THE CHINESE GOVERNMENT,,government,China,,,
1629,"EWER with handle, for ritual use",item,Ceramics,porcelain,ceramics; porcelain,decorated with scrolls of flowers in mottled underglaze blue,,H. 36 cm,8 Early Ming Dynasty,Ming,,,THE CHINESE GOVERNMENT,,government,China,,,
1630,WINE VESSEL AND COVER (wu),item,Ceramics,porcelain,ceramics; porcelain,with decoration of peony scrolls in underglaze blue,,H. 36.7 cm,8 Early Ming Dynasty,Ming,,,THE CHINESE GOVERNMENT,,government,China,,,
1631,COVERED BOWL,item,Ceramics,porcelain,ceramics; porcelain,with decoration of dragons pursuing pearls in underglaze red and borders in underglaze blue,Mark of Hsüan-tê period,H. 15.5 cm,8 Early Ming Dynasty,Ming,,,THE CHINESE GOVERNMENT,,government,China,yes,,
1632,EMBROIDERY PICTURE,item,Textile,Furnishings,textiles; silk,"in colour on silk brocade, An Imperial",,"H. 145 cm, W. 39 cm",8 Early Ming Dynasty,Song,,,"A. W. BAHR, Weybridge",,private,"Surrey, U.K.",yes,,
1633,Painting in colour on silk,item,Paintings and Calligraphy,Animal and plants,textiles; silk,A Deer,,"H. 148 cm,W. 93 cm",8 Early Ming Dynasty,Yuan,,HUANG CH'ÜAN (d. A.D. 965) (attributed to),"HIS EXCELLENCY DR. E. A. VORETZSCH, Colmberg, Germany",,private,"Bavaria, Germany",yes,,
1634,PAIR OF DISHES,set,Ceramics,porcelain,ceramics; porcelain,with deep red glaze,Incised mark of Hsüan-tê period,Di. 15 cm,8 Early Ming Dynasty,Ming,,,THE CHINESE GOVERNMENT,,government,China,,,
1635,VASE (mei-p'ing),item,Ceramics,porcelain,ceramics; porcelain,"porcelain, with incised design of lotus sprays",,H. 25.2 cm,8 Early Ming Dynasty,Ming,,,THE CHINESE GOVERNMENT,,government,China,,,
1636,PAIR OF BOWLS,set,Ceramics,porcelain,ceramics; porcelain,"decorated with three fishes in underglaze red, incised petal border outside and ju sculpture inside",Mark of Ch'êng-hua period,Di. 20.7 cm,8 Early Ming Dynasty,Ming,,,THE CHINESE GOVERNMENT,,government,China,yes,,
1637,PAIR OF STEM-CUPS,set,Ceramics,porcelain,ceramics; porcelain,"with incised designs of the Eight Buddhist Emblems and Eight Precious Objects, respectively supported by lotus flowers",Incised mark of Yung-lo period,Di. 11.7 cm,8 Early Ming Dynasty,Ming,,,THE CHINESE GOVERNMENT,,government,China,,,
1638,BOWL,item,Ceramics,porcelain,ceramics; porcelain,"""semi-bodiless"" white porcelain, with foliate rim and secret decoration (an hua) of five dragons in slip",Incised mark of Yung-lo period,Di. 20.1 cm,8 Early Ming Dynasty,Ming,,,THE CHINESE GOVERNMENT,,government,China,,,
1639,COVERED JAR (kai-kuan),item,Ceramics,porcelain,ceramics; porcelain,"with pale eau de Nil glaze, three suspension loops",,H. 9.5 cm,8 Early Ming Dynasty,Ming,,,THE CHINESE GOVERNMENT,,government,China,,,
1640,BOWL,item,Ceramics,porcelain,ceramics; porcelain,"white egg-shell porcelain, with an hua (secret) decoration of lotus and Eight Buddhist Emblems in slip",Mark of Yung-lo period inside,,8 Early Ming Dynasty,Ming,,,"SIR PERCIVAL DAVID, BT., London",,private,"London, U.K.",,,
1641,TEAPOT,item,Ceramics,porcelain,ceramics; porcelain,"with three suspension-loops, ""beautiful white"" (t'ien pai) porcelain",,H. 11.1 cm,8 Early Ming Dynasty,Ming,,,THE CHINESE GOVERNMENT,,government,China,yes,,
1642,BOWL,item,Ceramics,porcelain,ceramics; porcelain,"of ""semi-bodiless"" white porcelain, with secret decoration (an hua) of a pair of dragons painted in slip",Incised mark of Yung-lo period,Di. 9.9 cm,8 Early Ming Dynasty,Ming,,,THE CHINESE GOVERNMENT,,government,China,,,
1643,BOWL,item,Ceramics,porcelain,ceramics; porcelain,"of foliate form, with deep red glaze, gilded copper rim",,Di. 18.8 cm,8 Early Ming Dynasty,Ming,,,THE CHINESE GOVERNMENT,,government,China,yes,,
1644,BOWL,item,Ceramics,porcelain,ceramics; porcelain,"white porcelain, in flower form",,"H. 4.3 cm, Di. 9.6 cm",8 Early Ming Dynasty,Ming,,,THE CHINESE GOVERNMENT,,government,China,,,
1645,BOWL,item,Ceramics,porcelain,ceramics; porcelain,"white egg-shell porcelain, painted with an-hua (secret) decoration of dragons in slip",Incised mark of Yung-lo period inside,Di. 19.8 cm,8 Early Ming Dynasty,Ming,,,"SIR PERCIVAL DAVID, BT., London",,private,"London, U.K.",,,
1646,FLOWER VASE (hua-ch'a),item,Ceramics,porcelain,ceramics; porcelain,"with deep ox-blood glaze, in the form of a bamboo fire-cracker",,H. 14.4 cm,8 Early Ming Dynasty,Ming,,,THE CHINESE GOVERNMENT,,government,China,,,
1647,BOWL,item,Ceramics,porcelain,ceramics; porcelain,"in flower form, with a hibiscus design incised in the paste, porcelain, with faintly bluish glaze, With a brass rim. Said to be Hsiang-hu ware",,Di. 20 cm,8 Early Ming Dynasty,Song,,,THE CHINESE GOVERNMENT,,government,China,yes,,
1648,CUP,item,Ceramics,porcelain,ceramics; porcelain,with slip decoration under white glaze,Mark of Yung-lo period,,8 Early Ming Dynasty,Ming,,,"C. KEMPE, Stockholm",,private,"Stockholm, Sweden",,,
1649,BOWL,item,Ceramics,porcelain,ceramics; porcelain,with dappled red glaze,Inscribed with an Imperial poem of the Qianlong period,Di. 20.4 cm,8 Early Ming Dynasty,Ming,,,THE CHINESE GOVERNMENT,,government,China,,,
1650,BOWL,item,Ceramics,porcelain,ceramics; porcelain,"""semi-bodiless"" white porcelain, with a decoration of pa-pao (the Eight Precious Objects) and lotus flowers painted in slip",Mark of Yung-lo period,Di. 9.7 cm,8 Early Ming Dynasty,Ming,,,THE CHINESE GOVERNMENT,,government,China,,,
1651,SILK TAPESTRY (k'o ssŭ),item,Textile,Furnishings,textiles; silk,Sprouting Bamboo Shoots,,113.3 by 68.5 cm,9 17C 18C,Song,,,THE CHINESE GOVERNMENT,,government,China,,,
1652,PAIR OF FIGURES OF DIVINITIES,set,Ceramics,porcelain,ceramics; porcelain,"porcelain, with decoration in famille verte enamels",,H. 54.5 cm,9 17C 18C,Qing,,,"FRANK PARTRIDGE AND SONS, LTD., London",,private,"London, U.K.",yes,,
1653,PAIR OF BOTTLES,set,Ceramics,porcelain,ceramics; porcelain,with panels of birds and flowers in famille verte enamels,,H. 27 cm,9 17C 18C,Qing,,,"S. D. WINKWORTH, Walton-on-the-Hill, Surrey",,private,"Surrey, U.K.",yes,,
1654,LANTERN,item,Ceramics,porcelain,ceramics; porcelain,decorated with famille verte enamel colours with landscape and figures,,H. 21 cm,9 17C 18C,Qing,,,"DR. LEONARD GOW, nr. Helensburgh, Dumbartonshire",,private,"Dumbartonshire, U.K.",,,
1655&1669,VASE,set,Ceramics,porcelain,ceramics; porcelain,"decorated in famille verte enamel colours, Peaceful figures. Pair with No. 1669",,H. 77 cm,9 17C 18C,Qing,,,"DR. LEONARD GOW, nr. Helensburgh, Dumbartonshire",,private,"Dumbartonshire, U.K.",yes,,
1656,PAIR OF LIONS,set,Ceramics,porcelain,ceramics; porcelain,enamelled on the biscuit,,H. 43.5 cm,9 17C 18C,Qing,,,"DR. LEONARD GOW, nr. Helensburgh, Dumbartonshire",,private,"Dumbartonshire, U.K.",yes,,
1657,PLATE,item,Ceramics,porcelain,ceramics; porcelain(enamelled),"decorated in famille verte enamel colours, lotus festival",,Di. 52.5 cm,9 17C 18C,Qing,,,"DR. LEONARD GOW, nr. Helensburgh, Dumbartonshire",,private,"Dumbartonshire, U.K.",yes,,
1658,PAIR OF LANTERNS,set,Ceramics,porcelain,ceramics; porcelain(enamelled),"egg-shell porcelain, painted in famille verte enamels, with gilding",,H. 20.9 cm,9 17C 18C,Qing,,,"ANTHONY DE ROTHSCHILD, London",,private,"London, U.K.",yes,,
1659,BOWL,item,Ceramics,porcelain,ceramics; porcelain(enamelled),decorated with birds in famille verte enamel colours,,Di. 34 cm,9 17C 18C,Qing,,,"DR. LEONARD GOW, nr. Helensburgh, Dumbartonshire",,private,"Dumbartonshire, U.K.",yes,,
1660,FLASK,item,Ceramics,porcelain,ceramics; porcelain(enamelled),"porcelain, with medallions containing monsters and flowers in famille verte enamels",,H. 19.5 cm,9 17C 18C,Qing,,,"SIR PERCIVAL DAVID, BT., London",,private,"London, U.K.",,,
1661,BOTTLE,item,Ceramics,porcelain,ceramics; porcelain,with famille verte decoration,Mark resembling the letter G,H. 23.2 cm,9 17C 18C,Qing,,,Lent ANONYMOUSLY,,private,,yes,,
1662,PAIR OF JARS AND COVERS,set,Ceramics,porcelain,ceramics; porcelain,with floral decoration in red and green grounds,,H. 52 cm,9 17C 18C,Qing,,,"DR. LEONARD GOW, nr. Helensburgh, Dumbartonshire",,private,"Dumbartonshire, U.K.",yes,,
1663,JAR AND COVER,item,Ceramics,porcelain,ceramics; porcelain(enamelled),decorated with famille verte enamel colours in panels in a brocaded green ground,,H. 56 cm,9 17C 18C,Qing,,,"DR. LEONARD GOW, nr. Helensburgh, Dumbartonshire",,private,"Dumbartonshire, U.K.",yes,,
1664,PERFUME BASKET,item,Ceramics,porcelain,ceramics; porcelain(enamelled),"with arched handle and openwork sides, porcelain, enamelled on the biscuit",,H. 13.5 cm,9 17C 18C,Qing,,,"SIR PERCIVAL DAVID, BT., London",,private,"London, U.K.",yes,,
1665,FIGURE OF A LADY,item,Ceramics,porcelain,ceramics; porcelain(enamelled),decorated with famille verte enamel colours. with stand,,H. 64.5 cm,9 17C 18C,Qing,,,"DR. LEONARD GOW, nr. Helensburgh, Dumbartonshire",,private,"Dumbartonshire, U.K.",yes,,
1666,BELL,item,Ceramics,porcelain,ceramics; porcelain(enamelled),decorated in famille verte enamel colours with ogre heads,,H. 9 cm,9 17C 18C,Qing,,,"DR. LEONARD GOW, nr. Helensburgh, Dumbartonshire",,private,"Dumbartonshire, U.K.",yes,,
1667,PAIR OF VASES,set,Ceramics,porcelain,ceramics; porcelain(enamelled),"with stands attached, porcelain, with birds and flowering plants in famille verte enamels",,H. 27.4 cm,9 17C 18C,Qing,,,"ANTHONY DE ROTHSCHILD, London",,private,"London, U.K.",yes,,
1668,VASE,item,Ceramics,porcelain,ceramics; porcelain(enamelled),"cylindrical, with figure subjects in underglaze blue and famille verte enamels",,H. 26.7 cm,9 17C 18C,Qing,,,"MR. AND MRS. ALFRED CLARK, Iver Heath, Bucks",,private,"Buckinghamshire, U.K.",yes,,
1655&1669,VASE,,Ceramics,porcelain,ceramics; porcelain,"decorated in famille verte enamel colours, Peaceful figures. Pair with No. 1655",,H. 77 cm,9 17C 18C,Qing,,,"DR. LEONARD GOW, nr. Helensburgh, Dumbartonshire",,private,"Dumbartonshire, U.K.",yes,,
1670,CARPET,item,Textile,Furnishings,textiles,,,318.02 by 167.07 cm,9 17C 18C,Qing,,,"THE HON. LADY WARD, London",,private,"London, U.K.",yes,,
1671,SILK TAPESTRY (k'o ssŭ),item,Textile,Furnishings,textiles; silk,Herons,,123.9 by 49.3 cm,9 17C 18C,Song,,,THE CHINESE GOVERNMENT,,government,China,,,
1672,TWELVE-FOLD "COROMANDEL" SCREEN,item,Lacquer,Furnishings,plant derived materials; lacquer,"decorated with cranes, pine-trees and clouds on one side","an inscription dated A.D. 1691 on the other, in a black ground","H. 320 cm, W. 624 cm",9 17C 18C,Qing,,,"MADAME LANGWEIL, Paris",,private,"Paris, France",,,
1672A,RECTANGULAR TABLE,item,Lacquer,Furnishings,plant derived materials; lacquer,"painted lacquer with a design of dragons and shou (longevity), characters in a red ground",,"H. 36 cm., L. 200 cm., W. 92 cm.",9 17C 18C,Qing,,,"P. CULTY, Paris",,private,"Paris, France",yes,,
1672B,JEWEL CASKET,item,Lacquer,Containers,plant derived materials; lacquer,"carved red, green and buff lacquer",,L. 68.6 cm,9 17C 18C,Qing,,,"SPINK AND SON, LTD., London",,private,"London, U.K.",yes,,
1673,SILK TAPESTRY (k'o ssŭ),item,Textile,Furnishings,textiles; silk,Phoenixes Singing,,148.7 by 48.7 cm,9 17C 18C,Song,,,THE CHINESE GOVERNMENT,,government,China,,,
1674,COVERED JAR,item,Ceramics,porcelain,ceramics; porcelain(enamelled),"enamelled on the biscuit with peonies and Pair of pheasants, black ground",,H. 55 cm,9 17C 18C,Qing,,,"DR. LEONARD GOW, nr. Helensburgh, Dumbartonshire",,private,"Dumbartonshire, U.K.",yes,,
1675,SQUARE VASE,item,Ceramics,porcelain,ceramics; porcelain(enamelled),"enamelled on the biscuit with season flowers, yellow ground",,H. 54 cm,9 17C 18C,Qing,,,"DR. LEONARD GOW, nr. Helensburgh, Dumbartonshire",,private,"Dumbartonshire, U.K.",yes,,
1676,PAIR OF BRUSH HOLDERS,set,Ceramics,porcelain,ceramics; porcelain,"with group of six actors, porcelain, with coloured glazes",,H. 14.7 cm,9 17C 18C,Qing,,,"RIJKSMUSEUM, Amsterdam",,museum,"Amsterdam, Netherlands",,,
1677&1699,SQUARE VASE,set,Ceramics,porcelain,ceramics; porcelain(enamelled),"enamelled on the biscuit with fish and waterweeds, green ground. Pair with No. 1699",,H. 49 cm,9 17C 18C,Qing,,,"DR. LEONARD GOW, nr. Helensburgh, Dumbartonshire",,private,"Dumbartonshire, U.K.",yes,,
1678,PAIR OF JARS AND COVERS,set,Ceramics,porcelain,ceramics; porcelain(enamelled),"enamelled on the biscuit with prunus and birds, black ground",,H. 22 cm,9 17C 18C,Qing,,,"DR. LEONARD GOW, nr. Helensburgh, Dumbartonshire",,private,"Dumbartonshire, U.K.",yes,,
1679,BOTTLE,item,Ceramics,porcelain,ceramics; porcelain,"with magnolia and peony in carved relief and coloured glazes, in yellow ground",,H. 37 cm,9 17C 18C,Ming,,,THE BRITISH MUSEUM (Eumorfopoulos Collection),,museum,"London, U.K.",yes,,
1680,COVERED JAR,item,Ceramics,porcelain,peorcelain; enamel,"enamelled on the biscuit with rockery, flowers and birds",,H. 37 cm,9 17C 18C,Qing,,,"DR. LEONARD GOW, nr. Helensburgh, Dumbartonshire",,private,"Dumbartonshire, U.K.",yes,,
1681,SQUARE VASE,item,Ceramics,porcelain,ceramics; porcelain(enamelled),"enamelled on the biscuit with season flowers, green ground",,H. 49 cm,9 17C 18C,Qing,,,Lent ANONYMOUSLY,,private,,yes,,
1682,PLATE,item,Ceramics,porcelain,ceramics; porcelain(enamelled),"with incised dragons under decoration in three colour enamels of an apple, peach and pomegranates, a rebus for blessings, long life and posterity",,Di. 24.6 cm,9 17C 18C,Qing,,,THE CHINESE GOVERNMENT,,government,China,yes,,
1683,BEAKER-SHAPED VASE,item,Ceramics,porcelain,ceramics; porcelain(enamelled),"enamelled on the biscuit with prunus and birds, black ground",,H. 71 cm,9 17C 18C,Qing,,,"DR. LEONARD GOW, nr. Helensburgh, Dumbartonshire",,private,"Dumbartonshire, U.K.",yes,,
1684,SQUARE VASE,item,Ceramics,porcelain,ceramics; porcelain(enamelled),enamelled on the biscuit with season flowers in a black ground,,H. 55.5 cm,9 17C 18C,Qing,,,"DR. LEONARD GOW, nr. Helensburgh, Dumbartonshire",,private,"Dumbartonshire, U.K.",yes,,
1685,PAIR OF JARS AND COVERS,set,Ceramics,porcelain,ceramics; porcelain(enamelled),enamelled on the biscuit with black ground,,H. 51.5 cm,9 17C 18C,Qing,,,"DR. LEONARD GOW, nr. Helensburgh, Dumbartonshire",,private,"Dumbartonshire, U.K.",,,
1686,BRUSH POT,item,Ceramics,porcelain,ceramics; porcelain(enamelled),porcelain enamelled with figures in a green ground,,"H. 20 cm.,W. 16 cm",9 17C 18C,Qing,,,"ROBERT MAY, Zeist, Holland",,private,"Utrecht, The Netherlands",yes,,
1687,PAIR OF VASES,set,Ceramics,porcelain,ceramics; porcelain(enamelled),"enamelled on the biscuit, black ground",,H. 13.3 cm,9 17C 18C,Qing,,,"DR. LEONARD GOW, nr. Helensburgh, Dumbartonshire",,private,"Dumbartonshire, U.K.",,,
1688,PIPE,item,Ceramics,porcelain,ceramics; porcelain(enamelled),in the form of a lotus pod decorated in famille verte enamels,,H. 22 cm,9 17C 18C,Qing,,,"SIR PERCIVAL DAVID, BT., London",,private,"London, U.K.",yes,,
1689,LARGE PLATE,item,Ceramics,porcelain,ceramics; porcelain(enamelled),"decorated with clouds and dragons in coloured enamels, in green and aubergine grounds",Mark of Ch'êng-hua in a dragon medallion with black ground,Di.41 cm,9 17C 18C,Qing,,,THE CHINESE GOVERNMENT,,government,China,yes,,
1690,BOTTLE,item,Ceramics,porcelain,ceramics; porcelain(enamelled),of double-gourd shape with floral scrolls in a green enamel ground,,H. 26.8 cm,9 17C 18C,Qing,,,Lent ANONYMOUSLY,,private,,yes,,
1691,PAIR OF SQUARE VASES,set,Ceramics,porcelain,ceramics; porcelain(enamelled),"enamelled on the biscuit with flowers and birds, black ground",,H. 30.5 cm,9 17C 18C,Qing,,,"DR. LEONARD GOW, nr. Helensburgh, Dumbartonshire",,private,"Dumbartonshire, U.K.",yes,,
1692,HEXAGONAL BRUSH POT,item,Ceramics,porcelain,ceramics; porcelain(enamelled),"with pierced sides and panels, with landscape and phoenix decoration in famille verte enamels",,H. 13 cm,9 17C 18C,Qing,,,"SIR PERCIVAL DAVID, BT., London",,private,"London, U.K.",yes,,
1693,TEAPOT,item,Ceramics,porcelain,ceramics; porcelain(enamelled),"enamelled on the biscuit, green ground",,H. 11.5 cm,9 17C 18C,Qing,,,"DR. LEONARD GOW, nr. Helensburgh, Dumbartonshire",,private,"Dumbartonshire, U.K.",yes,,
1694,TABLE SCREEN,item,Ceramics,porcelain,ceramics; porcelain(enamelled),"with chrysanthemums, peonies and birds in famille verte enamels, green ground",,H. 55.3 cm. W. 29.9 cm,9 17C 18C,Qing,,,"THE HON. SIR EVAN CHARTERIS, K.C., London",,private,"London, U.K.",yes,,
1695,TALL CUP,item,Ceramics,porcelain,ceramics; porcelain(enamelled),enamelled on the biscuit with carp and waves in yellow ground,,H. 12 cm,9 17C 18C,Ming,,,THE BRITISH MUSEUM (Eumorfopoulos Collection),,museum,"London, U.K.",yes,,
1696,VASE,item,Ceramics,porcelain,ceramics; porcelain(enamelled),"with dragon handles, porcelain, enamelled on the biscuit with lotus, cranes and emblems in yellow ground",,H. 48.2 cm,9 17C 18C,Qing,,,"ANTHONY DE ROTHSCHILD, London",,private,"London, U.K.",yes,,
1697,VASE,item,Ceramics,porcelain,ceramics; porcelain(enamelled),enamelled on the biscuit with season flowers in a black ground,,H. 50 cm,9 17C 18C,Qing,,,"DR. LEONARD GOW, nr. Helensburgh, Dumbartonshire",,private,"Dumbartonshire, U.K.",yes,,
1698,PAIR OF BOTTLES,set,Ceramics,porcelain,ceramics; porcelain(enamelled),"enamelled on the biscuit, petal panels with yellow ground",,H. 22.8 cm,9 17C 18C,Qing,,,"DR. LEONARD GOW, nr. Helensburgh, Dumbartonshire",,private,"Dumbartonshire, U.K.",yes,,
1677&1699,SQUARE VASE,,Ceramics,porcelain,ceramics; porcelain(enamelled),"enamelled on the biscuit with fish and waterweeds, green ground. Pair with No. 1677",,H. 49 cm,9 17C 18C,Qing,,,"DR. LEONARD GOW, nr. Helensburgh, Dumbartonshire",,private,"Dumbartonshire, U.K.",yes,,
1700,JAR AND COVER,item,Ceramics,porcelain,ceramics; porcelain(enamelled),"porcelain, enamelled on the biscuit with rocks and flowering plants, black ground",,H. 59.6 cm,9 17C 18C,Qing,,,"ANTHONY DE ROTHSCHILD, London",,private,"London, U.K.",yes,,
1701,CARPET,item,Textile,Furnishings,textiles; wool,,,307.4 by 190.6 cm,9 17C 18C,Qing,,,"LIBERTY AND CO., LTD., London",,private,"London, U.K.",yes,,
1702,SILK EMBROIDERY,item,Textile,Furnishings,textiles; silk,Birds in Spring,,87 by 48.4 cm,9 17C 18C,Yuan,,,THE CHINESE GOVERNMENT,,government,China,,,
1703&1762,SILK TAPESTRY (k'o ssŭ),set,Textile,Furnishings,textiles; silk,Pair with No. 1762,,301.1 by 208.3 cm,9 17C 18C,Qing,,,"THE METROPOLITAN MUSEUM OF ART, New York",,museum,"New York, U.S.A.",yes,,
1704&1706,BEAKER,set,Ceramics,porcelain,ceramics; porcelain(enamelled),"enamelled on the biscuit, black ground, Pair with No. 1706",,H. 68.6 cm,9 17C 18C,Qing,,,"FRANK PARTRIDGE AND SONS, LTD., London",,private,"London, U.K.",yes,,
1705,JAR AND COVER,item,Ceramics,porcelain,ceramics; porcelain(enamelled),"porcelain, enamelled on the biscuit, black ground",,H. 62.2 cm,9 17C 18C,Qing,,,"FRANK PARTRIDGE AND SONS, LTD., London",,private,"London, U.K.",yes,,
1704&1706,BEAKER,,Ceramics,porcelain,ceramics; porcelain(enamelled),"enamelled on the biscuit, black ground, Pair with No. 1704",,H. 68.6 cm,9 17C 18C,Qing,,,"FRANK PARTRIDGE AND SONS, LTD., London",,private,"London, U.K.",yes,,
1707,SILK TAPESTRY (k'o ssŭ),item,Textile,Furnishings,textiles; silk,The Autumn Harvest,,88 by 66 cm,9 17C 18C,Qing,,,THE CHINESE GOVERNMENT,,government,China,,,
1708,MARRIAGE CUP,item,Ceramics,porcelain,ceramics; porcelain(enamelled),"enamelled on the biscuit, green ground",,W. 13.2 cm,9 17C 18C,Qing,,,"DR. LEONARD GOW, nr. Helensburgh, Dumbartonshire",,private,"Dumbartonshire, U.K.",yes,,
1709,DISH,item,Ceramics,porcelain,ceramics; porcelain(enamelled),"porcelain, with decoration in famille verte enamels in Siamese taste",,Di. 22 cm,9 17C 18C,Qing,,,"REGINALD LE MAY, Cambridge",,private,"Cambridge, U.K.",yes,,
1710,BOWL,item,Ceramics,porcelain,ceramics; porcelain(enamelled),"enamelled on the biscuit, prunus in green ground",,Di. 20 cm,9 17C 18C,Qing,,,"DR. LEONARD GOW, nr. Helensburgh, Dumbartonshire",,private,"Dumbartonshire, U.K.",yes,,
1711,MARRIAGE CUP,item,Ceramics,porcelain,ceramics; porcelain(enamelled),enamelled on the biscuit,,W. 13.2 cm,9 17C 18C,Qing,,,"DR. LEONARD GOW, nr. Helensburgh, Dumbartonshire",,private,"Dumbartonshire, U.K.",yes,,
1712,BOWL,item,Ceramics,porcelain,ceramics; porcelain(enamelled),"enamelled on the biscuit, flowers in aubergine ground",,Di. 19.2 cm,9 17C 18C,Qing,,,"DR. LEONARD GOW, nr. Helensburgh, Dumbartonshire",,private,"Dumbartonshire, U.K.",yes,,
1713,DISH,item,Ceramics,porcelain,ceramics; porcelain(enamelled),"porcelain, enamelled with dragons in red and green",Mark of Kangxi period,Di. 21.7 cm,9 17C 18C,Qing,,,"SIR PERCIVAL DAVID, BT., London",,private,"London, U.K.",,,
1714,MARRIAGE CUP,item,Ceramics,porcelain,ceramics; porcelain(enamelled),"enamelled on the biscuit, aubergine ground",,W. 13.2 cm,9 17C 18C,Qing,,,"DR. LEONARD GOW, nr. Helensburgh, Dumbartonshire",,private,"Dumbartonshire, U.K.",yes,,
1715,DISH,item,Ceramics,porcelain,ceramics; porcelain(enamelled),decorated with two ladies and a child in famille verte enamels,,,9 17C 18C,Qing,,,"MRS. W. J. HOLT, London",,private,"London, U.K.",yes,,
1716,CUP,item,Ceramics,porcelain,ceramics; porcelain(enamelled),enamelled with fruit and butterflies,,Di. 7.3 cm,9 17C 18C,Qing,,,"MR. AND MRS. A. CHESTER BEATTY, London",,private,"London, U.K.",,,
1717,DISH,item,Ceramics,porcelain,ceramics; porcelain(enamelled),decorated with landscapes and figures in famille verte enamels,,Di. 20.9 cm,9 17C 18C,Qing,,,"H. J. OPPENHEIM, London",,private,"London, U.K.",yes,,
1718,SQUARE VASE,item,Ceramics,porcelain,ceramics; porcelain(enamelled),"porcelain, enamelled on the biscuit with red-tinted prunus blossom, black ground",,H. 48.2 cm,9 17C 18C,Qing,,,"ANTHONY DE ROTHSCHILD, London",,private,"London, U.K.",yes,,
1719,DISH,item,Ceramics,porcelain,ceramics; porcelain(enamelled),"decorated in famille verte enamels, with a lady seated at a table",,Di. 15.8 cm,9 17C 18C,Qing,,,"H. J. OPPENHEIM, London",,private,"London, U.K.",yes,,
1720,CUP,item,Ceramics,porcelain,ceramics; porcelain(enamelled),enamelled with fruit and butterflies,,Di. 7.5 cm,9 17C 18C,Qing,,,"MR. AND MRS. A. CHESTER BEATTY, London",,private,"London, U.K.",,,
1721,PLATE,item,Ceramics,porcelain,ceramics; porcelain(enamelled),"painted in famille verte enamels, with lady in panel",Mark of Kangxi period,Di. 31.7 cm,9 17C 18C,Qing,,,"W. F. VAN HEUKELOM, Amsterdam",,private,"Amsterdam, Netherlands",yes,,
1722,BIRTHDAY PLATE,item,Ceramics,porcelain,ceramics; porcelain(enamelled),"with fairies in delicate famille rose enamels, and Imperial birthday greeting in border, Pair with No. 1727",Mark of Kangxi period,Di. 24.7 cm,9 17C 18C,Qing,,,"CAPTAIN A. T. WARRE, Hove",,private,"East Sussex, U.K.",,,
1723,"FIGURE OF K'UEI HSING TI-CHÜN (God of Literature), by a rock",item,Ceramics,porcelain,ceramics; porcelain,porcelain with coloured glazes,,H. 13 cm,9 17C 18C,Qing,,,"MRS. W. J. HOLT, London",,private,"London, U.K.",yes,,
1724,SAUCER DISH,item,Ceramics,porcelain,ceramics; porcelain(enamelled),with tiger-shooting scene in famille verte enamels,Mark of Ch'êng-hua,Di. 17 cm,9 17C 18C,Qing,,,"SIR PERCIVAL DAVID, BT., London",,private,"London, U.K.",,,
1725,BOWL,item,Ceramics,porcelain,ceramics; porcelain(enamelled),"with floral decoration in famille verte enamels, in a black ground",,Di. 34.5 cm,9 17C 18C,Qing,,,"A. STAAL, Amsterdam",,private,"Amsterdam, Netherlands",yes,,
1726,SAUCER DISH,item,Ceramics,porcelain,ceramics; porcelain(enamelled),"with ladies in garden and butterflies and flowers, in pale famille verte enamels",Mark of Ch'êng-hua,Di. 17.3 cm,9 17C 18C,Qing,,,"SIR PERCIVAL DAVID, BT., London",,private,"London, U.K.",,,
1727,BIRTHDAY PLATE,item,Ceramics,porcelain,ceramics; porcelain(enamelled),"with lady and attendant in famille verte enamels, Pair with No. 1722",,Di. 25 cm,9 17C 18C,Qing,,,"C. E. RUSSELL, London",,private,"London, U.K.",yes,,
1728,SEAL of the Emperor K'ang-his,item,Ceramics,porcelain,ceramics; porcelain(enamelled),"in form of a cube, porcelain, decorated in enamel colours with dragons and clouds",,H. 6 cm,9 17C 18C,Qing,,,"MUSÉE DU LOUVRE, Paris",,museum,"Paris, France",yes,,
1729,BIRTHDAY PLATE,item,Ceramics,porcelain,ceramics; porcelain(enamelled),with bird on branch in famille verte enamels,Mark of Kangxi period,Di. 25.5 cm,9 17C 18C,Qing,,,"C. E. RUSSELL, London",,private,"London, U.K.",,,
1730,PAIR OF BOWLS,set,Ceramics,porcelain,ceramics; porcelain(enamelled),"hexagonal, porcelain, with figure subjects in famille verte enamels",,W. 20.3 cm,9 17C 18C,Qing,,,"MRS. STEPHEN MANUEL, Martlesham, Suffolk",,private,"Suffolk, U.K.",yes,,
1731,DISH,item,Ceramics,porcelain,ceramics; porcelain(enamelled),"saucer-shaped, decorated with a peach and longevity wishes in famille verte enamels",Mark of Kangxi period,Di. 28.7 cm,9 17C 18C,Qing,,,"SIR PERCIVAL DAVID, BT., London",,private,"London, U.K.",yes,,
1732,BOWL,item,Ceramics,porcelain,ceramics; porcelain(enamelled),decorated with Taoist subjects in famille verte enamels and gilding,,Di 22.4 cm,9 17C 18C,Qing,,,"SIR PERCIVAL DAVID, BT., London",,private,"London, U.K.",,,
1733,DEEP DISH,item,Ceramics,porcelain,ceramics; porcelain(enamelled),decorated in famille verte enamels,,W. 26.6 cm,9 17C 18C,Qing,,,"MRS. STEPHEN MANUEL, Martlesham, Suffolk",,private,"Suffolk, U.K.",yes,,
1734&1735,HANGING PICTURE,set,Textile,Furnishings,textiles,"ladies in a garden, embroidery, embroidery",,H. 274.5 cm. W. 58.4 cm,9 17C 18C,Qing,,,"M. KEEZER AND SON, Amsterdam, Holland",,private,"Amsterdam, Netherlands",,,
1734&1735,HANGING PICTURE,,Textile,Furnishings,textiles,"ladies in a garden, embroidery, embroidery",,H. 274.5 cm. W. 58.4 cm,9 17C 18C,Qing,,,"M. KEEZER AND SON, Amsterdam, Holland",,private,"Amsterdam, Netherlands",,,
1736,SILK TAPESTRY (k'o ssŭ),item,Textile,Furnishings,textiles; silk,Springtime in the Country,,88.5 by 66.1 cm,9 17C 18C,Qing,,,THE CHINESE GOVERNMENT,,government,China,,,
1737,DISH,item,Ceramics,porcelain,ceramics; porcelain,"saucer-shaped, with openwork sides and decoration in underglaze blue and red",,Di. 15 cm,9 17C 18C,Qing,,,"H. J. OPPENHEIM, London",,private,"London, U.K.",yes,,
1738,BRUSH BARREL,item,Ceramics,porcelain,ceramics; porcelain,with landscape carved in relief and coloured with underglaze red and blue and celadon green,Mark of Kangxi period,H. 14 cm,9 17C 18C,Qing,,,THE CHINESE GOVERNMENT,,government,China,,,
1739,BOWL,item,Ceramics,porcelain,ceramics; porcelain(enamelled),with fruit in underglaze blue and enamels,,Di. 20.5 cm,9 17C 18C,Ming,,,"J. LAURITZEN, Stockholm",,private,"Stockholm, Sweden",yes,,
1740,STEM-CUP,item,Ceramics,porcelain,ceramics; porcelain(enamelled),"porcelain, decorated in underglaze blue and enamels",,H. 13.8 cm,9 17C 18C,Qing,,,"MR. AND MRS. CHESTER BEATTY, London",,private,"London, U.K.",yes,,
1741,MINIATURE VASE,item,Ceramics,porcelain,ceramics; porcelain,"of ""soft-paste"" porcelain, with lotus scrolls in underglaze blue",Mark of Chia-ching,H. 12 cm,9 17C 18C,Qing,,,"SIR PERCIVAL DAVID, BT., London",,private,"London, U.K.",,,
1742,VASE (liu),item,Ceramics,porcelain,ceramics; porcelain,"with decoration of bamboo, rocks and plantain in underglaze blue",Seal mark of Qianlong period,H. 29 cm,9 17C 18C,Qing,,,THE CHINESE GOVERNMENT,,government,China,,,
1743,BOX AND COVER,item,Ceramics,porcelain,ceramics; porcelain(enamelled),"of five-lobed form, porcelain imitating glass, with longevity symbols in thick blue enamel",Mark of Qianlong period,Di. 6.5 cm,9 17C 18C,Qing,,,"SIR PERCIVAL DAVID, BT., London",,private,"London, U.K.",,,
1744,PILGRIM BOTTLE,item,Ceramics,porcelain,ceramics; porcelain,"porcelain, decorated in underglaze red",Mark of Qianlong period,H. 17.8 cm,9 17C 18C,Qing,,,"R. C. BRUCE, London",,private,"London, U.K.",yes,,
1745,TEA POT,item,Ceramics,porcelain,ceramics; porcelain,"""soft-paste"" porcelain, with stylized foliage in underglaze blue",Marked yü (jade),H. 7 cm,9 17C 18C,Qing,,,"SIR PERCIVAL DAVID, BT., London",,private,"London, U.K.",,,
1746,SQUARE VASE,item,Ceramics,porcelain,ceramics; porcelain,with decoration of flowers and birds in underglaze blue and red,,H. 55 cm,9 17C 18C,Qing,,,"S. D. WINKWORTH, Walton-on-the-Hill, Surrey",,private,"Surrey, U.K.",yes,,
1747,MINIATURE JAR AND COVER,item,Ceramics,porcelain,ceramics; porcelain,"""soft-paste"" porcelain, with archaic dragons in underglaze blue",Mark of Chia-ching period,H. 6.5 cm,9 17C 18C,Ming,,,"SIR PERCIVAL DAVID, BT., London",,private,"London, U.K.",,,
1748,BOX AND COVER,item,Ceramics,porcelain,ceramics; porcelain,"with lotus sprays and butterflies in white, in a coral ground",Mark of Yongzheng period,Di. 15 cm,9 17C 18C,Qing,,,"SIR PERCIVAL DAVID, BT., London",,private,"London, U.K.",,,
1749,MINIATURE JAR,item,Ceramics,porcelain,ceramics; porcelain,"""soft-paste"" porcelain, decorated with dragons and clouds in underglaze blue",Mark of Hsüan-tê period,H. 6 cm,9 17C 18C,Ming,,,"SIR PERCIVAL DAVID, BT., London",,private,"London, U.K.",,,
1750,EWER,item,Ceramics,porcelain,ceramics; porcelain,with petal moulding and scroll decoration in underglaze blue,Blue seal mark of Yongzheng period,H. 31.2 cm,9 17C 18C,Qing,,,THE CHINESE GOVERNMENT,,government,China,yes,,
1751,BOTTLE,item,Ceramics,porcelain,ceramics; porcelain,"""soft-paste"" porcelain, with vases and symbols in underglaze blue",Mark of Chia-ching period,H. 11 cm,9 17C 18C,Ming,,,"SIR PERCIVAL DAVID, BT., London",,private,"London, U.K.",,,
1752,VASE (chê-fang p'ing),item,Ceramics,porcelain,ceramics; porcelain,"beaker-shaped, with faceted bulb and dragon handles and twining sprays of ? sesamum in underglaze blue",Seal mark of Qianlong period,H. 16 cm,9 17C 18C,Qing,,,THE CHINESE GOVERNMENT,,government,China,,,
1753,VASE,item,Ceramics,porcelain,ceramics; porcelain,"of hexagonal section (kuan-êrh liu-fang liu), with tubular handles and decorated with lotus scrolls in underglaze blue()",Seal mark of Yongzheng period,H. 28.7 cm,9 17C 18C,Qing,,,THE CHINESE GOVERNMENT,,government,China,,,
1754,SMALL VASE (p'ing),item,Ceramics,porcelain,ceramics; porcelain,"of crackled ""soft-paste"" porcelain, with clouds and dragons in underglaze blue","Mark of Ch'êng-hua period, Ming Dynasty",H. 17.4 cm,9 17C 18C,Ming,,,THE CHINESE GOVERNMENT,,government,China,,,
1755,STEM-CUP,item,Ceramics,porcelain,ceramics; porcelain,decorated with Sanskrit invocations and lotus scrolls in underglaze blue,Seal mark of Qianlong period,H. 8.7 cm,9 17C 18C,Qing,,,THE CHINESE GOVERNMENT,,government,China,,,
1756,VASE (kuan-êrh p'ing),item,Ceramics,porcelain,ceramics; porcelain,with tubular handles and clouds and bats in underglaze blue,Seal mark of Qianlong period,H. 35.1 cm,9 17C 18C,Qing,,,THE CHINESE GOVERNMENT,,government,China,,,
1757,VASE (kuan-êrh p'ing),item,Ceramics,porcelain,ceramics; porcelain,"with tubular handles, twining sprays of hai shih-liu (foreign pomegranate) in underglaze blue",Seal mark of Qianlong period,H. 19.4 cm,9 17C 18C,Qing,,,THE CHINESE GOVERNMENT,,government,China,,,
1758,BOTTLE,item,Ceramics,porcelain,ceramics; porcelain,"in shape of a double gourd, design of gourd vines and bats in underglaze red",,H. 34 cm. W. 21 cm,9 17C 18C,Qing,,,"ROBERT MAY, Zeist, Holland",,private,"Utrecht, The Netherlands",yes,,
1759,SAUCER DISH,item,Ceramics,porcelain,ceramics; porcelain,porcelain with decoration of dragons and clouds in overglaze red,Mark of Yongzheng period,Di. 21.6 cm,9 17C 18C,Qing,,,"CAPTAIN A. T. WARRE, Hove",,private,"East Sussex, U.K.",yes,,
1760,FLASK,item,Ceramics,porcelain,ceramics; porcelain,"double-gourd shape, decorated with dragons and clouds in underglaze blue and red in a yellow ground",Mark of Qianlong period,H. 30.9 cm,9 17C 18C,Qing,,,"M. CALMANN, Paris",,private,"Paris, France",yes,,
1761,SCONCE,item,Ceramics,porcelain,ceramics; porcelain,"porcelain, with powder-blue glaze and gilding",,H. 55.5 cm,9 17C 18C,Qing,,,"S. D. WINKWORTH, Walton-on-the-Hill, Surrey",,private,"Surrey, U.K.",yes,,
1703&1762,SILK TAPESTRY (k'o ssŭ),,Textile,Furnishings,textiles; silk,Pair with No. 1703,,301.1 by 208.3 cm,9 17C 18C,Qing,,,"THE METROPOLITAN MUSEUM OF ART, New York",,museum,"New York, U.S.A.",yes,,
1763,ALTAR SET OF FIVE PIECES,item,Lacquer,Furnishings,plant derived materials; lacquer,"in carved lacquer of three layers, red, green and orange-vermilion",,Av. H. 137 cm,9 17C 18C,Ming,,,"THE VICTORIA AND ALBERT MUSEUM, London",,museum,"London, U.K.",yes,,
1764,ROUND BOX,item,Lacquer,Containers,plant derived materials; lacquer,carved lacquer,Mark of Yung-lo period,Di. 23.5 cm,9 17C 18C,Ming,,,"THE GERMAN STATE MUSEUMS, Berlin",,museum,"Berlin, Germany",,,
1765,BOX,item,Lacquer,Containers,plant derived materials; lacquer,"lacquer, with metal edges, clasps and hinges, painted in red and gold with an indoor scene and a landscape",,L. 40.9 cm,9 17C 18C,Ming,,,"HIS EXCELLENCY DR. E. A. VORETZSCH, Colmberg, Germany",,private,"Bavaria, Germany",yes,,
1766,PLATE,item,Lacquer,Containers,plant derived materials; lacquer,"carved red and yellow lacquer, with dragon and phoenix design",Mark and period of Chia-ching,Di. 20.6 cm,9 17C 18C,Ming,,,THE CHINESE GOVERNMENT,,government,China,yes,,
1767,BOX,item,Lacquer,Containers,plant derived materials; lacquer,"lacquer, with painted dragons in red and black",,H. 8.9 cm. W. 19.1 cm,9 17C 18C,Ming,,,"THE ROYAL SCOTTISH MUSEUM, Edinburgh",,museum,"Edinburgh, U.K.",yes,,
1768,CABINET,item,Lacquer,Furnishings,plant derived materials; lacquer,"lacquer, painted with birds and flowers and inlaid with mother-of-pearl",,L. 47.5 cm,9 17C 18C,Ming,,,"HIS EXCELLENCY DR. E. A. VORETZSCH, Colmberg, Germany",,private,"Bavaria, Germany",,,
1769,SILK EMBROIDERY,item,Textile,Furnishings,textiles; silk,"White Eagle, Colours in dark blue ground",,107.5 by 54.5 cm,9 17C 18C,Song,,,THE CHINESE GOVERNMENT,,government,China,yes,,
1770,CARPET,item,Textile,Furnishings,textiles; wool,,,228.6 by 152.5 cm,9 17C 18C,Qing,,,"BLUETT AND SONS, London",,private,"London, U.K.",yes,,
1771,PAIR OF BOTTLES,set,Ceramics,porcelain,ceramics; porcelain(enamelled),decorated with famille verte enamel colours in panels in a powder-blue ground,,H. 47 cm,9 17C 18C,Qing,,,"DR. LEONARD GOW, nr. Helensburgh, Dumbartonshire",,private,"Dumbartonshire, U.K.",yes,,
1772,SQUARE VASE,item,Ceramics,porcelain,ceramics; porcelain(enamelled),decorated with famille verte enamel colours and season flowers,,H. 49.5 cm,9 17C 18C,Qing,,,"DR. LEONARD GOW, nr. Helensburgh, Dumbartonshire",,private,"Dumbartonshire, U.K.",yes,,
1773,PAIR OF VASES,set,Ceramics,porcelain,ceramics; porcelain(enamelled),decorated in panels in famille verte enamel colours in a powder-blue ground,,H. 45 cm,9 17C 18C,Qing,,,"DR. LEONARD GOW, nr. Helensburgh, Dumbartonshire",,private,"Dumbartonshire, U.K.",yes,,
1774,LARGE PLATE,item,Ceramics,porcelain,ceramics; porcelain(enamelled),"decorated with famille verte enamel colours with pavilion, powder-blue border",,Di. 52 cm,9 17C 18C,Qing,,,"DR. LEONARD GOW, nr. Helensburgh, Dumbartonshire",,private,"Dumbartonshire, U.K.",yes,,
1775&1776,LARGE PLATE,set,Ceramics,porcelain,ceramics; porcelain(enamelled),"decorated with birds in famille verte enamel colours, Pair with No. 1776",,Di. 46 cm,9 17C 18C,Qing,,,"DR. LEONARD GOW, nr. Helensburgh, Dumbartonshire",,private,"Dumbartonshire, U.K.",yes,,
1775&1776,LARGE PLATE,,Ceramics,porcelain,ceramics; porcelain(enamelled),"decorated with birds in famille verte enamel colours, Pair with No. 1775",,Di. 46 cm,9 17C 18C,Qing,,,"DR. LEONARD GOW, nr. Helensburgh, Dumbartonshire",,private,"Dumbartonshire, U.K.",yes,,
1777,PAIR OF PLATES,set,Ceramics,porcelain,ceramics; porcelain(enamelled),with phoenix and monsters in famille verte enamels,,Di. 36.2 cm,9 17C 18C,Qing,,,"MR. AND MRS. ALFRED CLARK, Iver Heath, Bucks",,private,"Buckinghamshire, U.K.",yes,,
1778,BOWL,item,Ceramics,porcelain,ceramics; porcelain(enamelled),decorated in underglaze blue and enamel colours in Japanese Arita style,,,9 17C 18C,Qing,,,"S. D. WINKWORTH, Walton-on-the-Hill, Surrey",,private,"Surrey, U.K.",yes,,
1779,SILK TAPESTRY (k'o ssŭ),item,Textile,Furnishings,textiles; silk,Children at Play,,63.2 by 88.8 cm,9 17C 18C,Ming,,,THE CHINESE GOVERNMENT,,government,China,,,
1780,TWELVE-FOLD "COROMANDEL" SCREEN,item,Lacquer,Furnishings,lacquer,decorated with phoenixes and flowers in a gold ground on one side and Dutch figures and landscape on the other,,H. 320 cm. W. 624 cm,9 17C 18C,Qing,,,"MADAME LANGWEIL, Paris",,private,"Paris, France",yes,,
1781&1782,SET OF THREE JARS AND COVERS &  PAIR OF BEAKERS,set,Ceramics,porcelain,ceramics; porcelain(enamelled),"with rocks, flowering plants and phoenixes in famille verte enamels, Companion pieces to No. 1782",,H. 78.7 cm,9 17C 18C,Qing,,,"ANTHONY DE ROTHSCHILD, London",,private,"London, U.K.",,,
1781&1782,SET OF THREE JARS AND COVERS &  PAIR OF BEAKERS,,Ceramics,porcelain,ceramics; porcelain(enamelled),"with rocks, flowering plants and phoenixes in famille verte enamels, Companion pieces to No. 1781",,H. 78.7 cm,9 17C 18C,Qing,,,"ANTHONY DE ROTHSCHILD, London",,private,"London, U.K.",,,
1783,SILK TAPESTRY (k'o ssŭ),item,Textile,Furnishings,textiles; silk,A Bamboo Rod Changing into a Dragon,,95.3 by 42.7 cm,9 17C 18C,Ming,,,THE CHINESE GOVERNMENT,,government,China,,,
1784&1806,VASE,set,Ceramics,porcelain,ceramics; porcelain,"decorated with vases and dragons, white on blue, Pair with No. 1806",,H. 43.5 cm,9 17C 18C,Qing,,,"DR. LEONARD GOW, nr. Helensburgh, Dumbartonshire",,private,"Dumbartonshire, U.K.",yes,,
1785&1807,BEAKER,set,Ceramics,porcelain,ceramics; porcelain,"with decoration in underglaze blue, Pair with No. 1807",,H. 45.5 cm,9 17C 18C,Qing,,,Lent ANONYMOUSLY,,private,,,,
1786,LARGE ROUND BRUSH WASHER,item,Ceramics,porcelain,ceramics; porcelain,"decorated in underglaze blue with a carp turning into a dragon, bottom unglazed",Mark of Kangxi period,Di. 39 cm,9 17C 18C,Qing,,,THE CHINESE GOVERNMENT,,government,China,,,
1787&1801,TRIPLE-GOURD VASE,set,Ceramics,porcelain,ceramics; porcelain,"decorated in underglaze blue with archaic bronze designs, Pair with No. 1801",,H. 43 cm,9 17C 18C,Qing,,,"DR. LEONARD GOW, nr. Helensburgh, Dumbartonshire",,private,"Dumbartonshire, U.K.",yes,,
1788&1800,VASE,set,Ceramics,porcelain,ceramics; porcelain,"with decoration in underglaze blue, chrysanthemum scrolls, Pair with No. 1800",,H. 43 cm,9 17C 18C,Qing,,,"DR. LEONARD GOW, nr. Helensburgh, Dumbartonshire",,private,"Dumbartonshire, U.K.",yes,,
1789,BOTTLE,item,Ceramics,porcelain,ceramics; porcelain,"of blue and white, with ladies and children in garden",,H. 28.7 cm,9 17C 18C,Qing,,,"C. E. RUSSELL, London",,private,"London, U.K.",yes,,
1790,VASE,item,Ceramics,porcelain,ceramics; porcelain,"of blue and white, with sage in landscape",,H. 19.2 cm,9 17C 18C,Qing,,,"C. E. RUSSELL, London",,private,"London, U.K.",yes,,
1791,BOTTLE,item,Ceramics,porcelain,ceramics; porcelain,"with onion top, and landscape in blue and white",,H. 27.5 cm,9 17C 18C,Qing,,,"C. E. RUSSELL, London",,private,"London, U.K.",yes,,
1792,PLATE,item,Ceramics,porcelain,ceramics; porcelain,painted in underglaze blue with peach sprays,,Di. 16.3 cm,9 17C 18C,Qing,,,"MR. AND MRS. ALFRED CLARK, Iver Heath, Bucks",,private,"Buckinghamshire, U.K.",,,
1793&1803,COVERED JAR,set,Ceramics,porcelain,ceramics; porcelain,"with panels of landscape and emblems in underglaze blue, Pair with No. 1803",,H. 35 cm,9 17C 18C,Qing,,,Lent ANONYMOUSLY,,private,,yes,,
1794,VASE,item,Ceramics,porcelain,ceramics; porcelain,with dragons and waves in underglaze blue,,H. 48.2 cm,9 17C 18C,Qing,,,"C. E. RUSSELL, London",,private,"London, U.K.",yes,,
1795,VASE,item,Ceramics,porcelain,ceramics; porcelain,"decorated in underglaze blue, white prunus in a blue ground",,H. 44 cm,9 17C 18C,Qing,,,"DR. LEONARD GOW, nr. Helensburgh, Dumbartonshire",,private,"Dumbartonshire, U.K.",yes,,
1796,VASE,item,Ceramics,porcelain,ceramics; porcelain,"porcelain, with river scene in underglaze blue",,H. 44 cm,9 17C 18C,Qing,,,"F. SCHILLER, Betchworth, Surrey",,private,"Surrey, U.K.",yes,,
1797,JAR,item,Ceramics,porcelain,ceramics; porcelain,decorated with prunus boughs in white in an underglaze blue ground,,H. 26 cm,9 17C 18C,Qing,,,"DR. LEONARD GOW, nr. Helensburgh, Dumbartonshire",,private,"Dumbartonshire, U.K.",yes,,
1798,JAR,item,Ceramics,porcelain,ceramics; porcelain,decorated with prunus boughs in white in underglaze blue ground,,H. 25 cm,9 17C 18C,Qing,,,Lent ANONYMOUSLY,,private,,,,
1799,LARGE VASE,item,Ceramics,porcelain,ceramics; porcelain,"decorated in underglaze blue, dragon boat",,H. 77.5 cm,9 17C 18C,Qing,,,"DR. LEONARD GOW, nr. Helensburgh, Dumbartonshire",,private,"Dumbartonshire, U.K.",,,
1788&1800,VASE,,Ceramics,porcelain,ceramics; porcelain,"with decoration in underglaze blue, chrysanthemum scrolls, Pair with No. 1788",,H. 43 cm,9 17C 18C,Qing,,,"DR. LEONARD GOW, nr. Helensburgh, Dumbartonshire",,private,"Dumbartonshire, U.K.",yes,,
1787&1801,TRIPLE-GOURD VASE,,Ceramics,porcelain,ceramics; porcelain,"decorated in underglaze blue with archaic bronze designs, Pair with No. 1787",,H. 43 cm,9 17C 18C,Qing,,,"DR. LEONARD GOW, nr. Helensburgh, Dumbartonshire",,private,"Dumbartonshire, U.K.",yes,,
1802,SET OF FIVE JARS,item,Ceramics,porcelain,ceramics; porcelain,decorated with tiger-lily scrolls in underglaze blue,,"H. 14.5 cm., 18 cm",9 17C 18C,Qing,,,Lent ANONYMOUSLY,,private,,,,
1793&1803,COVERED JAR,,Ceramics,porcelain,ceramics; porcelain,"with panels of landscape and emblems in underglaze blue, Pair with No. 1793",,H. 35 cm,9 17C 18C,Qing,,,Lent ANONYMOUSLY,,private,,yes,,
1804,PLATE,item,Ceramics,porcelain,ceramics; porcelain,painted with peach sprays in underglaze blue,Seal mark of Kangxi,Di. 16.3 cm,9 17C 18C,Qing,,,"MR. AND MRS. ALFRED CLARK, Iver Heath, Bucks",,private,"Buckinghamshire, U.K.",,,
1805,GARNITURE,item,Ceramics,porcelain,ceramics; porcelain,"decorated in underglaze blue with figure subjects, Three covered vases, Two beakers",,"H. 47 cm., 46 cm., 48 cm. H. 43 cm",9 17C 18C,Qing,,,"DR. LEONARD GOW, nr. Helensburgh, Dumbartonshire",,private,"Dumbartonshire, U.K.",yes,,
1784&1806,VASE,,Ceramics,porcelain,ceramics; porcelain,"decorated with vases and dragons, white on blue, Pair with No. 1784",,H. 43.5 cm,9 17C 18C,Qing,,,"DR. LEONARD GOW, nr. Helensburgh, Dumbartonshire",,private,"Dumbartonshire, U.K.",yes,,
1785&1807,BEAKER,,Ceramics,porcelain,ceramics; porcelain,"with decoration in underglaze blue, Pair with No. 1785",,H. 45.5 cm,9 17C 18C,Qing,,,Lent ANONYMOUSLY,,private,,,,
1808,SHAVING BOWL,item,Ceramics,porcelain,ceramics; porcelain,"porcelain, painted in underglaze blue",,Di. 27 cm,9 17C 18C,Qing,,,"S. D. WINKWORTH, Walton-on-the-Hill, Surrey",,private,"Surrey, U.K.",yes,,
1809,CARPET,item,Textile,Furnishings,textiles; wool,,,294 by 175 cm,9 17C 18C,Qing,,,"F. GUTMANN, Heemstede, Holland",,private,"North Holland, The Netherlands",yes,,
1810,SILK TAPESTRY (k'o ssŭ),item,Textile,Furnishings,textiles; silk,Landscape,,90.2 by 35.6 cm,9 17C 18C,Song,,,THE CHINESE GOVERNMENT,,government,China,yes,,
1811,TWELVE-FOLD "COROMANDEL" SCREEN,item,Lacquer,Furnishings,lacquer,landscapes and figures,,H. 274.5 cm. L. 609.8 cm,9 17C 18C,Qing,,,"SAXTON NOBLE, London",,private,"London, U.K.",yes,,
1812&1834,SEATED FIGURE OF OFFICIAL,set,Metals,,metalwork; iron,"cast iron, Pair with No. 1834",,H. 72 cm,9 17C 18C,Ming,,,"CHARLES SHANNON, R.A.",,private,"London, U.K.",yes,,
1813,JAR,item,Ceramics,porcelain,ceramics; porcelain(enamelled),"octagonal, porcelain, decorated with enamels and gilding in an iron-red ground, Good Wish characters in the panels",,H. 38 cm,9 17C 18C,Ming,,,"SIR PERCIVAL DAVID, BT., London",,private,"London, U.K.",yes,,
1814,VASE,item,Ceramics,porcelain,ceramics; porcelain(enamelled),"of baluster form, decorated with fishes, water weeds, lotus and birds in underglaze blue and enamel colours in a buff crackled ground",,H. 63.4 cm,9 17C 18C,Ming,,,"ANTHONY DE ROTHSCHILD, London",,private,"London, U.K.",yes,,
1815,VASE,item,Ceramics,porcelain,ceramics; porcelain,"porcelain imitating cloisonné enamel, with lotus design in blue ground",Mark of Qianlong period,H. 38.1 cm. W. 33 cm,9 17C 18C,Qing,,,"R. C. BRUCE, London",,private,"London, U.K.",yes,,
1816&1830,VALANCE,set,Textile,Furnishings,textiles; silk,"embroidered silk, Pair with No. 1830",,,9 17C 18C,Qing,,,"THE MISSES LEESON, London",,private,"London, U.K.",,,
1817&1829,COVERED JAR,set,Ceramics,porcelain,ceramics; porcelain(enamelled),"decorated in panels with famille verte enamel colours, in a seeded green ground, Pair with No. 1829",,H. 58 cm,9 17C 18C,Qing,,,"DR. LEONARD GOW, nr. Helensburgh, Dumbartonshire",,private,"Dumbartonshire, U.K.",yes,,
1818,CARPET,item,Textile,Furnishings,textiles; wool,,,257 by 165 cm,9 17C 18C,Qing,,,"THE ANGLO-PERSIAN CARPET COMPANY, London",,private,"London, U.K.",,,
1819,FISH-BOWL,item,Ceramics,porcelain,ceramics; porcelain(enamelled),"porcelain, with ducks and water plants in dark underglaze blue and enamel colours",Mark of Lung-ch'ing period,Di. 54.5 cm,9 17C 18C,Ming,,,"SIR PERCIVAL DAVID, BT., London",,private,"London, U.K.",yes,,
1820&1826,PAGODA,set,Ceramics,porcelain,ceramics; porcelain(enamelled),"porcelain, with decoration in underglaze blue and enamel colours, Pair with No. 1826",,H. 260 cm,9 17C 18C,Qing,,,"KENNETH CLARK, London",,private,"London, U.K.",,,
1821,PAIR OF CURTAINS and two bell-pulls,set,Textile,Furnishings,textiles; silk,"embroidered silk, Curtains",,W. 381.1 cm. L. 411.6 cm,9 17C 18C,Qing,,,"THE MISSES LEESON, London",,private,"London, U.K.",,,
1822,PALACE SCREEN,item,Organic Materials,,plant derived materials; teawood  ; enamel,"teakwood, with cloisonné enamel decorations and carvings of mountains and terraces",,H. 294 cm. W. 122.5 cm,9 17C 18C,Qing,,,THE CHINESE GOVERNMENT,,government,China,yes,,
1823,THRONE,item,Organic Materials,,plant derived materials; teawood  ; enamel,"teakwood, with decorations of cloisonné enamel and carvings of cloud scrolls and bats, With a footstool with designs in gold lacquer",,H. 96.5 cm. W. 110 cm,9 17C 18C,Qing,,,THE CHINESE GOVERNMENT,,government,China,yes,,
1824,PAIR OF CHINESE LIONS,set,Ceramics,porcelain,ceramics; porcelain(enamelled),"porcelain, enamelled on the biscuit",,H. 59.6 on stand,9 17C 18C,Qing,,,"THE HON. LADY WARD, London",,private,"London, U.K.",yes,,
1825,CARPET,item,Textile,Furnishings,textiles; silk,,,175.4 by 88.8 cm,9 17C 18C,Ming,,,"SPINK AND SON, LTD., London",,private,"London, U.K.",yes,,
1820&1826,PAGODA,,Ceramics,porcelain,ceramics; porcelain(enamelled),"porcelain, with decoration in underglaze blue and enamel colours, Pair with No. 1820",,H. 260 cm,9 17C 18C,Qing,,,"KENNETH CLARK, London",,private,"London, U.K.",,,
1827,FISH BOWL,item,Ceramics,porcelain,ceramics; porcelain(enamelled),"porcelain, decorated with dragons and fungus scrolls, in underglaze blue and yellow enamel",Mark of Wan-li period.,Di. 43.5 cm,9 17C 18C,Ming,,,"SIR PERCIVAL DAVID, BT., London",,private,"London, U.K.",yes,,
1828,CARPET,item,Textile,Furnishings,textiles; wool,,,270 by 175 cm,9 17C 18C,Qing,,,"THE ANGLO-PERSIAN CARPET COMPANY, London",,private,"London, U.K.",,,
1817&1829,COVERED JAR,,Ceramics,porcelain,ceramics; porcelain(enamelled),"decorated in panels with famille verte enamel colours, in a seeded green ground, Pair with No. 1817",,H. 58 cm,9 17C 18C,Qing,,,"DR. LEONARD GOW, nr. Helensburgh, Dumbartonshire",,private,"Dumbartonshire, U.K.",yes,,
1816&1830,VALANCE,,Textile,Furnishings,textiles; silk,"embroidered silk, Pair with No. 1816",,,9 17C 18C,Qing,,,"THE MISSES LEESON, London",,private,"London, U.K.",,,
1831,BEAKER-SHAPED VASE,item,Ceramics,porcelain,ceramics; porcelain(enamelled),with rectangular panels in famille verte enamel colours in a brocaded ground,,H. 72 cm,9 17C 18C,Qing,,,"DR. LEONARD GOW, nr. Helensburgh, Dumbartonshire",,private,"Dumbartonshire, U.K.",yes,,
1832,VASE,item,Ceramics,porcelain,ceramics; porcelain(enamelled),decorated with lotus design and birds in green and yellow enamels in a turquoise ground,,H. 35.5 cm,9 17C 18C,Ming,,,"DR. LINDLEY SCOTT, London",,private,"London, U.K.",yes,,
1833,LARGE VASE,item,Ceramics,porcelain,ceramics; porcelain(enamelled),decorated in famille verte enamel colours with dragon boat,,H. 71.6 cm,9 17C 18C,Qing,,,"DR. LEONARD GOW, nr. Helensburgh, Dumbartonshire",,private,"Dumbartonshire, U.K.",yes,,
1812&1834,SEATED FIGURE OF OFFICIAL,,Metals,,metalwork; iron,"cast iron, Pair with No. 1812",,H. 72 cm,9 17C 18C,Ming,,,"CHARLES SHANNON, R.A.",,private,"London, U.K.",yes,,
1835,TWELVE-FOLD "COROMANDEL" SCREEN,item,Lacquer,Furnishings,,landscape and figures,,H. 274.5 cm. L. 609.8 cm,9 17C 18C,Qing,,,"SAXTON NOBLE, London",,private,"London, U.K.",yes,,
1836&1847,PHEASANT,set,Ceramics,porcelain,ceramics; porcelain(enamelled),"porcelain,  painted with coral red and enamels,Pair with No. 1847",,H. 33.7 cm,9 17C 18C,Qing,,,"THE HON. LADY WARD, London",,private,"London, U.K.",,,
1837,CAT,item,Ceramics,porcelain,ceramics; porcelain,porcelain with blue glaze,,H. 14 cm,9 17C 18C,Qing,,,"HER GRACE THE DUCHESS OF ROXBURGHE, London",,private,"London, U.K.",,,
1838,PAIR OF PARROTS,set,Ceramics,porcelain,ceramics; porcelain,"porcelain, with aubergine glaze",,H. 25.5 cm,9 17C 18C,Qing,,,"THE HON. LADY WARD, London",,private,"London, U.K.",yes,,
1839,FOUR CRANES,item,Ceramics,porcelain,ceramics; porcelain(enamelled),porcelain enamelled on the biscuit,,H. 44 cm,9 17C 18C,Qing,,,"HER GRACE THE DUCHESS OF ROXBURGHE, London",,private,"Berwickshire, U.K.",,,
1840,PAIR OF DUCKS standing on lotus leaves,set,Ceramics,porcelain,ceramics; porcelain(enamelled),porcelain enamelled in colours,,H. 25.5 cm,9 17C 18C,Qing,,,"THE HON. LADY WARD, London",,private,"London, U.K.",yes,,
1841,THREE DUCKS,item,Ceramics,porcelain,ceramics; porcelain(enamelled),porcelain enamelled in colours,,H. 17 cm,9 17C 18C,Qing,,,"HER GRACE THE DUCHESS OF ROXBURGHE, London",,private,"London, U.K.",,,
1842,DUCK,item,Ceramics,stoneware,ceramics; stoneware,"stoneware, with a pale blue glaze, Kuangtung ware",,L. 21 cm,9 17C 18C,Qing,,,"THE HON. LADY WARD, London",,private,"London, U.K.",yes,,
1843,DUCK,item,Ceramics,pottery,Zisha ceramics; pottery,Yi Hsing ware,,L. 18 cm,9 17C 18C,Qing,,,"DR. HERBERT VON KLEMPERER, Berlin",,private,"Berlin, Germany",yes,,
1844,PAIR OF GEESE,set,Ceramics,porcelain,ceramics; porcelain,"porcelain, with coloured glazes",,H 25.5 cm,9 17C 18C,Qing,,,"THE HON. LADY WARD, London",,private,"London, U.K.",yes,,
1845,PAIR OF PHEASANTS,set,Ceramics,porcelain,ceramics; porcelain(enamelled),"porcelain, decorated with famille rose enamels",,H. 35.5 cm,9 17C 18C,Qing,,,"DAVID HOLT, London",,private,"London, U.K.",yes,,
1846&1864,PHEASANT,set,Ceramics,porcelain,ceramics; porcelain(enamelled),"porcelain, decorated with famille rose enamels, Pair with No. 1864",,H. 61 cm,9 17C 18C,Qing,,,"HER GRACE THE DUCHESS OF ROXBURGHE, London",,private,"London, U.K.",yes,,
1836&1847,PHEASANT,,Ceramics,porcelain,ceramics; porcelain(enamelled),"porcelain,  painted with coral red and enamels,Pair with No. 1836",,H. 33.7 cm,9 17C 18C,Qing,,,"THE HON. LADY WARD, London",,private,"London, U.K.",,,
1848,QUAIL,item,Ceramics,porcelain,ceramics; porcelain(enamelled),enamelled on the biscuit,,H. 17 cm,9 17C 18C,Qing,,,"DR. LEONARD GOW, nr. Helensburgh, Dumbartonshire",,private,"Dumbartonshire, U.K.",yes,,
1849,PAIR OF DUCKS,set,Ceramics,porcelain,ceramics; porcelain(enamelled),decorated with enamels on the biscuit,,H. 28 cm,9 17C 18C,Qing,,,"DR. LEONARD GOW, nr. Helensburgh, Dumbartonshire",,private,"Dumbartonshire, U.K.",yes,,
1850,COCK,item,Ceramics,porcelain,ceramics; porcelain(enamelled),enamelled on the biscuit,,H. 30.5 cm,9 17C 18C,Qing,,,"DR. LINDLEY SCOTT, London",,private,"London, U.K.",yes,,
1851,COCK,item,Ceramics,porcelain,ceramics; porcelain(enamelled),"porcelain, decorated in enamel colours",,H. 25.4 cm,9 17C 18C,Qing,,,"HER GRACE THE DUCHESS OF ROXBURGHE, London",,private,"London, U.K.",yes,,
1852,DEER standing on a rocky base,item,Ceramics,pottery,ceramics; porcelain,"porcelain, with peach-bloom glaze",,H. 15.5 cm,9 17C 18C,Qing,,,"THE HON. LADY WARD, London",,private,"London, U.K.",yes,,
1853,HORSE AND MAN,item,Ceramics,porcelain,ceramics; porcelain(enamelled),"porcelain, enamelled on the biscuit",,H. 10.7 cm,9 17C 18C,Qing,,,"THE HON. LADY WARD, London",,private,"London, U.K.",yes,,
1854,HORSE,item,Ceramics,porcelain,ceramics; porcelain(enamelled),"porcelain, enamelled in black on the biscuit",,H. 12.1 cm,9 17C 18C,Qing,,,"THE HON. LADY WARD, London",,private,"London, U.K.",yes,,
1855,HORSE,item,Ceramics,porcelain,ceramics; porcelain(enamelled),"porcelain, enamelled in aubergine on the biscuit",,H. 11.4 cm,9 17C 18C,Qing,,,"THE HON. LADY WARD, London",,private,"London, U.K.",yes,,
1856,PAIR OF CATS,set,Ceramics,porcelain,ceramics; porcelain,with yellow-glazed and aubergine patches,,H. 13.4 cm. W. 10.9 cm,9 17C 18C,Qing,,,"W. F. VAN HEUKELOM, Amsterdam",,private,"Amsterdam, Netherlands",yes,,
1857,PAIR OF LIONS,set,Ceramics,porcelain,ceramics; porcelain(enamelled),enamelled on the biscuit,,H. 15.2 cm,9 17C 18C,Qing,,,"DR. LEONARD GOW, nr. Helensburgh, Dumbartonshire",,private,"Dumbartonshire, U.K.",yes,,
1858,FIGURE OF LAO TZŬ,item,Ceramics,porcelain,ceramics; porcelain(enamelled),"seated on a buffalo, Porcelain with coloured glazes",,H. 30 cm,9 17C 18C,Qing,,,"DR. HERBERT VON KLEMPERER, Berlin",,private,"Berlin, Germany",yes,,
1859,FIGURES OF A MAN AND OF A WOMAN,item,Ceramics,porcelain,ceramics; porcelain(enamelled),"porcelain, enamelled on the biscuit",,H. 25 cm,9 17C 18C,Qing,,,"DR. LEONARD GOW, nr. Helensburgh, Dumbartonshire",,private,"Dumbartonshire, U.K.",yes,,
1860,GROUP of two dogs,item,Ceramics,porcelain,ceramics; porcelain,white porcelain,,H. 9.4 cm,9 17C 18C,Qing,,,"THE HON. LADY WARD, London",,private,"London, U.K.",yes,,
1861,PAIR OF LIONS,set,Ceramics,porcelain,ceramics; porcelain(enamelled),enamelled on the biscuit,,H. 15.2 cm,9 17C 18C,Qing,,,"DR. LEONARD GOW, nr. Helensburgh, Dumbartonshire",,private,"Dumbartonshire, U.K.",yes,,
1862,PAIR OF SPARROWHAWKS,set,Ceramics,porcelain,ceramics; porcelain(enamelled),"porcelain, with blue and brown enamel decoration",,H. 27.9 cm,9 17C 18C,Qing,,,"HER GRACE THE DUCHESS OF ROXBURGHE, London",,private,"London, U.K.",,,
1863,COCK,item,Ceramics,porcelain,ceramics; porcelain(enamelled),decorated in famille rose enamels,,H. 31.5 cm,9 17C 18C,Qing,,,"MRS. W. J. HOLT, London",,private,"London, U.K.",yes,,
1846&1864,PHEASANT,,Ceramics,porcelain,ceramics; porcelain(enamelled),"porcelain, decorated with famille rose enamels, Pair with No. 1846",,H. 61 cm,9 17C 18C,Qing,,,"HER GRACE THE DUCHESS OF ROXBURGHE, London",,private,"London, U.K.",yes,,
1865,EWER,item,Ceramics,porcelain,ceramics; porcelain(enamelled),"in form of a monkey, with aubergine enamel on the biscuit",,H. 15 cm,9 17C 18C,Qing,,,"THE HON. LADY WARD, London",,private,"London, U.K.",yes,,
1866,MONKEY holding a peach in one hand,item,Ceramics,porcelain,ceramics; porcelain,"porcelain, penciled with rouge de fer",,H. 21.6 cm,9 17C 18C,Qing,,,"THE HON. LADY WARD, London",,private,"London, U.K.",yes,,
1867,FISH BOWL,item,Ceramics,porcelain,ceramics; pottery,"pottery, with lotus decoration in coloured glazes, purplish-blue ground",,Di. 86.4 cm,9 17C 18C,Ming,,,"SAXTON NOBLE, London",,private,"London, U.K.",yes,,
1868,Painting in colour on silk,item,Paintings and Calligraphy,Genre painting,textiles; silk,The Four Happy Omens,,H. 185.5 cm. W. 87.1 cm,10 Late Ming,Qing,,CHIANG TING-HSI (A.D. 1669-1732),THE CHINESE GOVERNMENT,,government,China,,,
1869,PANEL,item,Textile,Furnishings,textiles; velvet,cut velvet,,"H. 292.2 cm., W. 193.1 cm",10 Late Ming,Qing,,,"E. BENJAMIN, London",,private,"London, U.K.",,,
1870,"JAR, ovoid",item,Ceramics,porcelain,ceramics; stoneware,"red stoneware covered with white slip and floral designs in black under turquoise glaze, Tz'ŭ Chou type",,H. 27.9 cm,10 Late Ming,Song,,,"RUSSELL TYSON, Chicago",,private,"Illinois, U.S.A.",,,
1871,JAR,item,Ceramics,porcelain,ceramics; porcelain,"porcelain, with peacocks and peonies in raised outline and coloured glazes, green ground",,H. 29.3 cm,10 Late Ming,Ming,,,THE BRITISH MUSEUM (Eumorfopoulos Collection),,museum,"London, U.K.",yes,,
1872,JAR,item,Ceramics,porcelain,ceramics; porcelain,with brown glaze and reliefs,"Inscribed, ""Made by Chun Ta-ching, in the 11th year of the Kangxi Period""",H. 15 cm,10 Late Ming,Qing,,,"DR. E. HULTMARK, Stockholm",,private,"Stockholm, Sweden",yes,,
1873,VASE,item,Ceramics,stoneware,ceramics; stoneware,"stoneware, with panels of figures in black under a blue glaze, Tz'ŭ Chou type",,H. 30 cm,10 Late Ming,Yuan,,,THE BRITISH MUSEUM (Eumorfopoulos Collection),,museum,"London, U.K.",yes,,
1874,VASE,item,Ceramics,stoneware,ceramics; stoneware,"oval, stoneware with incised phoenixes and flowers and coloured glazes",,H. 23 cm,10 Late Ming,Ming,,,THE BRITISH MUSEUM (Eumorfopoulos Collection),,museum,"London, U.K.",yes,,
1875,JAR,item,Ceramics,stoneware,ceramics; stoneware,"stoneware, with floral scrolls in relief in a green glaze.",,H. 30 cm,10 Late Ming,Ming,,,THE UNIVERSITY OF OXFORD (Ashmolean Museum),"From the Tradescant Collection, formed by the father (d. A.D. 1627) of John Tradescant, and given to Elias Ashmole in A.D. 1659",museum,"Oxfordshire, U.K.",yes,,
1876,VASE,item,Ceramics,stoneware,ceramics; stoneware,"stoneware, with openwork sides and designs of foliage and symbols in relief, Coloured glazes in a dark-blue ground",,H. 28 cm,10 Late Ming,Ming,,,"SIR PERCIVAL DAVID, BT., London",,private,"London, U.K.",yes,,
1877,"VASE, hexagonal",item,Ceramics,stoneware,ceramics; stoneware,"brown stoneware with frothy grey glaze, Probably Kuangtung ware",,H. 19 cm,10 Late Ming,Ming,,,THE BRITISH MUSEUM (Eumorfopoulos Collection),,museum,"London, U.K.",yes,,
1878,SMALL VASE (p'ing),item,Ceramics,porcelain,ceramics; porcelain,"in the form of a Chinese bugle, with sleek lavender-grey glaze, Kuangtung ware",,H. 14.3 cm,10 Late Ming,Ming,,,THE CHINESE GOVERNMENT,,government,China,,,
1879,SMALL VASE (hsiao tsun),item,Ceramics,porcelain,ceramics; porcelain,"with glossy greyish-green glaze, Kuangtung ware",,H. 7.3 cm,10 Late Ming,Ming,,,THE CHINESE GOVERNMENT,,government,China,,,
1880,BOTTLE,item,Ceramics,stoneware,Zisha ceramics; pottery,"buff stoneware, with lotus designs in raised outline and coloured glazes, green ground",,H. 36.8 cm,10 Late Ming,Ming,,,"H. J. OPPENHEIM, London",,private,"London, U.K.",yes,,
1881,TEA POT,item,Ceramics,pottery,Zisha ceramics; pottery,"polished red stoneware, Yi-hsing ware","Incised mark of potter, Hui Mêng-chên, and date A.D. 1723",H. 5.8 cm,10 Late Ming,Qing,,,"SIR PERCIVAL DAVID, BT., London",,private,"London, U.K.",yes,,
1882,TEA POT,item,Ceramics,pottery,Zisha ceramics; pottery,"five-lobed, pottery, with brown pear-skin surface, Yi-hsing ware",Mark of Shih Ta-pin and Yu Chao Ko (Hall),H. 9.5 cm,10 Late Ming,Ming,,,"SIR PERCIVAL DAVID, BT., London",,private,"London, U.K.",yes,,
1883,WATER POT,item,Ceramics,pottery,Zisha ceramics; pottery,"in the form of a bamboo shoot, Yi-hsing ware","Sealmark of Ch'en Ming-yüan, Ch'ing Dynasty",L. 12 cm,10 Late Ming,Qing,,,"SIR PERCIVAL DAVID, BT., London",,private,"London, U.K.",yes,,
1884,BEAKER (ku),item,Ceramics,pottery,Zisha ceramics; pottery,"of bronze form, red stoneware, with decoration in relief, Yi-hsing ware","Seal mark, ch'ên chin hou chih (Made by Ch'ên Chin-hou)",H. 25.7 cm,10 Late Ming,Qing,,,"SIR PERCIVAL DAVID, BT., London",,private,"London, U.K.",yes,,
1885,BRUSH REST,item,Ceramics,pottery,Zisha ceramics; pottery,"in form of a prunus bough, brown stoneware, Yi-hsing ware","Seal mark of Ch'ên Tzŭ-wei, Ch'ing Dynasty",L. 11.5 cm,10 Late Ming,Qing,,,"SIR PERCIVAL DAVID, BT., London",,private,"London, U.K.",yes,,
1886,TEA POT,item,Ceramics,pottery,Zisha ceramics; pottery,"rectangular, red stoneware, with pear-skin surface, Yi-hsing ware",Incised mark of Shih Ta-pin and date A.D. 1597,H. 12.8 cm,10 Late Ming,Ming,,,"SIR PERCIVAL DAVID, BT., London",,private,"London, U.K.",yes,,
1887,DISH,item,Ceramics,stoneware,ceramics; stoneware,"with foliate edge, stoneware, with lavender-blue glaze running into a crystalline pool, Kuangtung ware",,Di. 21 cm,10 Late Ming,Qing,,,THE BRITISH MUSEUM (Eumorfopoulos Collection),,museum,"London, U.K.",yes,,
1888,BASIN,item,Ceramics,porcelain,ceramics; porcelain,with moulded peony scrolls under a buff-white crackled glaze,,Di. 35 cm,10 Late Ming,Song,,,THE CHINESE GOVERNMENT,,government,China,yes,,
1889,BOTTLE,item,Ceramics,porcelain,ceramics; porcelain,"porcelain, with mottled green glaze imitating jade",,H. 28 cm,10 Late Ming,Qing,,,THE BRITISH MUSEUM (Eumorfopoulos Collection),,museum,"London, U.K.",yes,,
1890,SMALL CUP in the shape of a lotus,item,Ceramics,stoneware,ceramics; stoneware,"stoneware, with streaky blue glaze, Kuangtung ware",,H. 4 cm,10 Late Ming,Ming,,,"M. CALMANN, Paris",,private,"Paris, France",yes,,
1891,INCENSE BURNER,item,Ceramics,stoneware,ceramics; stoneware,"two handled, stoneware, with speckled blue and grey glaze shot with black, Kuangtung ware",,H. 15 cm,10 Late Ming,Qing,,,"SIR PERCIVAL DAVID, BT., London",,private,"London, U.K.",yes,,
1892,VASE (liu),item,Ceramics,porcelain,ceramics; porcelain,"bronze form, with warm grey crackled glaze and animal masks and rings in relief, Kuangtung ware",,H. 26.3 cm,10 Late Ming,Ming,,,THE CHINESE GOVERNMENT,,government,China,,,
1893,BOWL,item,Ceramics,stoneware,ceramics; stoneware,"stoneware, with sealing-wax red glaze outside, Kuangtung ware",,Di. 22 cm,10 Late Ming,Ming,,,THE BRITISH MUSEUM (Eumorfopoulos Collection),,museum,"London, U.K.",yes,,
1894,VASE (mei-p'ing),item,Ceramics,porcelain,ceramics; porcelain,"with yellowish-grey crackled glaze and decoration of peony sprays in relief, Kuangtung ware",,H. 34.2 cm,10 Late Ming,Ming,,,THE CHINESE GOVERNMENT,,government,China,,,
1895,SQUARE VASE (liu),item,Ceramics,porcelain,ceramics; porcelain,"with mottled grey and brown glaze with passages of ""cel-blue,"" Kuangtung ware",The characters yu chien incised on the base,H. 26.7 cm,10 Late Ming,Ming,,,THE CHINESE GOVERNMENT,,government,China,yes,,
1896,VASE (p'ing),item,Ceramics,porcelain,ceramics; porcelain,"in the shape of an earth symbol (ts'ung), with warm grey crackled glaze, Kuangtung ware",,H. 33.4 cm,10 Late Ming,Ming,,,THE CHINESE GOVERNMENT,,government,China,,,
1897,INCENSE VASE,item,Ceramics,stoneware,ceramics; stoneware,"on three feet, stoneware, with blue glaze splashed with deep purple, Kuangtung ware",,H. 20 cm,10 Late Ming,Ming,,,THE BRITISH MUSEUM (Eumorfopoulos Collection),,museum,"London, U.K.",yes,,
1898,Painting in colour on silk,item,Paintings and Calligraphy,Landscape,textiles; silk,in the style of Huang Kung-wang. Landscape,Signed and dated A.D. 1675 by the artist,H. 134.9 cm. W. 78.8 cm,10 Late Ming,Qing,,WANG CHIEN (A.D. 1598-1677),THE CHINESE GOVERNMENT,,government,China,,,
1899,VASE AND COVER,item,Ceramics,porcelain,ceramics; porcelain(enamelled),decorated with fishes and water weeds in underglaze blue and enamel colours,Mark of Chia-ching period,H. 46.9 cm,10 Late Ming,Ming,,,"SIR JOHN BUCHANAN-JARDINE, BT., London",,private,"London, U.K.",yes,,
1900,LARGE SCREEN,item,Cloisonné,,cloisonné enamel,"cloisonné enamel, with landscape",,H. 190.6 cm.W. 92.7 cm,10 Late Ming,Qing,,,"SIR JOHN BUCHANAN-JARDINE, BT., London",,private,"London, U.K.",yes,,
1901,Painting in ink on paper,item,Paintings and Calligraphy,Landscape,plant derived materials; paper,Landscape in the style of Wu Chên,,H. 199.8 cm. W. 106 cm,10 Late Ming,Qing,,WU LI (A.D. 1632-1718),THE CHINESE GOVERNMENT,,government,China,,,
1902,SILK TAPESTRY (k'o ssŭ),item,Textile,Furnishings,textiles; silk,Red and White Flowers,,40.1 by 67.8 cm,10 Late Ming,Qing,,,THE CHINESE GOVERNMENT,,government,China,yes,,
1903,Painting in colour on paper,item,Paintings and Calligraphy,Animal and plants,plant derived materials; paper,Still Life. flower arrangement,,H. 42.2 cm. W. 74.5 cm,10 Late Ming,Qing,,TSOU I-KUEI (A.D. 1686-1772),THE CHINESE GOVERNMENT,,government,China,yes,,
1904,Painting in ink on paper,item,Paintings and Calligraphy,Landscape,plant derived materials; paper,In the Shadow of Trees in Summer,,H. 321.7 cm. W. 102.3 cm,10 Late Ming,Ming,,TUNG CH'I-CH'ANG (A.D. 1555-1636),THE CHINESE GOVERNMENT,,government,China,yes,,
1905,VASE,item,Ceramics,porcelain,ceramics; porcelain(enamelled),with the Eight Immortals in rich blue in a ground of iron-red enamel,,H. 40.6 cm,10 Late Ming,Ming,,,"THE HON. SIR EVAN CHARTERIS, K.C., London",,private,"London, U.K.",yes,,
1906,SEATED BUDDHA,item,Ceramics,porcelain,ceramics; porcelain,white porcelain,,H. 72 cm,10 Late Ming,Ming,,,"S. D. WINKWORTH, London",,private,"London, U.K.",yes,,
1907,BOTTLE,item,Ceramics,porcelain,ceramics; porcelain,"with onion top and decoration of dragons and scrolls, in underglaze blue",,H. 60 cm,10 Late Ming,Ming,,,"S. D. WINKWORTH, Walton-on-the-Hill, Surrey",,private,"Surrey, U.K.",,,
1908,JAR,item,Ceramics,porcelain,ceramics; porcelain(enamelled),"decorated with fishes and water weeds, in underglaze blue and yellow enamel",Mark of Chia-ching,H. 30.5 cm,10 Late Ming,Ming,,,"MR. AND MRS. ALFRED CLARK, Iver Heath, Bucks",,private,"Buckinghamshire, U.K.",,,
1909,PANEL,item,Textile,Furnishings,textiles; velvet,cut velvet,,412 by 134 cm,10 Late Ming,Qing,,,"L. MICHON, Paris",,private,"Paris, France",,,
1910,WINE JAR AND COVER,item,Ceramics,porcelain,ceramics; porcelain,"painted in Mohammedan blue, with landscape and children","Mark of Chia-ching period, Ming Dynasty",H. 46.4 cm,10 Late Ming,Ming,,,"MR. AND MRS. ALFRED CLARK, Iver Heath, Bucks",,private,"Buckinghamshire, U.K.",,,
1911,WINE JAR,item,Ceramics,porcelain,ceramics; porcelain(enamelled),"decorated in underglaze blue and ""five colour"" enamels, with six dragon medallions and floral designs","Mark of Chia-ching period, Ming Dynasty",H. 37.4 cm,10 Late Ming,Ming,,,"H. J. OPPENHEIM, London",,private,"London, U.K.",yes,,
1912,VASE,item,Ceramics,porcelain,ceramics; porcelain(enamelled),"bottle-shaped, with decoration of ducks, insects and water-plants in underglaze blue and enamels","Mark of Wan-li, Ming Dynasty",H. 55.3 cm,10 Late Ming,Ming,,,"MR. AND MRS. ALFRED CLARK, Iver Heath, Bucks",,private,"Buckinghamshire, U.K.",yes,,
1913,BOWL,item,Ceramics,porcelain,ceramics; porcelain,with deep blue glaze outside and gilded lotus scrolls,"""Cash"" mark, ch'ang mou fu kuei (Long Life, Riches and Honours), Period of Chia-ching, Ming Dynasty",Di. 11.9 cm,10 Late Ming,Ming,,,"SIR PERCIVAL DAVID, BT., London",,private,"London, U.K.",,,
1914,BOWL,item,Ceramics,porcelain,ceramics; porcelain,with iron-red outside and gilded lotus scrolls,"Mark in blue fu kuei chia ch'i (Fine Vessel for the Rich and Honourable), Period of Chia-ching, Ming Dynasty",Di. 11.8 cm,10 Late Ming,Ming,,,"SIR PERCIVAL DAVID, BT., London",,private,"London, U.K.",,,
1915,VASE of double-gourd shape,item,Ceramics,porcelain,ceramics; porcelain,"decorated with designs symbolic of longevity, in underglaze blue",Mark of Chia-ching,H. 44.4 cm,10 Late Ming,Ming,,,"H. J. OPPENHEIM, London",,private,"London, U.K.",yes,,
1916,BOWL,item,Ceramics,porcelain,ceramics; porcelain(enamelled),with green enamel outside and gilded lotus scrolls,"Mark in blue fu kuei chia ch'i (Fine Vessel for the Rich and Honourable), Period of Chia-ching, Ming Dynasty",Di. 11.8 cm,10 Late Ming,Ming,,,"SIR PERCIVAL DAVID, BT., London",,private,"London, U.K.",,,
1917,BOWL,item,Ceramics,porcelain,ceramics; porcelain,decorated with underglaze blue and gilding,"Mark of Chia-ching period, Ming Dynasty",Di. 12.2 cm,10 Late Ming,Ming,,,"SIR PERCIVAL DAVID, BT., London",,private,"London, U.K.",,,
1918,EWER,item,Ceramics,porcelain,ceramics; porcelain(enamelled),"in the form of a dancing girl, porcelain painted in green and red enamels with details in underglaze blue",,H. 29.2 cm,10 Late Ming,Ming,,,"SIR PERCIVAL DAVID, BT., London",,private,"London, U.K.",yes,,
1919,BOWL,item,Ceramics,porcelain,ceramics; porcelain,decorated with flowers and insects in underglaze blue and gilding.,"Shop mark, Period of Chia-ching, Ming Dynasty",Di. 14.5 cm,10 Late Ming,Ming,,,"KUNSTHISTORISCHES MUSEUM, Vienna","Formerly in the possession of Prince Ferdinand (A.D. 1529-1595), Landgrave of Alsace and Count of Tyrol",museum,"Vienna, Austria",yes,,
1920,KUAN-YIN,item,Ceramics,porcelain,ceramics; porcelain,blue and white porcelain,,H. 40 cm,10 Late Ming,Ming,,,"C. E. RUSSELL, London",,private,"London, U.K.",yes,,
1921,BOWL,item,Ceramics,porcelain,ceramics; porcelain(enamelled),"decorated with fishes and water weeds in enamel colours, gilding and underglaze blue.","Good-wish mark, Period of Chia-ching, Ming Dynasty",Di. 12 cm,10 Late Ming,Ming,,,"KUNSTHISTORISCHES MUSEUM, Vienna","Formerly in the possession of Prince Ferdinand (A.D. 1529-1595), Landgrave of Alsace and Count of Tyrol",museum,"Vienna, Austria",yes,,
1922,BOWL,item,Ceramics,porcelain,ceramics; porcelain,decorated with winged dragons in underglaze blue and gilding.,"Shop mark, Period of Chia-ching, Ming Dynasty",Di. 14.5 cm,10 Late Ming,Ming,,,"KUNSTHISTORISCHES MUSEUM, Vienna","Formerly in the possession of Prince Ferdinand (A.D. 1529-1595), Landgrave of Alsace and Count of Tyrol",museum,"Vienna, Austria",yes,,
1923,EWER,item,Ceramics,porcelain,ceramics; porcelain,"blue glaze, with chi-lin design in biscuit on either side",,,10 Late Ming,Ming,,,"SIR PERCIVAL DAVID, BT., London",,private,"London, U.K.",yes,,
1924,DOUBLE-GOURD BOTTLE,item,Ceramics,porcelain,ceramics; porcelain,with decoration of lotus scrolls in iron-red in a green ground,"Mark of Chia-ching period, Ming Dynasty",H. 21.8 cm,10 Late Ming,Ming,,,"SIR PERCIVAL DAVID, BT., London",,private,"London, U.K.",yes,,
1925,BOWL,item,Ceramics,porcelain,ceramics; porcelain(enamelled),decorated with iron-red medallions and pendant jewels in enamel,"Seal mark in blue, fu kuei chia ch'i (Fine Vessel for the Rich and Honourable)",Di. 11.8 cm,10 Late Ming,Ming,,,"SIR PERCIVAL DAVID, BT., London",,private,"London, U.K.",,,
1926,CHUNG-LI CH'ÜAN (Taoist Immortal),item,Ceramics,porcelain,ceramics; porcelain,"seated, holding his fan, porcelain, decorated in underglaze blue",,H. 38.7 cm,10 Late Ming,Ming,,,"BLUETT AND SONS, London",,private,"London, U.K.",yes,,
1927,BOWL,item,Ceramics,porcelain,ceramics; porcelain(enamelled),with landscape and children in red enamel in a yellow ground,"Mark of Chia-ching period, Ming Dynasty",Di. 10.5 cm,10 Late Ming,Ming,,,THE BRITISH MUSEUM (Eumorfopoulos Collection),,museum,"London, U.K.",yes,,
1928,DOUBLE-GOURD BOTTLE,item,Ceramics,porcelain,ceramics; porcelain,with floral scrolls in underglaze blue and iron-red in a yellow ground,"Mark of Chia-ching period, Ming Dynasty",H. 19.5 cm,10 Late Ming,Ming,,,"SIR PERCIVAL DAVID, BT., London",,private,"London, U.K.",yes,,
1929,BOWL,item,Ceramics,porcelain,ceramics; porcelain,"with foliate edge, decorated with plants, butterflies and birds in pale silvery underglaze blue","Mark of Wan-li, Ming Dynasty",Di. 14 cm,10 Late Ming,Ming,,,"H. J. OPPENHEIM, London",,private,"London, U.K.",yes,,
1930,BOWL,item,Ceramics,porcelain,ceramics; porcelain,with blue dragons in yellow ground,"Mark of Lung-ch'ing period, Ming Dynasty",Di. 13.9 cm,10 Late Ming,Ming,,,"F. HOWARD PAGET, Broadstairs",,private,"Kent, U.K.",,,
1931,CUP,item,Ceramics,porcelain,ceramics; porcelain,"porcelain, decorated with openwork and underglaze blue including good-wish characters","Mark of Wan-li period, Ming Dynasty",Di. 9 cm,10 Late Ming,Ming,,,"SIR PERCIVAL DAVID, BT., London",,private,"London, U.K.",yes,,
1932,TEA POT,item,Ceramics,porcelain,ceramics; porcelain,with decoration of boys playing at horses in underglaze blue,"Mark of Chia-ching period, Ming Dynasty",H. 29 cm,10 Late Ming,Ming,,,"SIR PERCIVAL DAVID, BT., London",,private,"London, U.K.",yes,,
1933,STEM-CUP,item,Ceramics,porcelain,ceramics; porcelain,"porcelain, with delicate openwork and medallions of applied relief, background decorated in underglaze blue","Mark of Wan-li period, Ming Dynasty",H. 6.7 cm,10 Late Ming,Ming,,,"THE GERMAN STATE MUSEUMS, Berlin",,museum,"Berlin, Germany",yes,,
1934,CUP,item,Ceramics,porcelain,ceramics; porcelain,"porcelain, with delicately perforated sides",Inscribed with a poem,H. 5 cm,10 Late Ming,Ming,,,"CAPTAIN A. T. WARRE, Hove",,private,"East Sussex, U.K.",yes,,
1935,BOWL,item,Ceramics,porcelain,ceramics; porcelain,"porcelain, with underglaze blue decoration and incised key fret","Mark of Wan-li period, Ming Dynasty",Di. 15 cm,10 Late Ming,Ming,,,"SIR PERCIVAL DAVID, BT., London",,private,"London, U.K.",,,
1936,SMALL BOWL,item,Ceramics,porcelain,ceramics; porcelain(enamelled),with decoration of playing boys in enamel colours,"Mark of Yung-lo period, Ming Dynasty",Di. 12 cm,10 Late Ming,Ming,,,"MR. AND MRS. ALFRED CLARK, Iver Heath, Bucks",,private,"Buckinghamshire, U.K.",yes,,
1937,BOWL,item,Ceramics,porcelain,ceramics; porcelain,with phoenix and peony scrolls in coloured glazes in a ground of clouded aubergine,"Mark of Chia-ching period, Ming Dynasty",Di. 17.7 cm,10 Late Ming,Ming,,,"H. J. OPPENHEIM, London",,private,"London, U.K.",yes,,
1938,WINE POT,item,Ceramics,porcelain,ceramics; porcelain,"in form of a phoenix, porcelain, with coloured glazes and gilding",,H. 28.3 cm,10 Late Ming,Ming,,,"STAATLICHE PORZELLANSAMMLUNG, Dresden",,private,"Saxony, Germany",yes,,
1939,VASE,item,Ceramics,porcelain,ceramics; porcelain(enamelled),"of double-gourd shape, the lower bulb square, porcelain, with green enamel and traces of gilding",,H. 22 cm,10 Late Ming,Ming,,,"SIR PERCIVAL DAVID, BT., London",,private,"London, U.K.",,,
1940,WINE POT,item,Ceramics,porcelain,ceramics; porcelain,"in form of a crayfish, porcelain, with coloured glazes and gilding",,H. 21 cm,10 Late Ming,Ming,,,"STAATLICHE PORZELLANSAMMLUNG, Dresden",,private,"Saxony, Germany",,,
1941,BOWL,item,Ceramics,porcelain,ceramics; porcelain,with carved decoration of a bird and magnolia in coloured glazes in a yellow ground,"Mark of Chia-ching period, Ming Dynasty",Di. 17.7 cm,10 Late Ming,Ming,,,"H. J. OPPENHEIM, London",,private,"London, U.K.",yes,,
1942,BOWL,item,Ceramics,porcelain,ceramics; porcelain,"porcelain, with the Eight Immortals in relief in panels with openwork between",,Di. 8.5 cm,10 Late Ming,Ming,,,"SIR PERCIVAL DAVID, BT., London",,private,"London, U.K.",yes,,
1943,SAUCER DISH,item,Ceramics,porcelain,ceramics; porcelain,"porcelain, engraved with sprays of fruit under a yellow glaze","Mark of Chia-ching period, Ming Dynasty",Di. 12.5 cm,10 Late Ming,Ming,,,"THE GEMEENTE MUSEUM, The Hague, Holland",,museum,"The Hague, Netherlands",yes,,
1944,SAUCER DISH,item,Ceramics,porcelain,ceramics; porcelain,with incised clouds and dragons under green glaze in aubergine ground,"Mark of Wan-li period, Ming Dynasty",Di. 13.7 cm,10 Late Ming,Ming,,,"SIR PERCIVAL DAVID, BT., London",,private,"London, U.K.",,,
1945,BOWL,item,Ceramics,porcelain,ceramics; porcelain,decorated with Buddhist subjects in three-colour glazes,"Mark of Chia-ching period, Ming Dynasty",Di. 19.6 cm,10 Late Ming,Ming,,,"SIR PERCIVAL DAVID, BT., London",,private,"London, U.K.",yes,,
1946,CUP,item,Ceramics,porcelain,ceramics; porcelain,with sprays of flowers in colour in an aubergine ground,"Mark of Chia-ching period, Ming Dynasty",H. 8.4 cm,10 Late Ming,Ming,,,"C. KEMPE, Stockholm",,private,"Stockholm, Sweden",yes,,
1947,BOWL,item,Ceramics,porcelain,ceramics; porcelain,with cranes and clouds in yellow ground,"Mark of Chia-ching period, Ming Dynasty",Di. 17.7 cm,10 Late Ming,Ming,,,"MR. AND MRS. ALFRED CLARK, Iver Heath, Bucks",,private,"Buckinghamshire, U.K.",yes,,
1948,WATER POT,item,Ceramics,porcelain,,"cylindrical, with encrusted decoration of Taoist figures and clouds",,Di. 8.5 cm,10 Late Ming,Ming,,,"SIR PERCIVAL DAVID, BT., London",,private,"London, U.K.",yes,,
1949,JAR,item,Ceramics,porcelain,ceramics; porcelain(enamelled),"porcelain, enamelled with yellow dragons in red ground","Mark of Chia-ching period, Ming Dynasty",H. 20.3 cm,10 Late Ming,Ming,,,"DR. E. HULTMARK, Stockholm",,private,"Stockholm, Sweden",yes,,
1950,PLATE,item,Ceramics,porcelain,enamel,with decoration of dragon and waves in enamel colours,"Inscribed with a cyclical date mark, perhaps A.D. 1575",W. 27 cm,10 Late Ming,Ming,,,"I. TRAUGOTT, Stockholm",,private,"Stockholm, Sweden",yes,,
1951,SMALL SAUCER,item,Ceramics,porcelain,enamel,with decoration of mongoose and vines in enamel colours,"Mark of Chia-ching period, Ming Dynasty",Di. 11 cm,10 Late Ming,Ming,,,"PROFESSOR AND MRS. C. G. SELIGMAN, Toot Baldon, Oxford",,private,"Oxfordshire, U.K.",yes,,
1952,VASE,item,Ceramics,porcelain,ceramics; porcelain,decorated with yellow dragons in clouds in a red ground,"Mark of Chia-ching period, Ming Dynasty",H. 21 cm,10 Late Ming,Ming,,,"MUSEUM FÜR KUNST UND GEWERBE, Hamburg",,museum,"Hamburg, Germany",yes,,
1953,EWER,item,Ceramics,porcelain,ceramics; porcelain,"porcelain, painted in underglaze blue",Silver-gilt mounting made in Erfurt A.D. 1547-1579,H. 18.5 cm,10 Late Ming,Ming,,,"THE GERMAN STATE MUSEUMS, Berlin",,museum,"Berlin, Germany",yes,,
1954,INCENSE BURNER,item,Ceramics,porcelain,ceramics; porcelain,painted in underglaze blue,"Wan-li mark, maker's name and date A.D. 1612, Ming Dynasty",Di. 10.2 cm,10 Late Ming,Ming,,,"MR. AND MRS. ALFRED CLARK, Iver Heath, Bucks",,private,"Buckinghamshire, U.K.",,,
1955,CUP,item,Ceramics,porcelain,ceramics; porcelain(enamelled),decorated in underglaze blue and enamels with ducks and rushes,"Mark of Chia-ching period, Ming Dynasty",Di. 8.3 cm,10 Late Ming,Ming,,,"H. J. OPPENHEIM, London",,private,"London, U.K.",yes,,
1956,HEXAGONAL JAR,item,Ceramics,porcelain,ceramics; porcelain(enamelled),painted with phoenixes and flowers in underglaze blue and enamel colours,"Mark and period of Lung-ch'ing, Ming Dynasty",H. 25.1 cm,10 Late Ming,Ming,,,"MR. AND MRS. ALFRED CLARK, Iver Heath, Bucks",,private,"Buckinghamshire, U.K.",yes,,
1957,BOWL,item,Ceramics,porcelain,,with carved design outside and blue medallion inside,"Mark on base, ""Beautiful Vessel for the Jade Hall.""",Di. 11.2 cm,10 Late Ming,Ming,,,"MR. AND MRS. ALFRED CLARK, Iver Heath, Bucks",,private,"Buckinghamshire, U.K.",,,
1958,INCENSE BURNER,item,Ceramics,porcelain,ceramics; porcelain,with landscape in underglaze blue,,Di. 10.2 cm,10 Late Ming,Ming,,,"F. SCHILLER, Betchworth, Surrey",,private,"Surrey, U.K.",yes,,
1959,EWER,item,Ceramics,porcelain,ceramics; porcelain,"with lobed body and neck, decorated in silvery blue under the glaze",,H. 19 cm,10 Late Ming,Ming,,,"SIR PERCIVAL DAVID, BT., London",,private,"London, U.K.",,,
1960,VASE (cha tou),item,Ceramics,porcelain,ceramics; porcelain,"with incised decoration of dragons under green glazes, in a yellow ground","Mark of Chêng-tê period, Ming Dynasty",Di. 15.2 cm,10 Late Ming,Ming,,,"SIR PERCIVAL DAVID, BT., London",,private,"London, U.K.",yes,,
1961,SAUCER,item,Ceramics,porcelain,ceramics; porcelain,"with dragons, in underglaze blue","Mark of Lung-ch'ing period, Ming Dynasty",Di. 14.6 cm,10 Late Ming,Ming,,,"H. LAURITZEN, Stockholm",,private,"Stockholm, Sweden",,,
1962,BOTTLE,item,Ceramics,porcelain,ceramics; porcelain(enamelled),"with lotus scrolls, in underglaze blue and enamel colours","Mark of Chia-ching period, Ming Dynasty",H. 20 cm,10 Late Ming,Ming,,,"H. J. OPPENHEIM, London",,private,"London, U.K.",yes,,
1963,PLATE,item,Ceramics,porcelain,,with incised dragons under a lustrous brown glaze,"Mark of Chia-ching period, Ming Dynasty",Di. 22 cm,10 Late Ming,Ming,,,"SIR PERCIVAL DAVID, BT., London",,private,"London, U.K.",,,
1964,SAUCER DISH,item,Ceramics,porcelain,ceramics; porcelain,"porcelain, with yellow dragons in a blue ground","Mark of Wan-li period, Ming Dynasty",Di. 12.6 cm,10 Late Ming,Ming,,,"H. J. OPPENHEIM, London",,private,"London, U.K.",yes,,
1965,STEM-CUP,item,Ceramics,porcelain,ceramics; porcelain(enamelled),"with incised decoration of dragons pursuing pearls, in green enamel on a yellow ground","Mark, inside, of the Hung-chih period, Ming Dynasty",Di. 15.6 cm,10 Late Ming,Ming,,,THE CHINESE GOVERNMENT,,government,China,yes,,
1966,INK PALLET,item,Ceramics,porcelain,ceramics; porcelain(enamelled),"decorated with five-clawed dragons in openwork, underglaze blue and enamel colours","Mark of Wan-li period, Ming Dynasty",L. 22 cm,10 Late Ming,Ming,,,"SIR PERCIVAL DAVID, BT., London",,private,"London, U.K.",yes,,
1967,JAR,item,Ceramics,porcelain,ceramics; porcelain(enamelled),"porcelain, with figure subjects in red and green enamels","Mark of Hsüan-tê period, Ming Dynasty",H. 30 cm,10 Late Ming,Ming,,,"DR. J. HELLNER, Stockholm",,private,"Stockholm, Sweden",yes,,
1968,BOWL,item,Ceramics,porcelain,ceramics; porcelain,with dragon in underglaze blue in iron-red ground,"Mark of Lung-ch'ing period, Ming Dynasty",Di. 12 cm,10 Late Ming,Ming,,,"SIR PERCIVAL DAVID, BT., London",,private,"London, U.K.",,,
1969,BOX TOP,item,Ceramics,porcelain,ceramics; porcelain(enamelled),with dragons in red and green enamels,inscription "Made for the Hung-wu Temple of the Double Dragons",L. 15.5 cm. W. 10.3 cm,10 Late Ming,Ming,,,"H. LAURITZEN, Stockholm",,private,"Stockholm, Sweden",yes,,
1970,SQUARE BOWL,item,Ceramics,porcelain,ceramics; porcelain(enamelled),with panels of figures in underglaze blue and enamel colours,"Mark of Chia-ching period, Ming Dynasty",W. 11.7 cm,10 Late Ming,Ming,,,"SIR PERCIVAL DAVID, BT., London",,private,"London, U.K.",,,
1971,VASE,item,Ceramics,porcelain,ceramics; porcelain,"globular, pencilled with sage, and tiger in underglaze blue",,H. 11.1 cm,10 Late Ming,Ming,,,"H. J. OPPENHEIM, London",,private,"London, U.K.",yes,,
1972,BOWL,item,Ceramics,porcelain,ceramics; porcelain,"porcelain, painted with phoenixes in deep violet blue under the glaze","Mark of Chia-ching period, Ming Dynasty",Di. 11.5 cm,10 Late Ming,Ming,,,"SIR PERCIVAL DAVID, BT., London",,private,"London, U.K.",,,
1973,BOX AND COVER,item,Ceramics,porcelain,ceramics; porcelain,"ten-lobed, decorated with dragons in underglaze blue","Mark of Wan-li period, Ming Dynasty",Di. 15 cm,10 Late Ming,Ming,,,"SIR PERCIVAL DAVID, BT., London",,private,"London, U.K.",yes,,
1974,BOX AND COVER,item,Ceramics,porcelain,ceramics; porcelain,"seven-lobed, with decoration of dragons fruits and foliage in underglaze blue","Mark of Lung-ch'ing period, Ming Dynasty",Di. 12.5 cm,10 Late Ming,Ming,,,"SIR PERCIVAL DAVID, BT., London",,private,"London, U.K.",yes,,
1975,SQUARE BOWL,item,Ceramics,porcelain,ceramics; porcelain,decorated with dragons and fungus scrolls in underglaze blue in a yellow ground,"Mark of Chia-ching period, Ming Dynasty",W. 15 cm,10 Late Ming,Ming,,,"SIR PERCIVAL DAVID, BT., London",,private,"London, U.K.",,,
1976,EWER,item,Ceramics,porcelain,ceramics; porcelain,in Persian style with underglaze blue decoration,,H. 35 cm,10 Late Ming,Ming,,,"MR. AND MRS. ALFRED CLARK, Iver Heath, Bucks",,private,"Buckinghamshire, U.K.",yes,,
1977,EWER,item,Ceramics,porcelain,ceramics; porcelain(enamelled),"porcelain, decorated in underglaze blue and enamels with fruit, blossom and dragons","Mark of Wan-li period, Ming Dynasty",H. 19 cm,10 Late Ming,Ming,,,"MRS. W. J. HOLT, London",,private,"London, U.K.",yes,,
1978,CUP,item,Ceramics,porcelain,ceramics; porcelain,"in the form of a lotus leaf, with decoration in underglaze blue and a fish in applied relief inside",,H. 4.5 cm,10 Late Ming,Ming,,,"SIR PERCIVAL DAVID, BT., London",,private,"London, U.K.",yes,,
1979,DISH,item,Ceramics,porcelain,ceramics; porcelain(enamelled),"five-lobed, with decoration in underglaze blue and enamels","Mark of Wan-li period, Ming Dynasty",Di. 38 cm,10 Late Ming,Ming,,,"MR. AND MRS. ALFRED CLARK, Iver Heath, Bucks",,private,"Buckinghamshire, U.K.",yes,,
1980,DISH,item,Ceramics,porcelain,ceramics; porcelain(enamelled),with decoration in underglaze blue and enamels,"Mark of Lung-ch'ing period, Ming Dynasty",Di. 32.7 cm,10 Late Ming,Ming,,,"F. HOWARD PAGET, Broadstairs",,private,"Kent, U.K.",,,
1981,BOX,item,Ceramics,porcelain,ceramics; porcelain,"octagonal, porcelain, decorated with small birds and phoenix in underglaze blue","Mark of Chia-ching period, Ming Dynasty",W. 30 cm,10 Late Ming,Ming,,,THE VICTORIA AND ALBERT MUSEUM (Eumorfopoulos Collection),,museum,"London, U.K.",yes,,
1982,BOWL,item,Ceramics,porcelain,ceramics; porcelain(enamelled),enamelled on the biscuit with horses and waves,"Mark of Chia-ching period, Ming Dynasty",Di. 20.3 cm,10 Late Ming,Ming,,,THE BRITISH MUSEUM (Eumorfopoulos Collection),,museum,"London, U.K.",yes,,
1983,BOX,item,Ceramics,porcelain,ceramics; porcelain,decorated with figure subjects in deep underglaze blue,"Mark of Wan-li period, Ming Dynasty",L. 31 cm,10 Late Ming,Ming,,,"SIR PERCIVAL DAVID, BT., London",,private,"London, U.K.",yes,,
1984,BOWL,item,Ceramics,porcelain,ceramics; porcelain(enamelled),enamelled with Chinese lions coiled into circular medallions in a yellow ground,"Mark of Chia-ching period, Ming Dynasty",Di. 18.4 cm,10 Late Ming,Ming,,,"MR. AND MRS. ALFRED CLARK, Iver Heath, Bucks",,private,"Buckinghamshire, U.K.",yes,,
1985,BOX AND COVER,item,Ceramics,porcelain,ceramics; porcelain,with dragons and clouds in underglaze blue,"Mark of Wan-li period, Ming Dynasty",L. 34.3 cm,10 Late Ming,Ming,,,"MR. AND MRS. ALFRED CLARK, Iver Heath, Bucks",,private,"Buckinghamshire, U.K.",yes,,
1986,COVERED JAR,item,Ceramics,porcelain,ceramics; porcelain,"porcelain, with incised designs filled in with yellow glaze in a ground of emerald green","Mark of Wan-li period, Ming Dynasty",H. 17.3 cm,10 Late Ming,Ming,,,"SIR PERCIVAL DAVID, BT., London",,private,"London, U.K.",yes,,
1987,PLATE,item,Ceramics,porcelain,ceramics; porcelain(enamelled),with incised designs filled in with yellow and aubergine glazes in a ground of leaf-green,"Mark of Wan-li period, Ming Dynasty",Di. 29.2 cm,10 Late Ming,Ming,,,"SIR PERCIVAL DAVID, BT., London",,private,"London, U.K.",,,
1988,BOX AND COVER,item,Ceramics,porcelain,ceramics; porcelain,"porcelain, decorated in underglaze blue and enamels",,Di. 30.3 cm,10 Late Ming,Ming,,,"RIJKSMUSEUM, Amsterdam",,museum,"Amsterdam, Netherlands",yes,,
1989,BOTTLE,item,Ceramics,porcelain,ceramics; porcelain,"hexagonal, with feathery scrolls in underglaze blue ground, Marked with a hare",,H. 28.8 cm,10 Late Ming,Ming,,,"SIR PERCIVAL DAVID, BT., London",,private,"London, U.K.",yes,,
1990,JAR AND COVER,item,Ceramics,porcelain,ceramics; porcelain,"melon-shaped, with gourd-vine and animals in underglaze blue",,H. 19.6 cm,10 Late Ming,Ming,,,"MR. AND MRS. ALFRED CLARK, Iver Heath, Bucks",,private,"Buckinghamshire, U.K.",yes,,
1991,Painting in colour on paper,item,Paintings and Calligraphy,Animal and plants,plant derived materials; paper,Flowers and Bird,,H. 166.7 cm. W. 58.7 cm,10 Late Ming,Qing,,WANG WU (A.D. 1632-1690),THE CHINESE GOVERNMENT,,government,China,,,
1992,Painting in ink and faint colour on paper,item,Paintings and Calligraphy,Landscape,plant derived materials; paper,Dredging Mud,,H. 142.5 cm. W. 89.7 cm,10 Late Ming,Qing,,CHING T'ING-PIAO (18th century A.D.),THE CHINESE GOVERNMENT,,government,China,,,
1993,Painting in ink on paper,item,Paintings and Calligraphy,Religious painting,plant derived materials; paper,"Chung Kuei, the Demon-Exorciser",,H. 132.6 cm. W. 64.1 cm,10 Late Ming,Qing,,THE EMPEROR SHUN-CHIH (r. A.D. 1644-1662),THE CHINESE GOVERNMENT,,government,China,yes,,
1994,PANEL,item,Cloisonné,,cloisonné enamel,"cloisonné enamel, decorated with cranes and landscape",,48.5 by 32 cm,10 Late Ming,Ming,,,"MUSÉE DES ARTS DÉCORATIFS, Paris",,private,"Paris, France",yes,,
1995,GOURD-SHAPED VASE,item,Cloisonné,,cloisonné enamel,"cloisonné enamel, with gourd design",,H. 101.7 cm,10 Late Ming,Qing,,,"THE ROYAL SCOTTISH MUSEUM, Edinburgh",,museum,"Edinburgh, U.K.",yes,,
1996,PANEL,item,Cloisonné,,cloisonné enamel,"cloisonné enamel, decorated with quails in grass, in a blue ground",,43 by 50 cm,10 Late Ming,Ming,,,"MUSÉE DES ARTS DÉCORATIFS, Paris",,private,"Paris, France",yes,,
1997,SILK TAPESTRY (k'o ssŭ),item,Textile,Furnishings,textiles; silk,Chou Ch'u Fighting the Dragon,,104.1 by 72.7 cm,10 Late Ming,Qing,,,THE CHINESE GOVERNMENT,,government,China,,,
1998,PILGRIM BOTTLE,item,Cloisonné,,cloisonné enamel,,,H. 50.7 cm,10 Late Ming,Qing,,,"SIR JOHN BUCHANAN-JARDINE, BT., London",,private,"London, U.K.",yes,,
1999,RAM,item,Cloisonné,,cloisonné enamel,,,L. 16 cm,10 Late Ming,Qing,,,"MRS. GWYNNE, London",,private,"London, U.K.",yes,,
2000,VESSEL with two handles,item,Cloisonné,,cloisonné enamel,"cloisonné enamel, decorated with figures and landscape","Mark of Ching-t'ai period, Ming Dynasty",L. 53 cm,10 Late Ming,Ming,,,"MUSÉE DES ARTS DÉCORATIFS, Paris",,private,"Paris, France",yes,,
2001,INCENSE BURNER,item,Cloisonné,,Cloisonné,cloisonné enamel on bronze,,H. 9 cm,10 Late Ming,Ming,,,"MUSÉE DES ARTS DÉCORATIFS, Paris",,private,"Paris, France",yes,,
2002,TABLE SCREEN,item,Cloisonné,,cloisonné enamel,with cloisonné enamel landscape panel showing three sages under a pine tree beside a sea,,H. 30 in. W. 43 in,10 Late Ming,Ming,,,"E. A. PARRY, London",,private,"London, U.K.",yes,,
2003,WINE VESSEL,item,Cloisonné,,cloisonné enamel,"cloisonné enamel, in animal form, with cover",Mark and period of Qianlong,L. 27 cm,10 Late Ming,Qing,,,THE CHINESE GOVERNMENT,,government,China,yes,,
2004,VASE,item,Cloisonné,,cloisonné enamel,"cloisonné enamel, with a design of three sheep","Mark of Ching-t'ai period, Ming Dynasty",H. 39.5 cm,10 Late Ming,Ming,,,THE CHINESE GOVERNMENT,,government,China,,,
2005,LARGE PLATE,item,Cloisonné,,cloisonné enamel,,"Mark and period of Wan-li, Ming Dynasty",W. 40.5 cm,10 Late Ming,Ming,,,THE CHINESE GOVERNMENT,,government,China,,,
2006,VASE,item,Cloisonné,,cloisonné enamel,"cloisonné enamel, with loop handles","Mark of Ching-t'ai period, Ming Dynasty",H. 14 cm. W. 14.2 cm. L. 16.3 cm,10 Late Ming,Ming,,,THE CHINESE GOVERNMENT,,government,China,yes,,
2007,DOUBLE VASE,item,Cloisonné,,cloisonné enamel,,Mark and period of Qianlong,H. 27 cm,10 Late Ming,Qing,,,THE CHINESE GOVERNMENT,,government,China,,,
2008,SILK TAPESTRY (k'o ssŭ),item,Textile,Furnishings,textiles; silk,medallion and floral sprays in colour in yellow ground,,H. 300 cm. W. 300 cm,10 Late Ming,Qing,,,"MR. AND MRS. G. DEL DRAGO, New York",,private,"New York, U.S.A.",,,
2009&2025,DISTILLING JAR,set,Cloisonné,,cloisonné enamel,"cloisonné enamel, Pair with No. 2025",,H. 57.2 cm,10 Late Ming,Qing,,,"SIR JOHN BUCHANAN-JARDINE, BT., London",,private,"London, U.K.",yes,,
2010,TING (caldron),item,Cloisonné,,cloisonné enamel,cloisonné enamel,,H. 14.5 cm,10 Late Ming,Ming,,,"MUSÉE DES ARTS DÉCORATIFS, Paris",,private,"Paris, France",yes,,
2011,SCREEN,item,Cloisonné,,cloisonné enamel,"cloisonné enamel, with figure subjects",,H. 69.2 cm. W. 73.7 cm,10 Late Ming,Ming,,,"SIR JOHN BUCHANAN-JARDINE, BT., London",,private,"London, U.K.",yes,,
2012,HOT WATER DISH,item,Cloisonné,,cloisonné enamel,,,W. 18.8 cm,10 Late Ming,Ming,,,"DAME UNA POPE-HENNESSY, D.B.E., London",,private,"London, U.K.",yes,,
2013,WINE POT AND COVER,item,Cloisonné,,cloisonné enamel,,,H. 22.8 cm,10 Late Ming,Ming,,,"SIR JOHN BUCHANAN-JARDINE, BT., London",,private,"London, U.K.",yes,,
2014,TEMPLE ORNAMENT,item,Cloisonné,,cloisonné enamel,,,H. 88.8 cm,10 Late Ming,Qing,,,"SIR JOHN BUCHANAN-JARDINE, BT., London",,private,"London, U.K.",yes,,
2015,ICE CHEST,item,Cloisonné,,cloisonné enamel,,,H. 72.4 cm. W. 109.9 cm,10 Late Ming,Qing,,,"THE VICTORIA AND ALBERT MUSEUM, London",,museum,"London, U.K.",yes,,
2016,IMPERIAL TABLE,item,Cloisonné,,cloisonné enamel,,,H. 83.5 cm,10 Late Ming,Ming,,,"MUSEUM VAN AZIATISCHE KUNST, Amsterdam",,museum,"Amsterdam, Netherlands",,,
2017,ALTAR SET of seven pieces,set,Cloisonné,,cloisonné enamel,"in cloisonné enamel, with the Buddhist Emblems in jade",,H. 33 cm,10 Late Ming,Ming,,,"SIR JOHN BUCHANAN-JARDINE, BT., London",,private,"London, U.K.",yes,,
2018,BOX AND COVER,item,Cloisonné,,cloisonné enamel,,,Di. 25.4 cm,10 Late Ming,Ming,,,"PROFESSOR AND MRS. C. G. SELIGMAN, Toot Baldon, Oxford",,private,"Oxfordshire, U.K.",yes,,
2019,VESSEL,item,Cloisonné,,cloisonné enamel,"cloisonné enamel, in form of a double peach",,Di. 67.4 cm,10 Late Ming,Qing,,,"SIR JOHN BUCHANAN-JARDINE, BT., London",,private,"London, U.K.",yes,,
2020,VASE,item,Cloisonné,,cloisonné enamel,,,H. 69 cm,10 Late Ming,Ming,,,"SIR GEORGE HILL, K.C.B., London",,private,"London, U.K.",yes,,
2021,DISH,item,Cloisonné,,cloisonné enamel,"cloisonné enamel, with dragon handles and three brass legs",,Di. 20.3 cm,10 Late Ming,Ming,,,"SIR JOHN BUCHANAN-JARDINE, BT., London",,private,"London, U.K.",yes,,
2022,SCREEN,item,Cloisonné,,cloisonné enamel,"cloisonné enamel, with waterplants",,H. 68.6 cm. W. 58.4 cm,10 Late Ming,Qing,,,"SIR JOHN BUCHANAN-JARDINE, BT., London",,private,"London, U.K.",yes,,
2023,CIRCULAR BOX AND COVER,item,Cloisonné,,cloisonné enamel,decorated with persimmons and chrysanthemums in a light blue ground,"Mark of Hsüan-tê period, Ming Dynasty",Di. 12 cm,10 Late Ming,Ming,,,"MUSÉE DES ARTS DÉCORATIFS, Paris",,private,"Paris, France",yes,,
2024,DISH,item,Cloisonné,,cloisonné enamel,"cloisonné enamel, with three feet, design of grape vines",,H. 17.2 cm,10 Late Ming,Ming,,,"THE GEMEENTE MUSEUM, The Hague, Holland",,museum,"The Hague, Netherlands",yes,,
2009&2025,DISTILLING JAR,,Cloisonné,,cloisonné enamel,"cloisonné enamel, Pair with No. 2009",,H. 57.2 cm,10 Late Ming,Qing,,,"SIR JOHN BUCHANAN-JARDINE, BT., London",,private,"London, U.K.",yes,,
2026,SILK TAPESTRY (k'o ssŭ),item,Textile,Furnishings,textiles; silk,Li Ching Meeting Ch'iu Jan-kung,,116.5 by 60.5 cm,10 Late Ming,Qing,,,THE CHINESE GOVERNMENT,,government,China,,,
2027,PILGRIM BOTTLE,item,Cloisonné,,cloisonné enamel,cloisonné enamel on bronze,,H. 26.5 cm,10 Late Ming,Ming,,,"MUSÉE DES ARTS DÉCORATIFS, Paris",,private,"Paris, France",yes,,
2028,BARREL,item,Cloisonné,,cloisonné enamel,,,H. 13.9 cm,10 Late Ming,Ming,,,"SIR JOHN BUCHANAN-JARDINE, BT., London",,private,"London, U.K.",yes,,
2029,DISH,item,Cloisonné,,cloisonné enamel,,,Di. 71.2 cm,10 Late Ming,Ming,,,"MUSÉE DES ARTS DÉCORATIFS, Paris",,private,"Paris, France",yes,,
2030,INCENSE BURNER AND COVER,item,Cloisonné,,cloisonné enamel,,"Mark and period of Hsüan-tê, Ming Dynasty",Di. 52 cm,10 Late Ming,Ming,,,"SIR JOHN BUCHANAN-JARDINE, BT., London",,private,"London, U.K.",yes,,
2031,SQUARE VASE,item,Cloisonné,,cloisonné enamel,"cloisonné enamel, of lapis-lazuli blue",,H. 45.1 cm,10 Late Ming,Qing,,,"MAJOR A. A. PERCEVAL, Ballymote, I.F.S.",,private,Ireland,yes,,
2032,SQUARE SLOP-BOWL,item,Cloisonné,,cloisonné enamel,decorated with bats in red and blue in a yellow ground,,W. 15 cm. L. 15 cm,10 Late Ming,Ming,,,"MUSÉE DES ARTS DÉCORATIFS, Paris",,private,"Paris, France",yes,,
2033,INCENSE BURNER,item,Cloisonné,,cloisonné enamel,"cloisonné enamel, with handles in form of men",,H. 43 cm,10 Late Ming,Qing,,,"R. C. BRUCE, London",,private,"London, U.K.",,,
2034,DISH,item,Cloisonné,,cloisonné enamel,"cloisonné enamel, with three legs","Mark of Ching-t'ai period, Ming Dynasty",Di. 38. cm,10 Late Ming,Ming,,,THE CHINESE GOVERNMENT,,government,China,,,
2035,FLOWER VASE,item,Cloisonné,,cloisonné enamel,"cloisonné enamel, with loop handles, and a design of crab-apple blossoms","Mark of Ching-t'ai period, Ming Dynasty",H. 27.9 cm,10 Late Ming,Ming,,,THE CHINESE GOVERNMENT,,government,China,yes,,
2036,FLOWER VASE,item,Cloisonné,,cloisonné enamel,,"Mark of Ching-t'ai period, Ming Dynasty",H. 37.8 cm,10 Late Ming,Ming,,,THE CHINESE GOVERNMENT,,government,China,yes,,
2037,GOURD-SHAPED VASE,item,Cloisonné,,cloisonné enamel,"cloisonné enamel, with gourd design",,H. 101.7 cm,10 Late Ming,Qing,,,"THE ROYAL SCOTTISH MUSEUM, Edinburgh",,museum,"Edinburgh, U.K.",,,
2038,PANEL,item,Cloisonné,,cloisonné enamel,decorated with pink bats amidst blue and white clouds,,48 by 36.5 cm,10 Late Ming,Qing,,,"MUSÉE DES ARTS DÉCORATIFS, Paris",,private,"Paris, France",yes,,
2039,Painting in ink on paper,item,Paintings and Calligraphy,Scholar painting,plant derived materials; paper,Orchids and Bamboos,,H. 134.2 cm. W. 57.7 cm,10 Late Ming,Qing,,THE MONK SHIH-T'AO and WANG YÜAN-CHI (A.D. 1642-1715),THE CHINESE GOVERNMENT,,government,China,yes,,
2040,ARM REST,item,Cloisonné,,cloisonné enamel,decorated with flowers in a blue ground,,L. 56 cm,10 Late Ming,Qing,,,"MUSÉE DES ARTS DÉCORATIFS, Paris",,private,"Paris, France",yes,,
2041,Painting in colour on silk,item,Paintings and Calligraphy,Landscape,textiles; silk,Landscape,,H. 143 in. W. 89 in,10 Late Ming,Qing,,"LANG SHIH-NING (Giuseppe Castiglione, Jesuit Father) (A.D. 1688-1766)",THE CHINESE GOVERNMENT,,government,China,,,
2042,NARCISSUS BOWL,item,Ceramics,porcelain,ceramics; porcelain,"porcelain, with incised floral ornament and coloured glazes","Mark of Chêng-tê period, Ming Dynasty",L. 24.5 cm,10 Late Ming,Ming,,,"SIR PERCIVAL DAVID, BT., London",,private,"London, U.K.",yes,,
2043,BULB BOWL,item,Ceramics,porcelain,enamel,"green enamelled, with Chêng-tê mark in yellow in a cartouche",with Chêng-tê mark,H. 22.8 cm,10 Late Ming,Ming,,,"DR. LINDLEY SCOTT, London",,private,"London, U.K.",yes,,
2044,FLOWER POT,item,Ceramics,porcelain,ceramics; porcelain,"with octagonal neck, incised floral decoration and coloured glazes","Mark of Chêng-tê period, Ming Dynasty",H. 16.6 cm,10 Late Ming,Ming,,,"H. J. OPPENHEIM, London",,private,"London, U.K.",yes,,
2045,BULB BOWL,item,Ceramics,porcelain,ceramics; porcelain,"with three cloud-scroll feet, incised yellow scrolls in a deep blue ground","Incised mark of Chêng-tê period, Ming Dynasty",Di. 21.5 cm,10 Late Ming,Ming,,,"H. J. OPPENHEIM, London",,private,"London, U.K.",yes,,
2046,TILE,item,Ceramics,porcelain,ceramics; porcelain(enamelled),"with incised design of dragons and clouds under green and yellow enamels, on biscuit, mounted as a table screen, From the Nanking Porcelain Pagoda",,28 by 18.5 cm,10 Late Ming,Ming,,,"SIR PERCIVAL DAVID, BT., London",,private,"London, U.K.",,,
2047,PLATE,item,Ceramics,porcelain,ceramics; porcelain,with etched dragon designs under a yellow glaze,"Mark of Wan-li period, Ming Dynasty",Di. 17.7 cm,10 Late Ming,Ming,,,"MR. AND MRS. ALFRED CLARK, Iver Heath, Bucks",,private,"Buckinghamshire, U.K.",,,
2048,PLATE,item,Ceramics,porcelain,ceramics; porcelain,decorated with yellow dragons in red outline,"Mark of Hung-chih period, Ming Dynasty",Di. 21.5 cm,10 Late Ming,Ming,,,"PETER BOODE, London",,private,"London, U.K.",,,
2049,DISH,item,Ceramics,porcelain,ceramics; porcelain,"decorated with sprays of fruit, in underglaze blue in a yellow ground","Mark of Hsüan-tê period, Ming Dynasty",Di. 29.5 cm,10 Late Ming,Ming,,,"SIR PERCIVAL DAVID, BT., London",,private,"London, U.K.",,,
2050,PLATE,item,Ceramics,porcelain,enamel,enamelled with bird on flowering branch,"Mark of Chêng-tê period in red, Ming Dynasty",Di. 21.5 cm,10 Late Ming,Ming,,,THE VICTORIA AND ALBERT MUSEUM (Eumorfopoulos Collection),,museum,"London, U.K.",,,
2051,PLATE,item,Ceramics,porcelain,ceramics; porcelain,"saucer-shaped, with a deep yellow glaze","Mark of Hung-chih period, Ming Dynasty",Di. 17.7 cm,10 Late Ming,Ming,,,"H. J. OPPENHEIM, London",,private,"London, U.K.",,,
2052,"BOX, square",item,Ceramics,porcelain,ceramics; porcelain(enamelled),"porcelain, with figure subjects and floral scrolls in enamel colours",Mark of commendation,W. 13.5 cm,10 Late Ming,Ming,,,THE BRITISH MUSEUM (Eumorfopoulos Collection),,museum,"London, U.K.",yes,,
2053,PLATE,item,Ceramics,porcelain,ceramics; porcelain,"saucer-shaped, with yellow glaze","Mark of Chêng-tê period, Ming Dynasty",Di. 21 cm,10 Late Ming,Ming,,,"SIR PERCIVAL DAVID, BT., London",,private,"London, U.K.",,,
2054,PLATE,item,Ceramics,porcelain,ceramics; porcelain,"with incised decoration of dragons and clouds, the former under coloured glazes","Mark of Hung-chih period, Ming Dynasty",Di. 18 cm,10 Late Ming,Ming,,,"SIR PERCIVAL DAVID, BT., London",,private,"London, U.K.",yes,,
2055,BOWL,item,Ceramics,porcelain,ceramics; porcelain,"porcelain, with yellow glaze and incised design of dragons","Mark of Hung-chih period, Ming Dynasty",Di. 17.8 cm,10 Late Ming,Ming,,,"THE ROYAL SCOTTISH MUSEUM, Edinburgh",,museum,"Edinburgh, U.K.",,,
2056,BOWL,item,Ceramics,porcelain,ceramics; porcelain,with green dragons over incised wave pattern,"Mark of Chêng-tê period, Ming Dynasty",Di. 13.7 cm,10 Late Ming,Ming,,,"MR. AND MRS. ALFRED CLARK, Iver Heath, Bucks",,private,"Buckinghamshire, U.K.",yes,,
2057,PLATE,item,Ceramics,porcelain,ceramics; porcelain,"porcelain, with yellow glaze","Mark of Hung-chih period, Ming Dynasty",Di. 21.7 cm,10 Late Ming,Ming,,,"SIR PERCIVAL DAVID, BT., London",,private,"London, U.K.",,,
2058,VASE (tsun),item,Ceramics,porcelain,ceramics; porcelain,"in the shape of a pheasant (t'ien-chi) with a beaker on its back, ""soft-paste"" porcelain with warm white glaze",,H. 24.1 cm,10 Late Ming,Ming,,,THE CHINESE GOVERNMENT,,government,China,yes,,
2059,VASE (liu),item,Ceramics,porcelain,enamelled,with incised decoration of dragons pursuing pearls filled in with green enamel,,H. 33.3 cm,10 Late Ming,Ming,,,THE CHINESE GOVERNMENT,,government,China,,,
2060,BOWL,item,Ceramics,porcelain,ceramics; porcelain,"decorated with sprays of blossom in three-colour glazes, yellow ground","Mark of Chia-ching period, Ming Dynasty",Di. 20.2 cm,10 Late Ming,Ming,,,"SIR PERCIVAL DAVID, BT., London",,private,"London, U.K.",,,
2061,KETTLE,item,Ceramics,porcelain,ceramics; porcelain,"with arch handle, decorated with clouds and dragons in dark underglaze blue","Mark of Lung-ch'ing period, Ming Dynasty",H. 31.8 cm,10 Late Ming,Ming,,,THE CHINESE GOVERNMENT,,government,China,yes,,
2062&2064,CUP,set,Ceramics,porcelain,ceramics; porcelain(enamelled),"decorated with clouds in underglaze blue and enamel colours, Pair with No. 2064.","Mark of Wan-li period, Ming Dynasty",Di. 7.6 cm,10 Late Ming,Ming,,,THE CHINESE GOVERNMENT,,government,China,,,
2063,LIBATION CUP /,item,Ceramics,porcelain,ceramics; porcelain,"helmet-shaped, on three straight legs with dragons in white biscuit in a ground of dark blue glaze","Mark of Chia-ching period, Ming Dynasty",H. 15 cm,10 Late Ming,Ming,,,"SIR PERCIVAL DAVID, BT., London",,private,"London, U.K.",yes,,
2062&2064,CUP,,Ceramics,porcelain,ceramics; porcelain(enamelled),"decorated with clouds in underglaze blue and enamel colours, Pair with No. 2062.","Mark of Wan-li period, Ming Dynasty",Di. 7.6 cm,10 Late Ming,Ming,,,THE CHINESE GOVERNMENT,,government,China,,,
2065,KETTLE,item,Ceramics,porcelain,ceramics; porcelain,"of hexagonal section (liu-lêng liu), with arch handle and underglaze blue decoration of figure subjects","Mark of Wan-li period, Ming Dynasty",H. 22.5 cm,10 Late Ming,Ming,,,THE CHINESE GOVERNMENT,,government,China,yes,,
2066,BOX,item,Ceramics,porcelain,ceramics; porcelain,with dragons in underglaze blue,"Mark of Lung-ch'ing period, Ming Dynasty",Di. 16.5 cm,10 Late Ming,Ming,,,"STAATLICHE PORZELLANSAMMLUNG, Dresden",,private,"Saxony, Germany",,,
2067,DISH,item,Ceramics,porcelain,ceramics; porcelain,"with engraved dragons under a blue glaze, the outside black",,Di. 16.2 cm,10 Late Ming,Ming,,,THE BRITISH MUSEUM (Eumorfopoulos Collection),,museum,"London, U.K.",yes,,
2068,SMALL BOWL,item,Ceramics,porcelain,ceramics; porcelain,Mohammedan blue,,Di. 11.8 cm,10 Late Ming,Ming,,,THE CHINESE GOVERNMENT,,government,China,,,
2069,TRIPOD CALDRON (ting),item,Ceramics,porcelain,ceramics; porcelain,with yellow glaze and engraved decoration of t'ao-t'ieh (ogre) masks,"Incised mark, chou tan-ch'üan tsao (Made by Chou Tan-ch'üan), Ming Dynasty",H. 17 cm,10 Late Ming,Ming,,,THE CHINESE GOVERNMENT,,government,China,yes,,
2070,SMALL BOWL,item,Ceramics,porcelain,ceramics; porcelain,Mohammedan blue,,Di. 11.8 cm,10 Late Ming,Ming,,,THE CHINESE GOVERNMENT,,government,China,,,
2071,BOWL,item,Ceramics,porcelain,,"with medallions of shou (longevity) characters, and dragons in white in a blue ground","Mark of Chia-ching period, Ming Dynasty",Di. 11.5 cm,10 Late Ming,Ming,,,"H. J. OPPENHEIM, London",,private,"London, U.K.",yes,,
2072,SMALL VASE (p'ing),item,Ceramics,porcelain,ceramics; porcelain(enamelled),"in the form of a rectangular-sectioned double-gourd, and decorated with lotus scrolls in underglaze blue and enamel colours","Mark of Chia-ching period, Ming Dynasty",H. 8.8 cm,10 Late Ming,Ming,,,THE CHINESE GOVERNMENT,,government,China,,,
2073,SCREEN PLAQUE,item,Ceramics,porcelain,ceramics; porcelain,"with relief decoration of cock and foliage under a yellow glaze, See No. 2075",seal mark of Hu Yin Tao Jen (Wu Wei of the Wan-li period),15.5 by 23.4 cm,10 Late Ming,Ming,,,"SIR PERCIVAL DAVID, BT., London",,private,"London, U.K.",yes,,
2074,BOWL,item,Ceramics,porcelain,ceramics; porcelain,incised floral scrolls in green and aubergine in a yellow ground,"Mark of Chêng-hua period, Ming Dynasty",Di. 15.5 cm,10 Late Ming,Ming,,,"THE TOPKAPU SARAY MUSEUM, Istanbul",,museum,"Istanbul, Turkey",,,
2075,WATER POT of square section,item,Ceramics,porcelain,ceramics; porcelain,"decorated with nine dragons carved in relief under yellow glaze, See No. 2073",Inscribed on the rim with the following: "Harmonize your ware by making simple articles decorative. The Dragon reclaims the unctuous pearl in his mouth to brighten the Eastern Wall. Made by Wu Wei in the Wan-li period.",W. 5.7 cm,10 Late Ming,Ming,,,THE CHINESE GOVERNMENT,,government,China,yes,,
2076,SMALL BRUSH WASHER,item,Ceramics,porcelain,ceramics; porcelain,in the shape of a clam-shell. with mottled-blue glaze inside,,W. 11 cm,10 Late Ming,Ming,,,THE CHINESE GOVERNMENT,,government,China,yes,,
2077,INCENSE-BURNER,item,Ceramics,porcelain,ceramics; porcelain,"with rope-form handles and three feet, decorated with clouds and dragons in underglaze blue","Mark of Chia-ching period, Ming Dynasty",H. 10.1 cm,10 Late Ming,Ming,,,THE CHINESE GOVERNMENT,,government,China,,,
2078,EWER,item,Ceramics,porcelain,ceramics; porcelain,with openwork panels of dragons. with coloured glazes in a blue-glazed ground,"Mark of Hsüan-tê period, Ming Dynasty",H. 29 cm,10 Late Ming,Ming,,,"THE TOPKAPU SARAY MUSEUM, Istanbul",,museum,"Istanbul, Turkey",yes,,
2079,BOX (ho) in the shape of a silver ingot,item,Ceramics,porcelain,ceramics; porcelain,with decoration of clouds and dragons (yün lung) in dark underglaze blue,"Mark of Lung-ch'ing period, Ming Dynasty",L. 22.1 cm. W. 13.5 cm,10 Late Ming,Ming,,,THE CHINESE GOVERNMENT,,government,China,yes,,
2080,SAUCER,item,Ceramics,porcelain,ceramics; porcelain,"porcelain, with etched phœnix and cranes under a blue glaze","Mark of Chia-ching period, Ming Dynasty",Di. 15.2 cm,10 Late Ming,Ming,,,"F. HOWARD PAGET, Broadstairs",,private,"Kent, U.K.",,,
2081,Painting in ink on paper,item,Paintings and Calligraphy,Scholar painting,plant derived materials; paper,Plum Blossom,,H. 61.5 cm. W. 30.2 cm,11 18C,Qing,,CHANG CHAO (18th century A.D.),THE CHINESE GOVERNMENT,,government,China,yes,,
2082,PAIR OF VASES,item,Ceramics,porcelain,ceramics; porcelain,"porcelain, with panels of landscapes in graviata crimson ground",Mark of Qianlong period,H. 31.7 cm,11 18C,Qing,,,"R. C. BRUCE, London",,private,"London, U.K.",,,
2083,REVOLVING VASE,item,Ceramics,porcelain,,with four fastening loops,Seal mark of Qianlong period,H. 23.4 cm,11 18C,Qing,,,THE CHINESE GOVERNMENT,,government,China,yes,,
2084,REVOLVING VASE,item,Ceramics,porcelain,enamel,decorated in enamel colours,Seal mark of Qianlong period,H. 22.8 cm,11 18C,Qing,,,THE CHINESE GOVERNMENT,,government,China,,,
2085,REVOLVING VASE,item,Ceramics,porcelain,enamel,decorated in enamel colours,Seal mark of Qianlong period,H. 27 cm,11 18C,Qing,,,THE CHINESE GOVERNMENT,,government,China,,,
2086,REVOLVING VASE IN SHAPE OF DOUBLE GOURD (liu-lu chuan-hsin p'ing),item,Ceramics,porcelain,enamel,decorated with flowers in enamel colours,Seal mark of Qianlong period,H. 29.8 cm,11 18C,Qing,,,THE CHINESE GOVERNMENT,,government,China,yes,,
2087,POT-POURRI CONTAINER,item,Ceramics,porcelain,ceramics; porcelain,"also used as a hat-stand, with pierced outer casing, revolving body and openwork bulb in stem",Seal mark of Qianlong period,H. 30.9 cm,11 18C,Qing,,,THE CHINESE GOVERNMENT,,government,China,yes,,
2088,DOUBLE VASE (t'ao-p'ing),item,Ceramics,porcelain,enamel,with outer casing decorated in enamel colours and pierced to show an inner vase decorated in blue and white,Seal mark of Qianlong period,H. 38.5 cm,11 18C,Qing,,,THE CHINESE GOVERNMENT,,government,China,yes,,
2089,EWER,item,Cloisonné,,champlevé enamel,"champlevé enamel, coral knob on cover, enamelled on gold, Companion piece to No. 2090",Mark and period of Qianlong,H. 18.8 cm,11 18C,Qing,,,THE CHINESE GOVERNMENT,,government,China,yes,,
2090,CUP AND PLATE,item,Cloisonné,,champlevé enamel,"champlevé enamel, enamelled on gold, Companion piece to No. 2089",Mark and period of Qianlong,Cup: H. 4 cm.plate: Di. 13 cm,11 18C,Qing,,,THE CHINESE GOVERNMENT,,government,China,,,
2091,VASE (p'ing),item,Ceramics,porcelain,enamel,"with handles in ju-i form, decorated in enamel colours with children playing with lanterns in spring",Red seal mark of Qianlong period,H. 41.5 cm,11 18C,Qing,,,THE CHINESE GOVERNMENT,,government,China,yes,,
2092,VASE,item,Cloisonné,,metalwork; copper(Canton enamel ),"of hot-water bottle form (wên hu), Canton enamel on copper, with decoration of interlacing sprays of flowers in a yellow ground",Mark and period of Kangxi,H. 13.4 cm,11 18C,Qing,,,THE CHINESE GOVERNMENT,,government,China,,,
2093,PALACE PERFUMER,item,Ceramics,porcelain,enamel,"in three sections, decorated in enamel colours with openwork of k'uei scrolls",,H. 24.8 cm,11 18C,Qing,,,THE CHINESE GOVERNMENT,,government,China,yes,,
2094,VASE,item,Ceramics,porcelain,enamel,decorated with European subjects in Canton enamel on gold,,H. 20.9 cm,11 18C,Qing,,,THE CHINESE GOVERNMENT,,government,China,yes,,
2095&2257,VASE AND COVER,set,Ceramics,porcelain,famille rose enamels,"with ducks and water plants in famille rose enamels, Pair with No. 2257.  with waterplants and birds in famille rose enamels,",,H. 67.4 cm,11 18C,Qing,,,"HER GRACE THE DUCHESS OF ROXBURGHE, London",,private,"London, U.K.",,,
2096,VASE AND COVER,item,Ceramics,porcelain,famille rose enamels,with cocks and peonies in famille rose enamels,,H. 67.4 cm,11 18C,Qing,,,"HER GRACE THE DUCHESS OF ROXBURGHE, London",,private,"London, U.K.",,,
2097,Painting in colour on silk,item,Paintings and Calligraphy,Animal and plants,textiles; silk,Flower Study,,H. 125 cm. W. 57 cm,11 18C,Qing,,"LANG SHIH-NING (Giuseppe Castiglione, Jesuit Father) A.D. 1688-1766","SIR PERCIVAL DAVID, BT., London",,private,"London, U.K.",yes,,
2098,LARGE SHALLOW DISH,item,Ceramics,porcelain,ceramics; porcelain,"with landscape, in sepia",Mark of Yongzheng period,Di. 53 cm,11 18C,Qing,,,"S. D. WINKWORTH, Walton-on-the-Hill, Surrey",,private,"Surrey, U.K.",yes,,
2099,BOWL,item,Ceramics,porcelain,enamel,decorated with sprays of peonies in enamel colours in a dappled ruby ground,Mark of Kangxi period in blue enamel,Di. 15.1 cm,11 18C,Qing,,,THE CHINESE GOVERNMENT,,government,China,yes,,
2100&2106,VASE (p'ing),set,Ceramics,porcelain,ceramics; porcelain,"with panels of the Eighteen Lohan, Pair with No. 2106",Blue enamel mark of Qianlong period,H. 23.2 cm,11 18C,Qing,,,THE CHINESE GOVERNMENT,,government,China,yes2106,,
2101&2105,BOWL,set,Ceramics,porcelain,enamel,"decorated in enamel colours with wu lan t'u (picture of five kinds of birds and flowers)—a rebus for the five human relationships—and a stanza of poetry, Pair with No. 2105",Blue enamel mark of Yongzheng period,Di. 15.7 cm,11 18C,Qing,,,THE CHINESE GOVERNMENT,,government,China,yes2105,,
2102,PAIR OF SMALL BOWLS,set,Ceramics,porcelain,enamel,"with decoration of sprays of hibiscus and roses, in enamel colours in a deep pink ground",Imperial Kangxi mark in mauve enamel,Di. 11 cm,11 18C,Qing,,,THE CHINESE GOVERNMENT,,government,China,yes,,
2103,PAIR OF STEM-CUPS,set,Ceramics,porcelain,ceramics; porcelain(enamelled),"egg-shell porcelain, decorated in coloured enamels",Blue enamel mark of Qianlong period,H. 8.6 cm,11 18C,Qing,,,THE CHINESE GOVERNMENT,,government,China,yes,,
2104,DOUBLE VASE (shung-lien kai-kuan),item,Ceramics,porcelain,enamel,decorated in enamel colours,Mark in red of Qianlong period,H. 21 cm,11 18C,Qing,,,THE CHINESE GOVERNMENT,,government,China,yes,,
2101&2105,BOWL,,Ceramics,porcelain,enamel,"decorated in enamel colours with wu lan t'u (picture of five kinds of birds and flowers)—a rebus for the five human relationships—and a stanza of poetry, Pair with No. 2101",Blue enamel mark of Yongzheng period,Di. 15.7 cm,11 18C,Qing,,,THE CHINESE GOVERNMENT,,government,China,yes2105,,
2100&2106,VASE (p'ing),,Ceramics,porcelain,ceramics; porcelain,"with panels of the Eighteen Lohan, Pair with No. 2100",Blue enamel mark of Qianlong period,H. 23.2 cm,11 18C,Qing,,,THE CHINESE GOVERNMENT,,government,China,yes2106,,
2107,BOWL,item,Ceramics,porcelain,enamel,decorated with sprays of peonies in enamel colours on a yellow ground,Imperial Kangxi mark in blue enamel,Di. 15 cm,11 18C,Qing,,,THE CHINESE GOVERNMENT,,government,China,,,
2108&2111,BOWL,set,Ceramics,porcelain,enamel,"decorated in enamel colours with camellia, prunus and twelve magpies, Pair with No. 2111",Blue enamel mark of Yongzheng period,Di. 16.1 cm,11 18C,Qing,,,THE CHINESE GOVERNMENT,,government,China,yes,,
2109,PAIR OF SMALL BOWLS,set,Ceramics,porcelain,enamel,decorated in coloured enamels with fish and water plants inside,Blue enamel mark of Qianlong period,Di. 11.3 cm,11 18C,Qing,,,THE CHINESE GOVERNMENT,,government,China,yes,,
2110,BOTTLE (tan p'ing),item,Ceramics,porcelain,enamel,"decorated in enamels with plants and ""shou-t'ai"" birds and a poem, Pair with No. 2118",Blue enamel mark of Qianlong period,H. 20.3 cm,11 18C,Qing,,,THE CHINESE GOVERNMENT,,government,China,yes2118,,
2108&2111,BOWL,,Ceramics,porcelain,enamel,"decorated in enamel colours with camellia, prunus and twelve magpies, Pair with No. 2108",Blue enamel mark of Yongzheng period,Di. 16.1 cm,11 18C,Qing,,,THE CHINESE GOVERNMENT,,government,China,yes,,
2112,PAIR OF MINIATURE VASES (mei-p'ing),set,Ceramics,porcelain,enamel,decorated in enamels with mantis and autumn flowers and a poem、,Blue enamel mark of Qianlong period,H. 9.2 cm,11 18C,Qing,,,THE CHINESE GOVERNMENT,,government,China,yes,,
2113,TEA POT,item,Ceramics,porcelain,enamel,"enamelled with magpies, bamboos and quails (rebus for joy and peace)",Blue enamel mark of Yongzheng period,H. 11.1 cm,11 18C,Qing,,,THE CHINESE GOVERNMENT,,government,China,,,
2114,BOTTLE (tan p'ing),item,Ceramics,porcelain,enamel,decorated in enamels with prunus and cranes,Blue enamel seal mark of Qianlong period,H. 20.7 cm,11 18C,Qing,,,THE CHINESE GOVERNMENT,,government,China,yes,,
2115,TEA POT,item,Ceramics,porcelain,enamel,"with landscape, in blue enamel in brocaded ground",Blue enamel mark of Yongzheng period,H. 8.9 cm,11 18C,Qing,,,THE CHINESE GOVERNMENT,,government,China,yes,,
2116,PAIR OF DISHES,set,Ceramics,porcelain,ceramics; porcelain,with panels of figure subjects,Blue enamel mark of Qianlong period,Di. 13.2 cm,11 18C,Qing,,,THE CHINESE GOVERNMENT,,government,China,yes,,
2117,PAIR OF SMALL BOWLS,set,Ceramics,porcelain,enamel,decorated in coloured enamels with sprays of flowers on a blue graviata ground,Blue enamel mark of Qianlong period,Di. 11.9 cm,11 18C,Qing,,,THE CHINESE GOVERNMENT,,government,China,,,
2119,PAIR OF PLATES,set,Ceramics,porcelain,enamel,"decorated with prunus and a poem in enamel colours, lemon yellow outside",Mark of Yongzheng period,Di. 17.5 cm,11 18C,Qing,,,THE CHINESE GOVERNMENT,,government,China,yes,,
2120&2125,VASE (p'ing),set,Ceramics,porcelain,,"decorated with sprays of flowers in a blue graviata ground, Pair with No. 2125",Raised blue mark of Qianlong period,H. 18.7 cm,11 18C,Qing,,,THE CHINESE GOVERNMENT,,government,China,,,
2121,PAIR OF BOWLS,set,Cloisonné,,metalwork; gold; enamel,cloisonné enamel on gold,Mark and period of Qianlong,"Di. 11.6 cm, H. 11.7 cm",11 18C,Qing,,,THE CHINESE GOVERNMENT,,government,China,yes,,
2122&2147,VASE (mei-p'ing),set,Ceramics,porcelain,famille rose enamel,"decorated with chrysanthemums in enamel colours (fên-ts'ai), Pair with No. 2147. decorated with chrysanthemums in famille rose enamel colours","with an Imperial inscription, made by Imperial order, Seal mark of Qianlong period",H. 21.4 cm,11 18C,Qing,,,THE CHINESE GOVERNMENT,,government,China,yes,,
2123,SMALL BOWL,item,Ceramics,porcelain,metalwork; copper with enamel,"enamel on copper, with decoration of sprays of lily in a purple ground",Mark and period of Kangxi,Di. 12.3 cm,11 18C,Qing,,,THE CHINESE GOVERNMENT,,government,China,,,
2124,PAIR OF PLATES,set,Ceramics,porcelain,enamel,"decorated in enamel colours with sprays of nandina, yellow prunus, and a poem, lemon yellow outside",Mark of Yongzheng period,Di. 17.5 cm,11 18C,Qing,,,THE CHINESE GOVERNMENT,,government,China,,,
2120&2125,VASE (p'ing),,Ceramics,porcelain,,"decorated with sprays of flowers in a blue graviata ground, Pair with No. 2120",Raised blue mark of Qianlong period,H. 18.7 cm,11 18C,Qing,,,THE CHINESE GOVERNMENT,,government,China,,,
2126&2134,VASE,set,Ceramics,porcelain,Canton enamel,"Canton enamel, painted in panels, with peonies in a yellow ground",Mark and period of Kangxi,H. 34.4 cm,11 18C,Qing,,,THE CHINESE GOVERNMENT,,government,China,,,
2127,VASE (mei-p'ing),item,Ceramics,porcelain,ceramics; porcelain(enamelled),"decorated with scrolls in underglaze blue and enamel colours, Pair with No. 2134",Seal mark of Qianlong period,H. 33.2 cm,11 18C,Qing,,,THE CHINESE GOVERNMENT,,government,China,yes,,
2128,SPITTOON,item,Ceramics,porcelain,enamel,"Canton enamel, with sprays of peonies in a yellow ground",Mark and period of Kangxi,H. 7.5 cm,11 18C,Qing,,,THE CHINESE GOVERNMENT,,government,China,,,
2129,COVERED BOWL of lotus form,item,Cloisonné,,metalwork; copper with enamel,in enamel colours on copper,Mark and period of Kangxi,Di. 11.3 cm,11 18C,Qing,,,THE CHINESE GOVERNMENT,,government,China,,,
2130,MINIATURE VASE (p'ing),item,Ceramics,porcelain,Canton enamel,"of Canton enamel, with decoration of shui ch'ao t'u or the Levee on a New Year's Day, i.e., of the narcissus, the nandina, the prunus, the camellia and the fungus (ling-chih)",Mark and period of Kangxi,H. 10 cm,11 18C,Qing,,,THE CHINESE GOVERNMENT,,government,China,,,
2131,TEA POT,item,Ceramics,porcelain,enamel,"Canton enamel, with decoration of chrysanthemums enclosed in medallions in a yellow ground",Mark and period of Kangxi,H. 9.1 cm,11 18C,Qing,,,THE CHINESE GOVERNMENT,,government,China,yes,,
2132,POT AND COVER,item,Cloisonné,,Cloisonné,"cloisonné enamel, enamelled on gold",Mark and period of Qianlong,H. 9.1 cm,11 18C,Qing,,,THE CHINESE GOVERNMENT,,government,China,,,
2133,JAR AND COVER (kai-kuan),item,Ceramics,porcelain,ceramics; porcelain(enamelled),"with decoration of nine children at play, in underglaze blue and enamels",Seal mark of Qianlong period,H. 29.6 cm,11 18C,Qing,,,THE CHINESE GOVERNMENT,,government,China,,,
2126&2134,VASE,,Ceramics,porcelain,Canton enamel,"Canton enamel, painted in panels, with peonies in a yellow ground, pair with No.2126",Mark and period of Kangxi,H. 34.4 cm,11 18C,Qing,,,THE CHINESE GOVERNMENT,,government,China,,,
2135,FIGURE OF MA KU (k'o ssŭ),item,Textile,Furnishings,textiles,"in k'o ssŭ and embroidery, with blue background",,208.4 by 138.5 cm,11 18C,Qing,,,"PROFESSOR W. PERCEVAL YETTS, O.B.E., London",,private,"London, U.K.",yes,,
2136,SILK TAPESTRY (k'o ssŭ),item,Textile,Furnishings,textiles; silk,border worked with peacock's feathers,,162.6 by 198.2 cm,11 18C,Qing,,,"MAJOR A. A. PERCEVAL, Ballymote, I.F.S.",,private,Ireland,yes,,
2137,SET OF THREE COVERED JARS AND TWO BEAKERS,item,Ceramics,porcelain,enamel,with panel decoration in famille rose enamels in a ruby ground,,Vases H. 45 cm. beakers H. 35 cm,11 18C,Qing,,,"B. CURRIE, Farnborough, Hants",,private,"Hampshire, U.K.",yes,,
2138,PAIR OF BOWLS,set,Ceramics,porcelain,enamel,"decorated with sparrows and bamboos in enamel colours, and a stanza of poetry",Blue enamel mark of Yongzheng period,Di. 16 cm,11 18C,Qing,,,THE CHINESE GOVERNMENT,,government,China,yes,,
2139,PAIR OF BOWLS,set,Ceramics,porcelain,ceramics; porcelain,"decorated with peonies and verses, in Chinese brown and black ink",Blue enamel mark of Yongzheng period,Di. 15 cm,11 18C,Qing,,,THE CHINESE GOVERNMENT,,government,China,yes,,
2140,PAIR OF WINE CUPS,set,Ceramics,porcelain,enamel,enamelled with panels of flowers in deep red ground,Mark of Yongzheng period,H. 4.3 cm.Di. 6.4 cm,11 18C,Qing,,,THE CHINESE GOVERNMENT,,government,China,,,
2141,BOWL,item,Ceramics,porcelain,enamel,"decorated in enamel colours with fungi, orchids and rocks in an opaque yellow ground, and a stanza of poetry",Blue enamel mark of Yongzheng period,Di. 11.9 cm,11 18C,Qing,,,THE CHINESE GOVERNMENT,,government,China,,,
2142,PAIR OF BOWLS,set,Ceramics,porcelain,enamel,"decorated with chrysanthemums in enamel colours, and stanzas of poetry",Blue enamel mark of Yongzheng period,Di. 15.1 cm,11 18C,Qing,,,THE CHINESE GOVERNMENT,,government,China,yes,,
2143,PAIR OF BOWLS,set,Ceramics,porcelain,enamel,"decorated in enamel colours with the magnolias, peonies, and a poem",Blue enamel mark of Yongzheng period,Di. 10.2 cm,11 18C,Qing,,,THE CHINESE GOVERNMENT,,government,China,yes,,
2144&2149,DISH,set,Ceramics,porcelain,enamel,"ruby back, decorated with landscape in enamel colours, Pair with No. 2149",Blue enamel mark of Qianlong period,Di. 17.3 cm,11 18C,Qing,,,THE CHINESE GOVERNMENT,,government,China,,,
2145,PAIR OF PLATES,set,Ceramics,porcelain,enamel,with decoration of cydonia flowers and "shou-t'ai" birds in enamel colours,Mark of Qianlong period,Di. 13.5 cm,11 18C,Qing,,,THE CHINESE GOVERNMENT,,government,China,,,
2146,OBLONG BOX,item,Ceramics,porcelain,enamel,"decorated in enamels with a European landscape, female figure and three rams (a rebus of the reanimation of Spring)",Blue enamel mark of Qianlong period,L. 7.4 cm.W. 5.8 cm,11 18C,Qing,,,THE CHINESE GOVERNMENT,,government,China,yes,,
2122&2147,VASE (mei-p'ing),,Ceramics,porcelain,famille rose enamel,"decorated with chrysanthemums in enamel colours (fên-ts'ai), Pair with No. 2122. decorated with chrysanthemums in famille rose enamel colours","with an Imperial inscription, made by Imperial order, Seal mark of Qianlong period",H. 21.4 cm,11 18C,Qing,,,THE CHINESE GOVERNMENT,,government,China,yes,,
2148,PAIR OF SMALL DISHES,set,Ceramics,porcelain,enamel,"with decoration of chrysanthemums in enamel colours, and a poem",Blue enamel mark of Yongzheng period,"Di. 10.8, 10.7 cm",11 18C,Qing,,,THE CHINESE GOVERNMENT,,government,China,yes,,
2144&2149,DISH,,Ceramics,porcelain,enamel,"ruby back, decorated with landscape in enamel colours, Pair with No. 2144",Blue enamel mark of Qianlong period,Di. 17.3 cm,11 18C,Qing,,,THE CHINESE GOVERNMENT,,government,China,,,
2150&2158,VASE (p'ing),set,Ceramics,porcelain,enamel,"decorated in enamels in a red graviata ground, Pair with No. 2158",Blue enamel seal mark of Qianlong period,H. 19.1 cm,11 18C,Qing,,,THE CHINESE GOVERNMENT,,government,China,yes,,
2151&2157,BOTTLE (tan p'ing),set,Ceramics,porcelain,ceramics; porcelain,"decorated with sprays of lotus and chrysanthemums in a blue graviata ground, Pair with No. 2157Graviata""  gravo、 graffiato",Blue enamel seal mark of Qianlong period,H. 23.5 cm,11 18C,Qing,,,THE CHINESE GOVERNMENT,,government,China,,,
2152&2156,VASE,set,Ceramics,porcelain,enamel,"of hot-water bottle form (wên hu), decorated in enamels with the apricot, willow and Spring swallows, and a poem, Pair with No. 2156.of hot-water bottle form (wên hu), decorated in enamels with peach, willow and a poem",Blue enamel mark of Qianlong period,H. 17.5 cm,11 18C,Qing,,,THE CHINESE GOVERNMENT,,government,China,yes,,
2153,PAIR OF WINE CUPS,set,Ceramics,porcelain,ceramics; porcelain,with decoration in enamel colours of prunus and bamboo,Mark of Yongzheng period,Di. 7.1 cm,11 18C,Qing,,,THE CHINESE GOVERNMENT,,government,China,,,
2154,BOWL,item,Ceramics,porcelain,enamel,"decorated with panels of season flowers in enamel colours in a green ground, set in a ground of pink",Imperial Kangxi mark in mauve enamel,Di. 15 cm,11 18C,Qing,,,THE CHINESE GOVERNMENT,,government,China,yes,,
2155,CHICKEN CUP (chi-kang pei),item,Ceramics,porcelain,enamel,"decorated in enamel colours with poultry, and a poem by Ch'ien-lung",Seal mark of Qianlong period,H. 7 cm,11 18C,Qing,,,THE CHINESE GOVERNMENT,,government,China,,,
2152&2156,VASE,,Ceramics,porcelain,enamel,"of hot-water bottle form (wên hu), decorated in enamels with the apricot, willow and Spring swallows, and a poem, Pair with No. 2152.of hot-water bottle form (wên hu), decorated in enamels with peach, willow and a poem",Blue enamel mark of Qianlong period,H. 17.5 cm,11 18C,Qing,,,THE CHINESE GOVERNMENT,,government,China,yes,,
2151&2157,BOTTLE (tan p'ing),,Ceramics,porcelain,ceramics; porcelain,"decorated with sprays of lotus and chrysanthemums in a blue graviata ground, Pair with No. 2151Graviata""  gravo、 graffiato",Blue enamel seal mark of Qianlong period,H. 23.5 cm,11 18C,Qing,,,THE CHINESE GOVERNMENT,,government,China,,,
2150&2158,VASE (p'ing),,Ceramics,porcelain,enamel,"decorated in enamels in a red graviata ground, Pair with No. 2150",Blue enamel seal mark of Qianlong period,H. 19.1 cm,11 18C,Qing,,,THE CHINESE GOVERNMENT,,government,China,yes,,
2159,BOWL,item,Ceramics,porcelain,enamel,decorated in enamel colours with peonies on an opaque yellow ground,Red enamel mark of Yongzheng period,Di. 11.4 cm,11 18C,Qing,,,THE CHINESE GOVERNMENT,,government,China,,,
2160&2165,VASE (liu),set,Ceramics,porcelain,enamel,"decorated with peonies in enamels, and a poem, Pair with No. 2165. decorated in enamel colours with wild camellia, peach blossoms, and a poem",Blue enamel mark of Qianlong period,H. 16.3 cm,11 18C,Qing,,,THE CHINESE GOVERNMENT,,government,China,yes,,
2161&2166,BOWL,set,Ceramics,porcelain,enamel,"decorated in enamel colours with roses, rocks, and a poem, Pair with No. 2166",Blue enamel mark of Yongzheng period,Di. 11.3 cm,11 18C,Qing,,,THE CHINESE GOVERNMENT,,government,China,yes,,
2162,PAIR OF BOWLS,set,Ceramics,porcelain,enamel,decorated with prunus and bamboo in enamel colours on a dark ruby-pink ground,Blue enamel mark of Yongzheng period,Di. 15.1 cm,11 18C,Qing,,,THE CHINESE GOVERNMENT,,government,China,,,
2163,BOWL,item,Ceramics,porcelain,enamel,decorated with flowers of the four seasons in enamel colours on a blue ground,Imperial Kangxi mark in blue,Di. 12.4 cm,11 18C,Qing,,,THE CHINESE GOVERNMENT,,government,China,,,
2164,BOWL,item,Ceramics,porcelain,enamel,"with spreading mouth, decorated with sprays of flowers in enamel colours on a ground of white enamel",Imperial Kangxi mark in pink,Di. 11.6 cm,11 18C,Qing,,,THE CHINESE GOVERNMENT,,government,China,yes,,
2160&2165,VASE (liu),,Ceramics,porcelain,enamel,"decorated in enamel colours with wild camellia, peach blossoms, and a poem,Pair with No. 2160",Blue enamel mark of Qianlong period,H. 16.3 cm,11 18C,Qing,,,THE CHINESE GOVERNMENT,,government,China,yes,,
2161&2166,BOWL,,Ceramics,porcelain,enamel,"decorated in enamel colours with roses, rocks, and a poem, Pair with No. 2161",Blue enamel mark of Yongzheng period,Di. 11.3 cm,11 18C,Qing,,,THE CHINESE GOVERNMENT,,government,China,yes,,
2167,LARGE PLATE,item,Ceramics,porcelain,enamel,with lotus plants and ducks in famille verte and famille rose enamels,,Di. 53 cm,11 18C,Qing,,,"S. D. WINKWORTH, Walton-on-the-Hill, Surrey",,private,"Surrey, U.K.",,,
2168,Painting in colour,item,Paintings and Calligraphy,Animal and plants,,Peonies in a Vase,,H. 113.5 cm. W. 59.5 cm,11 18C,Qing,,"LANG SHIH-NING (Giuseppe Castiglione, Jesuit Father) (1688-1766 A.D.)",THE CHINESE GOVERNMENT,,government,China,,,
2169,BOTTLE,item,Ceramics,porcelain,enamel,decorated with Taoist subjects in famille rose enamel colours,Mark of Yongzheng period,H. 53 cm,11 18C,Qing,,,"MADAME WANNIECK, Paris",,private,"Paris, France",yes,,
2170,VASE,item,Ceramics,porcelain,ceramics; porcelain( famille rose enamels),"porcelain, with mille fleur decoration in famille rose enamels",Mark of Qianlong period,H. 74 cm,11 18C,Qing,,,"R. C. BRUCE, London",,private,"London, U.K.",,,
2171,Painting in colour on paper,item,Paintings and Calligraphy,Scholar painting,plant derived materials; paper,Looking at Chrysanthemums by a Mountain Stream,Signed and dated 1667 A.D. by the artist,H. 167.7 cm.W. 45.4 cm,11 18C,Qing,,WANG WU (A.D. 1632-1690),THE CHINESE GOVERNMENT,,government,China,yes,,
2172,A COLLECTION OF TWENTY-SEVEN SNUFF BOTTLES,set,,,of various materials,,,,11 18C,Qing,,,"OSCAR RAPHAEL, London",,private,"London, U.K.",yes,,
2173,Painting in colour on paper,item,Paintings and Calligraphy,Scholar painting,plant derived materials; paper,I Wu Pavilion,,H. 104.4 cm. W. 54.3 cm,11 18C,Qing,,WANG HUI (A.D. 1632-1720),THE CHINESE GOVERNMENT,,government,China,yes,,
2174,Painting in colour on paper,item,Paintings and Calligraphy,Landscape,plant derived materials; paper,A River Village in the style of Chao Mêng-fu,Signed and dated A.D. 1706 by the artist,H. 118 cm. W. 61 cm,11 18C,Qing,,WANG HUI (A.D. 1632-1720),THE CHINESE GOVERNMENT,,government,China,,,
2175,"A COLLECTION OF TWENTY-SIX SNUFF BOTTLES, CUPS, MINIATURE VASES, etc.",set,,,of various materials,,,,11 18C,Qing,,,"THE CHINESE GOVERNMENT, SIR PERCIVAL DAVID, CAPTAIN E. G. SPENCER-CHURCHILL, CAPTAIN A. T. WARRE AND MR. AND MRS. ALFRED CLARK",,government,"Buckinghamshire, U.K.",yes,,
2176,Painting in colour on paper,item,Paintings and Calligraphy,Scholar painting,plant derived materials; paper,Slender Bamboos and a Withered Tree,,H. 101.6 cm. W. 48 cm,11 18C,Qing,,YÜN SHOU-P'ING (A.D. 1633-1690),THE CHINESE GOVERNMENT,,government,China,yes,,
2177,VASE,item,Ceramics,porcelain,ceramics; porcelain(enamelled),"with dragon, phoenix and peonies in underglaze blue and enamels",Period of Yongzheng,H. 48.8 cm,11 18C,Qing,,,"SIR JOHN BUCHANAN-JARDINE, BT., London",,private,"London, U.K.",yes,,
2178,VASE,item,Ceramics,porcelain,ceramics; porcelain(enamelled),with dragon handles and decoration of polychrome enamels,Mark of Qianlong period,H. 69.9 cm,11 18C,Qing,,,"SIR JOHN BUCHANAN-JARDINE, BT., London",,private,"London, U.K.",yes,,
2179,Painting in colour on paper,item,Paintings and Calligraphy,Animal and plants,plant derived materials; paper,Three Kinds of Spring Flowers,,H. 45 cm. W. 80.2 cm,11 18C,Qing,,CH'IEN WEI-CH'ÊNG (A.D. 1720-1772),THE CHINESE GOVERNMENT,,government,China,,,
2180&2256,CANTON ENAMEL PAINTING,set,Ceramics,porcelain,ceramics; porcelain(enamelled),"with Lancret scenes and figures in relief, 。Pair with No. 2256",,H. 45 cm. W. 33 cm,11 18C,Qing,,,"RIJKSMUSEUM, Amsterdam",,museum,"Amsterdam, Netherlands",yes,,
2181,SET OF TWELVE CUPS,set,Ceramics,porcelain,ceramics; porcelain(enamelled),"with floral decoration, in underglaze and enamel colours, representing the twelve months",Mark of Kangxi period,Di. 6.5 cm,11 18C,Qing,,,"SIR PERCIVAL DAVID, BT., London",,private,"London, U.K.",,,
2182,PANEL,item,Textile,Furnishings,textiles; silk,"embroidered silk, Cantonese",,92.7 by 30.5 cm,11 18C,Qing,,,"LIBERTY AND CO., LTD., London",,private,"London, U.K.",,,
2183,LARGE PLATE,item,Ceramics,porcelain,ceramics; porcelain,with decoration of plum blossom and roses,Mark of Yongzheng period,Di. 49 cm,11 18C,Qing,,,"SIR PERCIVAL DAVID, BT., London",,private,"London, U.K.",yes,,
2184&2189,EWER WITH COVER,set,Ceramics,porcelain,Canton enamel,"Canton enamel, Pair with No. 2189",,H. 24.7 cm,11 18C,Qing,,,"THE LORD AND LADY ABERCONWAY, London",,private,"London, U.K.",yes,,
2185&2188,BOWL,set,Ceramics,porcelain,Canton enamel,"Canton enamel, with European scenes, Pair with No. 2188",,Di. 18.4 cm,11 18C,Qing,,,"THE LORD AND LADY ABERCONWAY, London",,private,"London, U.K.",yes2188,,
2186,GOURD-SHAPED VASE,item,Ceramics,porcelain,Canton enamel,"Canton enamel, enamelled with gourds, in a yellow ground with floral reserves in white",,H. 16.5 cm,11 18C,Qing,,,"MR. AND MRS. ALFRED CLARK, Iver Heath, Bucks",,private,"Buckinghamshire, U.K.",yes,,
2187,FOUR-SIDED VASE,item,Ceramics,porcelain,Canton enamel,"Canton enamel, panels with ladies in gardens on floral ground",,H. 15.5 cm,11 18C,Qing,,,"E. A. PARRY, London",,private,"London, U.K.",yes,,
2185&2188,BOWL,,Ceramics,porcelain,Canton enamel,"Canton enamel, with European scenes, Pair with No. 2185",,Di. 18.4 cm,11 18C,Qing,,,"THE LORD AND LADY ABERCONWAY, London",,private,"London, U.K.",yes2188,,
2184&2189,EWER WITH COVER,,Ceramics,porcelain,Canton enamel,"Canton enamel, Pair with No. 2184",,H. 24.7 cm,11 18C,Qing,,,"THE LORD AND LADY ABERCONWAY, London",,private,"London, U.K.",yes,,
2190,PAIR OF PLATES,set,Ceramics,porcelain,enamel,"Canton enamel, with ruby back",,Di. 15.2 cm,11 18C,Qing,,,"MR. AND MRS. ALFRED CLARK, Iver Heath, Bucks",,private,"Buckinghamshire, U.K.",yes,,
2191,TEAPOT,item,Ceramics,porcelain,enamel,"Canton enamel, lobed, with landscapes and flowering plants on white ground",Mark of Qianlong period,H. 8.5 cm,11 18C,Qing,,,"E. A. PARRY, London",,private,"London, U.K.",,,
2192,TEAPOT,item,Ceramics,porcelain,enamel,Canton enamel,,H. 20 cm,11 18C,Qing,,,"MR. AND MRS. ALFRED CLARK, Iver Heath, Bucks",,private,"Buckinghamshire, U.K.",yes,,
2193,PAIR OF PLATES,set,Ceramics,porcelain,enamel,"Canton enamel, with design of fruit and ruby back",,Di. 15.2 cm,11 18C,Qing,,,"MR. AND MRS. ALFRED CLARK, Iver Heath, Bucks",,private,"Buckinghamshire, U.K.",yes,,
2194,VASE,item,Ceramics,porcelain,Canton enamel,"of bottle-shape, Canton enamel, with decoration of peach tree",,H. 14.6 cm,11 18C,Qing,,,"MR. AND MRS. ALFRED CLARK, Iver Heath, Bucks",,private,"Buckinghamshire, U.K.",yes,,
2195,BOWL AND COVER,item,Ceramics,porcelain,enamel,"Canton enamel, the outside decorated with peony blossoms in a white ground, the interior in lavender blue",,H. 10.8 cm,11 18C,Qing,,,"MR. AND MRS. ALFRED CLARK, Iver Heath, Bucks",,private,"Buckinghamshire, U.K.",yes,,
2196,DISH,item,Ceramics,porcelain,enamel,"of flower form, Canton enamel",,L. 20 cm,11 18C,Qing,,,"MR. AND MRS. ALFRED CLARK, Iver Heath, Bucks",,private,"Buckinghamshire, U.K.",yes,,
2197,SNUFF BOX,item,Ceramics,porcelain,enamel,"Canton enamel, in shell form",,W. 7.6 cm,11 18C,Qing,,,"MR. AND MRS. ALFRED CLARK, Iver Heath, Bucks",,private,"Buckinghamshire, U.K.",,,
2198,TEA CONTAINER,item,Ceramics,porcelain,enamel,"enamel, from tea caddy No. 2199",,,11 18C,Qing,,,"LORD AND LADY ABERCONWAY, London",,private,"London, U.K.",,,
2199,TEA-CADDY,item,Ceramics,porcelain,enamel,Canton enamel,,H. 14 cm,11 18C,Qing,,,"THE LORD AND LADY ABERCONWAY, London",,private,"London, U.K.",yes,,
2200,PAIR OF MIRRORS,set,Ceramics,porcelain,enamel,with frames of Canton enamel,,L. 28 cm,11 18C,Qing,,,"S. D. WINKWORTH, Walton-on-the-Hill, Surrey",,private,"Surrey, U.K.",yes,,
2201,BOX AND COVER,item,Ceramics,porcelain,enamel,yellow Canton enamel,,Di. 16.2 cm,11 18C,Qing,,,"MR. AND MRS. ALFRED CLARK, Iver Heath, Bucks",,private,"Buckinghamshire, U.K.",yes,,
2202,TRAY,item,Ceramics,porcelain,enamel,"Canton enamel, with golden pheasants",,L. 61 cm,11 18C,Qing,,,"THE ROYAL SCOTTISH MUSEUM, Edinburgh",,museum,"Edinburgh, U.K.",yes,,
2203,LARGE PLATE,item,Ceramics,porcelain,enamel,"Canton enamel, with Hsi Wang Mu and attendants",,Di. 45.7 cm,11 18C,Qing,,,"SPINK AND SON, LTD., London",,private,"London, U.K.",yes,,
2204,Painting in ink on paper,item,Paintings and Calligraphy,Landscape,plant derived materials; paper,A Fishing Boat in a Storm,,H. 59 cm. W. 30.7 cm,11 18C,Qing,,THE EMPEROR CH'IEN-LUNG (reigned 1736-1795 A.D.),THE CHINESE GOVERNMENT,,government,China,,,
2205,EMBROIDERED PANEL,item,Textile,Furnishings,textile,"with phœnix on rock, yellow ground",,H. 260 cm.W. 130 cm,11 18C,Qing,,,"MR. AND MRS. A. CHESTER BEATTY, London",,private,"London, U.K.",yes,,
2206,Calligraphy,item,Paintings and Calligraphy,Calligraphy,,after the style of Su Shih (Su Tung-p'o),,H. 99.9 cm. W. 32.2 cm,11 18C,Qing,,THE EMPEROR CH'IEN-LUNG (reigned A.D. 1736-1795),THE CHINESE GOVERNMENT,,government,China,,,
2207,LARGE PLATE,item,Ceramics,porcelain,enamel,"with decoration of peonies and peaches, in famille rose enamels",Mark of Yongzheng period,Di. 49 cm,11 18C,Qing,,,"SIR PERCIVAL DAVID, BT., London",,private,"London, U.K.",yes,,
2208,DISH,item,Ceramics,porcelain,ceramics; porcelain(enamelled),"egg-shell porcelain, with fairies, in famille rose enamels, Ruby back",,Di. 20 cm,11 18C,Qing,,,"B. CURRIE, Farnborough, Hants",,private,"Hampshire, U.K.",yes,,
2209,MINIATURE BOTTLE,item,Glass,,glass,"glass, painted with flowers in enamel colours, and a poem",Mark of Qianlong period,H. 10 cm,11 18C,Qing,,,"SIR PERCIVAL DAVID, BT., London",,private,"London, U.K.",yes,,
2210,BRUSH BARREL,item,Glass,,glass,"glass, painted with a group of sages and attendants in enamel colours",Mark of Qianlong period,H. 10 cm,11 18C,Qing,,,"SIR PERCIVAL DAVID, BT., London",,private,"London, U.K.",yes,,
2211,SMALL VASE (p'ing),item,Glass,,glass,enamelled glass decorated with landscape and figures,Mark of Qianlong period,H. 10.5 cm,11 18C,Qing,,,THE CHINESE GOVERNMENT,,government,China,yes,,
2212,JAR,item,Ceramics,porcelain,ceramics; porcelain,"with dragon medallions in brown, over a pebbled yellow glaze",Mark of Yongzheng period,H. 8.5 cm,11 18C,Qing,,,"SIR PERCIVAL DAVID, BT., London",,private,"London, U.K.",yes,,
2213,VASE,item,Ceramics,porcelain,ceramics; porcelain,"with dragon handles, light blue glaze",Mark of Yongzheng period,H. 21.5 cm,11 18C,Qing,,,"S. D. WINKWORTH, Walton-on-the-Hill, Surrey",,private,"Surrey, U.K.",,,
2214,WATER POT,item,Ceramics,porcelain,ceramics; porcelain(enamelled),"with peonies, in underglaze red and enamel colours",Mark of Kangxi period,H. 8 cm,11 18C,Qing,,,"SIR PERCIVAL DAVID, BT., London",,private,"London, U.K.",,,
2215,OVOID WATER POT,item,Glass,,glass,"glass, decorated with a deer in a landscape in enamel colours",Mark of Qianlong period,H. 6 cm,11 18C,Qing,,,"SIR PERCIVAL DAVID, BT., London",,private,"London, U.K.",,,
2216,PAIR OF CUPS,set,Glass,,glass,"glass, minutely decorated landscapes in panels in enamel colours",Mark of Qianlong period,H. 4.6 cm,11 18C,Qing,,,"SIR PERCIVAL DAVID, BT., London",,private,"London, U.K.",yes,,
2217,MINIATURE BOTTLE,item,Glass,,glass,"glass, minutely decorated in enamel colours",Mark of Qianlong period,H. 9.8 cm,11 18C,Qing,,,"SIR PERCIVAL DAVID, BT., London",,private,"London, U.K.",yes,,
2218,DISH,item,Ceramics,porcelain,enamel,with lady and children in famille rose enamels,,Di. 20 cm,11 18C,Qing,,,"SIR PERCIVAL DAVID, BT., London",,private,"London, U.K.",yes,,
2219,SMALL JAR (kang),item,Ceramics,porcelain,ceramics; porcelain,with light sky-blue glaze,Mark of Yongzheng period,H. 11 cm,11 18C,Qing,,,THE CHINESE GOVERNMENT,,government,China,,,
2220,PAIR OF CUPS,set,Ceramics,porcelain,enamel,with decoration of quails in enamel colours,Mark of Yongzheng period,Di. 6.2 cm,11 18C,Qing,,,"SIR PERCIVAL DAVID, BT., London",,private,"London, U.K.",yes,,
2221,DISH,item,Ceramics,porcelain,ceramics; porcelain(enamelled),"egg-shell porcelain, with fruit and flowers, in famille rose enamels, Ruby back",,Di. 15.5 cm,11 18C,Qing,,,"B. CURRIE, Farnborough, Hants",,private,"Hampshire, U.K.",yes,,
2222,CUP,item,Ceramics,porcelain,enamel,"with bamboos and flowers, in enamel colours, Hall-marked in red",,Di. 6.4 cm,11 18C,Qing,,,"SIR PERCIVAL DAVID, BT., London",,private,"London, U.K.",yes,,
2223&2225,BOWL,set,Ceramics,,ceramics; porcelain,"decorated with bats in low relief under bluish-white glaze, Pair with No. 2225",Mark of Yongzheng period,Di. 14.5 cm,11 18C,Qing,,,"MRS. MARCUS EZEKIEL, London",,private,"London, U.K.",yes,,
2224,TEA POT AND TWO CUPS,set,Ceramics,porcelain,enamel,decorated with lotus in delicate famille rose enamels and a poem,Blue enamel mark of Yongzheng period,Tea.pot H. 11.5 cm. Cups Di. 6.3 cm,11 18C,Qing,,,"SIR PERCIVAL DAVID, BT., London",,private,"London, U.K.",yes,,
2223&2225,BOWL,,Ceramics,,ceramics; porcelain,"decorated with bats in low relief under bluish-white glaze, Pair with No. 2223",Mark of Yongzheng period,Di. 14.5 cm,11 18C,Qing,,,"MRS. MARCUS EZEKIEL, London",,private,"London, U.K.",yes,,
2226,BOTTLE,item,Ceramics,porcelain,ceramics; porcelain,"porcelain, with blue glaze",,H. 13.3 cm,11 18C,Qing,,,"FRANK PARTRIDGE AND SONS, LTD., London",,private,"London, U.K.",yes,,
2227,SAUCER DISH,item,Ceramics,porcelain,ceramics; porcelain(enamelled),"egg-shell porcelain, with flowers, in famille rose enamels, ruby back",,Di. 15.5 cm,11 18C,Qing,,,"SIR PERCIVAL DAVID, BT., London",,private,"London, U.K.",yes,,
2228,VASE,item,Ceramics,porcelain,ceramics; porcelain,with elephant handles and slip decoration under pale lavender glaze,Mark of Qianlong period,H. 19.7 cm,11 18C,Qing,,,"CAPTAIN A. T. WARRE, Hove",,private,"East Sussex, U.K.",yes,,
2229,DISH,item,Ceramics,porcelain,famille rose enamels,"with quails and peonies, in famille rose enamels, ruby back",,Di. 19.5 cm,11 18C,Qing,,,"SIR PERCIVAL DAVID, BT., London",,private,"London, U.K.",,,
2230,VASE,item,Ceramics,porcelain,ceramics; porcelain,decorated with gilded flower sprays and a dragon in relief,Mark of Qianlong period,H. 12 cm,11 18C,Qing,,,"MUSÉE DU LOUVRE, Paris",,museum,"Paris, France",yes,,
2231,VASE,item,Ceramics,porcelain,enamel,enamelled with peonies on a lavender ground and a poem by T'ang Yin,,H. 19.8 cm,11 18C,Qing,,,"C. E. RUSSELL, London",,private,"London, U.K.",yes,,
2232,VASE,item,Ceramics,porcelain,ceramics; porcelain(enamelled),"with lady and sheep, in enamel colours over white glaze","Decorators mark, Seal of Ch'ên",H. 32 cm,11 18C,Qing,,,"SIR PERCIVAL DAVID, BT., London",,private,"London, U.K.",yes,,
2233,VASE,item,Ceramics,porcelain,ceramics; porcelain,"two-handled, with lavender-blue glaze",,H. 26.7 cm,11 18C,Qing,,,"THE EARL OF ELGIN AND KINCARDINE, K.T., C.M.G., Dunfermline",,private,"Fife, U.K.",yes,,
2234,TEAPOT,item,Ceramics,porcelain,ceramics; porcelain(enamelled),"with a pine tree, prunus and bamboo, the ""three friends,"" in underglaze blue and enamels, From the Imperial Collection, Peking",Mark of the Yongzheng period,H. 13 cm,11 18C,Qing,,,"SIR PERCIVAL DAVID, BT., London",,private,"London, U.K.",yes,,
2235,DISH,item,Ceramics,porcelain,enamel,"with cocks and peonies in famille rose enamels, ruby back",,Di. 19.5 cm,11 18C,Qing,,,"SIR PERCIVAL DAVID, BT., London",,private,"London, U.K.",yes,,
2236&2241,VASE,set,Ceramics,porcelain,enamel,"with figures in enamel colours, Pair with No. 2241",,H. 34.3 cm,11 18C,Qing,,,"SIR JOHN BUCHANAN-JARDINE, BT., London",,private,"London, U.K.",yes,,
2237,OCTAGONAL PLATE,item,Ceramics,porcelain,enamel,with flowers and butterflies in famille rose enamels,,Di. 23.3 cm,11 18C,Qing,,,"MR. AND MRS. A. CHESTER BEATTY, London",,private,"London, U.K.",yes,,
2238,BRUSH WASHER,item,Ceramics,porcelain,ceramics; porcelain,"white porcelain, with moulded decoration of lotus sprays, concealed in the border are the characters shu fu",,Di. 12 cm,11 18C,Yuan,,,THE CHINESE GOVERNMENT,,government,China,,,
2239,LANTERN,item,Ceramics,porcelain,enamel,"Canton enamel imitating bamboo, with painted silk insets",,H. 48 cm,11 18C,Qing,,,"S. D. WINKWORTH, Walton-on-the-Hill, Surrey",,private,"Surrey, U.K.",yes,,
2240,PLATE,item,Ceramics,porcelain,ceramics; porcelain(enamelled),"egg-shell porcelain, with a lady and attendants in famille rose enamels",,Di. 21.3 cm,11 18C,Qing,,,"MR. AND MRS. ALFRED CLARK, Iver Heath, Bucks",,private,"Buckinghamshire, U.K.",yes,,
2236&2241,VASE,,Ceramics,porcelain,enamel,"with figures in enamel colours, Pair with No. 2236",,H. 34.3 cm,11 18C,Qing,,,"SIR JOHN BUCHANAN-JARDINE, BT., London",,private,"London, U.K.",yes,,
2242,Ink painting on silk,item,Paintings and Calligraphy,Scholar painting,textiles; silk,Plum Blossoms,,H. 186.5 cm. W. 63 cm,11 18C,Qing,,TSOU I-KUEI (1686-1772 A.D.),THE CHINESE GOVERNMENT,,government,China,,,
2243,PANEL,item,Textile,Furnishings,textiles; silk,embroidered silk,,109.2 by 30.5 cm,11 18C,Qing,,,"LIBERTY AND CO., LTD., London",,private,"London, U.K.",yes,,
2244&2253,JAR AND COVER,set,Ceramics,porcelain,ceramics; porcelain,"with slip decoration under pale celadon glaze, Pair with No. 2253",,H. 10.2 cm,11 18C,Qing,,,"THE HON. M. W. ELPHINSTONE, London",,private,"London, U.K.",,,
2245,WATER POT,item,Ceramics,porcelain,ceramics; porcelain,"ovoid, with dragon handles, ""soft-paste"" porcelain, with creamy glaze, Ting type",,H. 6.4 cm,11 18C,Qing,,,"SIR PERCIVAL DAVID, BT., London",,private,"London, U.K.",,,
2246,CUP,item,Ceramics,porcelain,ceramics; porcelain,with green and yellow glazes,,H. 5 cm,11 18C,Qing,,,"SIR PERCIVAL DAVID, BT., London",,private,"London, U.K.",,,
2247,MINIATURE DISH,item,Ceramics,porcelain,ceramics; porcelain,with incised dragon decoration,Incised mark of Yongzheng period,Di. 5.6 cm,11 18C,Qing,,,"SIR PERCIVAL DAVID, BT., London",,private,"London, U.K.",,,
2248,MINIATURE VASE,item,Ceramics,porcelain,ceramics; porcelain,"porcelain, with etched designs under an aubergine glaze",,H. 9 cm,11 18C,Qing,,,"F. SCHILLER, Betchworth, Surrey",,private,"Surrey, U.K.",,,
2249,WATER POT,item,Ceramics,porcelain,ceramics; porcelain,"with moulded medallions, ""soft paste"" porcelain, with cream glaze",,H. 3.5 cm,11 18C,Qing,,,"SIR PERCIVAL DAVID, BT., London",,private,"London, U.K.",,,
2250,CUP,item,Ceramics,porcelain,ceramics; porcelain(enamelled),"two handled, with foliate sides, porcelain, enamelled on the biscuit",,L. 8.8 cm,11 18C,Qing,,,"SIR PERCIVAL DAVID, BT., London",,private,"London, U.K.",,,
2251,OVAL BOX,item,Ceramics,porcelain,ceramics; porcelain,"with lid, porcelain, with pale celadon glaze",Mark of Yongzheng period,W. 7.6 cm,11 18C,Qing,,,"MRS. MARCUS EZEKIEL, London",,private,"London, U.K.",,,
2252,WATER POT,item,Ceramics,porcelain,ceramics; porcelain,"in the form of a water jar (kang), porcelain, with cream glaze, Ting type",,Di. 5.9 cm,11 18C,Qing,,,"SIR PERCIVAL DAVID, BT., London",,private,"London, U.K.",,,
2244&2253,JAR AND COVER,,Ceramics,porcelain,ceramics; porcelain,"with slip decoration under pale celadon glaze, Pair with No. 2244",,H. 10.2 cm,11 18C,Qing,,,"THE HON. M. W. ELPHINSTONE, London",,private,"London, U.K.",,,
2254,WATER POT,item,Ceramics,porcelain,ceramics; porcelain,"with decoration of a dragon, in clouds in underglaze red",,H. 7 cm,11 18C,Qing,,,"SIR PERCIVAL DAVID, BT., London",,private,"London, U.K.",yes,,
2255,VASE,item,Ceramics,porcelain,ceramics; porcelain,"egg-shell porcelain, with honeycomb pattern and plant decoration in slip",,H. 7.6 cm,11 18C,Qing,,,"CAPTAIN A. T. WARRE, Hove",,private,"East Sussex, U.K.",,,
2180&2256,CANTON ENAMEL PAINTING,,Ceramics,porcelain,ceramics; porcelain(enamelled),"with Lancret scenes and figures in relief, 。Pair with No. 2180",,H. 45 cm. W. 33 cm,11 18C,Qing,,,"RIJKSMUSEUM, Amsterdam",,museum,"Amsterdam, Netherlands",yes,,
2095&2257,VASE AND COVER,,Ceramics,porcelain,famille rose enamels,"with ducks and water plants in famille rose enamels, Pair with No. 2095.  with waterplants and birds in famille rose enamels,",,H. 67.4 cm,11 18C,Qing,,,"HER GRACE THE DUCHESS OF ROXBURGHE, London",,private,"London, U.K.",,,
2258,VASE AND COVER,item,Ceramics,porcelain,famille rose enamels,with cock and peonies in famille rose enamels,,H. 63 cm,11 18C,Qing,,,"HER GRACE THE DUCHESS OF ROXBURGHE, London",,private,"London, U.K.",,,
2259,BOWL,item,Ceramics,porcelain,enamel,with decoration of peach sprays in famille rose enamels,,,11 18C,Qing,,,"S. D. WINKWORTH, Walton-on-the-Hill, Surrey",,private,"Surrey, U.K.",yes,,
2260,PAIR OF VASES,set,Ceramics,porcelain,enamel,"with berries and leaves in enamel colours, in a black ground",,H. 33 cm,11 18C,Qing,,,"HER GRACE THE DUCHESS OF ROXBURGHE, London",,private,"London, U.K.",yes,,
2261,INCENSE BURNER,item,Ceramics,porcelain,ceramics; porcelain(enamelled),"porcelain, with landscape and figures, in famille rose enamels",,H. 10.8 cm,11 18C,Qing,,,"THE ROYAL SCOTTISH MUSEUM, Edinburgh",,museum,"Edinburgh, U.K.",yes,,
2262,VASE,item,Ceramics,porcelain,ceramics; porcelain,"porcelain, with decoration of five bats and waves, in pink",Mark of Yongzheng period,H. 13.8 cm,11 18C,Qing,,,"CAPTAIN A. T. WARRE, Hove",,private,"East Sussex, U.K.",yes,,
2263,SQUARE BOWL,item,Ceramics,porcelain,enamel,"with floral decoration, in famille rose enamels in a black ground",,H. 6 cm,11 18C,Qing,,,"MADAME MAURICE SOLVAY, Paris",,private,"Paris, France",yes,,
2264,PAIR OF LANTERNS,set,Ceramics,porcelain,enamel,decorated in famille rose enamel colours,,H. 32.5 cm,11 18C,Qing,,,"DR. LEONARD GOW, nr. Helensburgh, Dumbartonshire",,private,"Dumbartonshire, U.K.",yes,,
2265,PERFUME BALL,item,Ceramics,porcelain,enamel,"with elaborately pierced walls, decorated in famille rose enamels",,H. 8.5 cm,11 18C,Qing,,,"SIR PERCIVAL DAVID, BT., London",,private,"London, U.K.",yes,,
2266,VASE,item,Ceramics,porcelain,enamel,"decorated with floral scrolls, in a black enamel ground",,H. 20.5 cm,11 18C,Qing,,,"MRS. GEORGE JOSHUA, London",,private,"London, U.K.",yes,,
2267,PLATE,item,Ceramics,porcelain,ceramics; porcelain(enamelled),"egg-shell porcelain, with girl and youth, in pale blue enamel",,Di. 21 cm,11 18C,Qing,,,"B. CURRIE, Farnborough, Hants",,private,"Hampshire, U.K.",yes,,
2268,VASE,item,Ceramics,porcelain,,with stork and willows in low relief,,H. 22.5 cm,11 18C,Qing,,,"S. D. WINKWORTH, Walton-on-the-Hill, Surrey",,private,"Surrey, U.K.",yes,,
2269,PLATE,item,Ceramics,porcelain,ceramics; porcelain(enamelled),"egg-shell porcelain, with shepherd and sheep in famille rose enamels",,Di. 20 cm,11 18C,Qing,,,"B. CURRIE, Farnborough, Hants",,private,"Hampshire, U.K.",yes,,
2270,PAIR OF PLATES,set,Ceramics,porcelain,enamel,with sprays of flowers in famille rose enamels,,Di. 37 cm,11 18C,Qing,,,"S. D. WINKWORTH, Walton-on-the-Hill, Surrey",,private,"Surrey, U.K.",yes,,
2271,BRUSH POT,item,Ceramics,porcelain,enamel,"with panels of leaves and caterpillars in enamels, on a mulberry ground",,H. 15 cm,11 18C,Qing,,,"S. D. WINKWORTH, Walton-on-the-Hill, Surrey",,private,"Surrey, U.K.",yes,,
2272,Painting in ink on paper,item,Paintings and Calligraphy,Animal and plants,plant derived materials; paper,Rocks and Camellia,,H. 113.6 cm. W. 27 cm,11 18C,Ming,,CH'ÊN HUNG-SHOU (A.D. 1599-1652),THE CHINESE GOVERNMENT,,government,China,yes,,
2273,VASE,item,Ceramics,porcelain,famille rose enamels,with decoration of birds and peonies in famille rose enamels,Mark of Yongzheng period,H. 41.9 cm,11 18C,Qing,,,"THE EARL OF ELGIN AND KINCARDINE, K.T., C.M.G., Dunfermline",,private,"Fife, U.K.",yes,,
2274,QUADRANGULAR VASE,item,Ceramics,porcelain,enamel,enamelled with landscapes and birds on branches,,H. 29.2 cm,11 18C,Qing,,,"C. E. RUSSELL, London",,private,"London, U.K.",yes,,
2275,DISH,item,Ceramics,porcelain,enamel,"with floral decoration in famille rose enamels, and a poem, green enamelled back",Blue enamel mark of Qianlong period,Di. 14.5 cm,11 18C,Qing,,,"SIR PERCIVAL DAVID, BT., London",,private,"London, U.K.",yes,,
2276,BOWL,item,Ceramics,porcelain,ceramics; porcelain,"painted in sepia, with prunus blossom and verses",Blue enamel mark of Yongzheng period,Di. 12.5 cm,11 18C,Qing,,,"SIR PERCIVAL DAVID, BT., London",,private,"London, U.K.",,,
2277,FLASK,item,Ceramics,porcelain,ceramics; porcelain(enamelled),"porcelain, with flowers, birds and butterflies in famille rose enamels",Mark of Yongzheng period,H. 29.5 cm,11 18C,Qing,,,"SIR PERCIVAL DAVID, BT., London",,private,"London, U.K.",yes,,
2278,BOTTLE,item,Ceramics,porcelain,ceramics; porcelain(enamelled),"egg-shell porcelain, decorated with a rose spray, and a butterfly in famille rose enamels",,H. 14.3 cm,11 18C,Qing,,,"SIR PERCIVAL DAVID, BT., London",,private,"London, U.K.",yes,,
2279,SET OF FIVE MINIATURE BOTTLES,set,Ceramics,porcelain,enamel,"decorated with rocks, flowers, birds and bamboos in famille rose enamels, and with a poem",Blue enamel mark of Qianlong period,H. 9.6 cm,11 18C,Qing,,,"SIR PERCIVAL DAVID, BT., London",,private,"London, U.K.",yes,,
2280,VASE,item,Ceramics,porcelain,ceramics; porcelain(famille rose enamels),"porcelain, painted in famille rose enamels with rock, flowers, and a poem",Blue enamel mark of Qianlong period,H. 17.5 cm,11 18C,Qing,,,"SIR PERCIVAL DAVID, BT., London",,private,"London, U.K.",yes,,
2281,PLATE,item,Ceramics,porcelain,enamel,"with flowering prunus bough, roses and fungi, in famille rose enamels, and with a poem",Mark of Yongzheng period,Di. 29.5 cm,11 18C,Qing,,,"SIR PERCIVAL DAVID, BT., London",,private,"London, U.K.",yes,,
2282,SAUCER DISH,item,Ceramics,porcelain,enamel,"with flowers, in famille rose enamels, edge with flower scrolls in gold ground",Mark of Yongzheng period,Di. 11.5 cm,11 18C,Qing,,,"SIR PERCIVAL DAVID, BT., London",,private,"London, U.K.",,,
2283,BOWL,item,Ceramics,porcelain,ceramics; porcelain(enamelled),"porcelain, with prunus, birds and a poem, in famille rose enamels",Blue enamel mark of Qianlong period,Di. 11 cm,11 18C,Qing,,,"SIR PERCIVAL DAVID, BT., London",,private,"London, U.K.",yes,,
2284,SAUCER DISH,item,Ceramics,porcelain,enamel,"with bird and branches of prunus and magnolia, in famille rose enamels",Mark of Yongzheng period,Di. 17.5 cm,11 18C,Qing,,,"SIR PERCIVAL DAVID, BT., London",,private,"London, U.K.",,,
2285,TEA-POT,item,Ceramics,porcelain,enamel,"rectangular, with decoration in famille rose enamels","Blue enamel mark of benediction, Period of Qianlong",H. 15.5 cm,11 18C,Qing,,,"F. P. M. SCHILLER, K.C., Betchworth, Surrey",,private,"Surrey, U.K.",yes,,
2286,BOWL,item,Ceramics,porcelain,enamel,decorated with flowers in famille rose enamel colours,,Di. 13.4 cm,11 18C,Qing,,,"MR. AND MRS. CHESTER BEATTY, London",,private,"London, U.K.",,,
2287,BOTTLE,item,Ceramics,porcelain,ceramics; porcelain(enamelled),"egg-shell porcelain, pear-shaped, decorated with a rock and flowers and a poem, in famille rose enamels",Blue enamel mark of Qianlong period,H. 14 cm,11 18C,Qing,,,"SIR PERCIVAL DAVID, BT., London",,private,"London, U.K.",yes,,
2288,DISH,item,Ceramics,porcelain,enamel,"decorated with rocks, flowering plants, a cock and a hen in famille rose enamels, ruby back, good-wish mark in pink enamel on base",,Di. 15.5 cm,11 18C,Qing,,,"SIR PERCIVAL DAVID, BT., London",,private,"London, U.K.",yes,,
2289,BOTTLE,item,Ceramics,porcelain,enamel,"pear-shaped, decorated with flowering plants, cock, hen and chickens in famille rose enamels, good wish mark in pink enamel on base",,H. 17.8 cm,11 18C,Qing,,,"SIR PERCIVAL DAVID, BT., London",,private,"London, U.K.",yes,,
2290,HORIZONTAL PANEL OF PAINTED PAPER,item,Paintings and Calligraphy,,plant derived materials; paper,,,406.5 by 85 cm,VESTIBULE,Qing,,,"THE EARL OF ELGIN AND KINCARDINE, K.T., C.M.G., Dunfermline",,private,"Fife, U.K.",,,
2291,SILK TAPESTRY (k'o ssŭ),item,Textile,Furnishings,textiles; silk,Great Yü Mastering the Floods,,157.5 by 86.7 cm,VESTIBULE,Qing,,,THE CHINESE GOVERNMENT,,government,China,,,
2292,HORIZONTAL PANEL OF PAINTED PAPER,item,Paintings and Calligraphy,,plant derived materials; paper,,,406.5 by 85 cm,VESTIBULE,Qing,,,"THE EARL OF ELGIN AND KINCARDINE, K.T., C.M.G., Dunfermline",,private,"Fife, U.K.",,,
2293,FRESCO,item,Paintings and Calligraphy,Religious painting,plaster,"wall painting in colours, with Taoist figures",,165.2 by 116.9 cm,VESTIBULE,Qing,,,"SIR FREDERICK WHYTE, K.C.S.I., London",,private,"London, U.K.",yes,,
2294,Painting in colour on paper,item,Paintings and Calligraphy,Figure,plant derived materials; paper,Hsiang Fei (Emperor Ch'ien-lung's Tartar concubine) on Lake ,,,VESTIBULE,Qing,,UNKNOWN ARTIST,"S. HARCOURT SMITH, London",,private,"London, U.K.",yes,,
2295,CARPET IN FOUR PIECES,item,Textile,Others,textiles; wool,,,Av. size 122 by 269.3 cm,CENTRAL HALL,Qing,,,"SAXTON NOBLE, London",,private,"London, U.K.",,,
2296,Painting in colour on silk,item,Paintings and Calligraphy,Court Painting,textiles; silk,Portrait of the Emperor T'ai Tsung (reigned 976-996 A.D.),,H. 74 cm. W. 47 cm,CENTRAL HALL,Ming,,UNKNOWN ARTIST,THE CHINESE GOVERNMENT,,government,China,yes,,
2297,Painting in colour on silk,item,Paintings and Calligraphy,Religious painting,textiles; silk,A Lohan,,H. 103.3 cm.W. 49.1 cm,CENTRAL HALL,Song,,LI SUNG (12th century A.D.),THE CHINESE GOVERNMENT,,government,China,,,
2298,BOTTLE,item,Ceramics,porcelain,ceramics; porcelain,"porcelain, with deep red lang-yao glaze",,H. 39.8 cm,CENTRAL HALL,Qing,,,"J. PIERPONT MORGAN, New York",,private,"New York, U.S.A.",yes,,
2299,VASE,item,Ceramics,porcelain,ceramics; porcelain,"with flaring mouth, porcelain, with deep red lang-yao glaze",,H. 12 cm,CENTRAL HALL,Qing,,,"SIR PERCIVAL DAVID, BT., London",,private,"London, U.K.",yes,,
2300,INCENSE-BURNER,item,Ceramics,porcelain,ceramics; porcelain,with a deep red lang-yao glaze,,H. 11.3 cm,CENTRAL HALL,Qing,,,THE CHINESE GOVERNMENT,,government,China,,,
2301,BOTTLE,item,Ceramics,porcelain,ceramics; porcelain,with deep red glaze,,H. 37.9 cm,CENTRAL HALL,Qing,,,"F. SCHILLER, Betchworth, Surrey",,private,"Surrey, U.K.",yes,,
2302,SMALL VASE,item,Ceramics,porcelain,ceramics; porcelain,"porcelain, with deep red lang-yao glaze",,H. 10.5 cm,CENTRAL HALL,Qing,,,"F. SCHILLER, Betchworth, Surrey",,private,"Surrey, U.K.",,,
2303,BOWL,item,Ceramics,porcelain,ceramics; porcelain,with deep red lang-yao glaze,,Di. 21.6 cm,CENTRAL HALL,Qing,,,"SIR JOHN BUCHANAN-JARDINE, BT., London",,private,"London, U.K.",yes,,
2304,VASE,item,Ceramics,porcelain,ceramics; porcelain,with deep red lang-yao glaze,,H. 43.8 cm,CENTRAL HALL,Qing,,,"ARTHUR PHILLIPS, Tunbridge Wells",,private,"Kent, U.K.",,,
2305,BOWL,item,Ceramics,porcelain,ceramics; porcelain,"porcelain, with deep red lang-yao glaze",,Di. 24 cm,CENTRAL HALL,Qing,,,"SIR PERCIVAL DAVID, BT., London",,private,"London, U.K.",yes,,
2306,MINIATURE VASE,item,Ceramics,porcelain,ceramics; porcelain,"of baluster form, deep red lang-yao glaze",,H. 7.5 cm,CENTRAL HALL,Qing,,,"SIR PERCIVAL DAVID, BT., London",,private,"London, U.K.",,,
2307,SHALLOW BOWL,item,Ceramics,porcelain,ceramics; porcelain,deep red lang-yao glaze,,Di. 22.8 cm,CENTRAL HALL,Qing,,,"MRS. CHRISTIAN R. HOLMES, London",,private,"London, U.K.",yes,,
2308,VASE (kuan-yin p'ing),item,Ceramics,porcelain,ceramics; porcelain,"in shape of the bottle carried by Kuan-yin, with deep red lang-yao glaze, With a gilded copper band",,H. 20.9 cm,CENTRAL HALL,Qing,,,THE CHINESE GOVERNMENT,,government,China,,,
2309,WINE VESSEL (chih),item,Ceramics,porcelain,ceramics; porcelain,"pear-shaped, with ox-blood red lang-yao glaze",,H. 22.5 cm,CENTRAL HALL,Qing,,,THE CHINESE GOVERNMENT,,government,China,yes,,
2310,BOTTLE (pi-ch'i tsun),item,Ceramics,porcelain,ceramics; porcelain,"with body shaped like a water-chestnut, and ox-blood red lang-yao glaze, The rim is bound with a gilded copper band",,H. 38.4 cm,CENTRAL HALL,Qing,,,THE CHINESE GOVERNMENT,,government,China,,,
2311,BOTTLE,item,Ceramics,porcelain,ceramics; porcelain,"porcelain, with mottled red lang-yao glaze",,H. 22.4 cm,CENTRAL HALL,Qing,,,"SIR PERCIVAL DAVID, BT., London",,private,"London, U.K.",,,
2312,BOTTLE,item,Ceramics,porcelain,ceramics; porcelain,"porcelain, with deep red lang-yao glaze and metal rim",On the base is inscribed an Imperial poem of the Qianlong period,H. 18.5 cm,CENTRAL HALL,Qing,,,"F. ARBOUSSET, St. Brice, Charente, France",,private,France,,,
2313,CARPET,item,Textile,Furnishings,textiles; wool,,,4.20 m. square,CENTRAL HALL,Qing,,,"THE UNIVERSITY MUSEUM, University of Pennsylvania",,museum,"Pennsylvania, U.S.A.",yes,,
2314,PAGODA,item,Lacquer,Sculpture,plant derived materials; lacquer,"carved red, green and buff lacquer",,H. 108 cm,CENTRAL HALL,Qing,,,"HER MAJESTY QUEEN MARY, Buckingham Palace",,private,"London, U.K.",yes,,
2315,SET OF EIGHT FIGURES,set,Cloisonné,,metalwork; copper with enamel,bearing Buddhist Emblems,,Average H. 73 cm,CENTRAL HALL,Qing,,,"HER MAJESTY QUEEN MARY, Buckingham Palace",,private,"London, U.K.",yes,,
2316,SILK TAPESTRY (k'o ssŭ),item,Textile,Furnishings,textiles; silk,Lao Tzŭ on a Buffalo,,108.3 by 51.7 cm,CENTRAL HALL,Song,,,THE CHINESE GOVERNMENT,,government,China,,,
2317&2318,ELEPHANT,set,Cloisonné,,cloisonné enamel,"cloisonné enamel, Pair with No. 2318",,H. 75 cm,CENTRAL HALL,Qing,,,"HER MAJESTY QUEEN MARY, Buckingham Palace",,private,"London, U.K.",yes,,
2317&2318,ELEPHANT,,Cloisonné,,cloisonné enamel,"cloisonné enamel, Pair with No. 2317",,H. 75 cm,CENTRAL HALL,Qing,,,"HER MAJESTY QUEEN MARY, Buckingham Palace",,private,"London, U.K.",yes,,
2319,SILK TAPESTRY (k'o ssŭ),item,Textile,Furnishings,textiles; silk,"Rocks, Narcissi etc. (after Ts'ui Pai)",,H. 100.3 cm. W. 43.1 cm,CENTRAL HALL,Ming,,,"THE METROPOLITAN MUSEUM OF ART, New York",,museum,"New York, U.S.A.",yes,,
2320,CARPET,item,Textile,Furnishings,textiles; wool,,,412 by 460 cm,CENTRAL HALL,Qing,,,"MADAME WANNIECK, Paris",,private,"Paris, France",,,
2321,PAIR OF BOXES,set,Ceramics,porcelain,enamel,"Canton enamel, with design of quail",,W. 7 cm,CENTRAL HALL,Qing,,,"HER MAJESTY QUEEN MARY, Buckingham Palace",,private,"London, U.K.",,,
2322,VASE,item,Ceramics,porcelain,Canton enamel,"Canton enamel, with two European landscapes",,H. 22 cm,CENTRAL HALL,Qing,,,"HER MAJESTY QUEEN MARY, Buckingham Palace",,private,"London, U.K.",yes,,
2323,BOWL AND COVER,item,Jade,Utilitarian Objects,gemstones; jade,"white jade, Inset with rubies",,H. 8.2 cm. W. 14.6 cm,CENTRAL HALL,Qing,,,"HER MAJESTY QUEEN MARY, Buckingham Palace",,private,"London, U.K.",yes,,
2324,RECTANGULAR CASKET AND COVER,item,Jade,Utilitarian Objects,gemstones; jade,green jade,,H. 16 cm. W. 19.3 cm,CENTRAL HALL,Qing,,,"HER MAJESTY QUEEN MARY, Buckingham Palace",,private,"London, U.K.",yes,,SUNG DYNASTY
2325,BOX,item,Metals,,metalwork; gold,"gold, with ornamentation of turquoise",,H. 3.2 in. W. 8 in,CENTRAL HALL,Qing,,,"HER MAJESTY QUEEN MARY, Buckingham Palace",,private,"London, U.K.",yes,,
2326,CUP AND SAUCER,item,Jade,Utilitarian Objects,gemstones; jade,translucent jade,,H. 4.6 cm,CENTRAL HALL,Qing,,,"HER MAJESTY QUEEN MARY, Buckingham Palace",,private,"London, U.K.",,,
2327,TWO PERFORATED DISKS,set,Jade,Ornamental Objects,gemstones; jade,"with link, white jade",,H. 12 cm. L. 28.5 cm,CENTRAL HALL,Qing,,,"HIS MAJESTY THE KING, Windsor Castle",,private,"Berkshire, U.K.",yes,,
2328,PAIR OF ELEPHANTS,set,Lacquer,Sculpture,plant derived materials; lacquer,"on stands, carved red lacquer",,H. 26 cm,CENTRAL HALL,Qing,,,"HER MAJESTY QUEEN MARY, Buckingham Palace",,private,"London, U.K.",yes,,
2329,JU-I SCEPTRE,item,Jade,Ceremonial Objects,gemstones; jade,"white jade, with Imperial yellow silk tassel",,L. 39 cm,CENTRAL HALL,Qing,,,"HIS MAJESTY THE KING, Windsor Castle",,private,"Berkshire, U.K.",yes,,
2330,ROUND BOX,item,Ceramics,porcelain,enamel,"yellow, blue and green enamel, containing nine dishes",,Di. 34.5 cm,CENTRAL HALL,,,,"HER MAJESTY QUEEN MARY, Buckingham Palace",,private,"London, U.K.",,,
2330A,JU-I SCEPTRE,item,Jade,Ceremonial Objects,gemstones; jade,"white jade, with Imperial yellow silk tassel",,L. 36.3 cm,CENTRAL HALL,Qing,,,"HIS MAJESTY THE KING, Windsor Castle",,private,"Berkshire, U.K.",,,
2331,PAIR OF TEA CUPS AND COVERS,set,Jade,Utilitarian Objects,gemstones; jade,"lavender jade, painted with gold lacquer dragons and flowers",,Di. 9.2 cm,CENTRAL HALL,Qing,,,"HER MAJESTY QUEEN MARY, Buckingham Palace",,private,"London, U.K.",yes,,
2332,RECTANGULAR BOX AND COVER,item,Jade,Utilitarian Objects,gemstones; jade,white jade,,H. 4.3 cm. W. 7.1 cm,CENTRAL HALL,Qing,,,"HIS MAJESTY THE KING, Windsor Castle",,private,"Berkshire, U.K.",yes,,
2333,JU-I SCEPTRE,item,Jade,Ceremonial Objects,gemstones; jade,"white jade, with Imperial yellow silk tassel",,L. 46 cm,CENTRAL HALL,Qing,,,"HIS MAJESTY THE KING, Windsor Castle",,private,"Berkshire, U.K.",,,
2334,CASKET ON FOUR WHEELS,item,Lacquer,Containers,plant derived materials; lacquer,"carved red lacquer, On each of the twelve panels is a flower design emblematic of a month",,L. 46 cm,CENTRAL HALL,Qing,,,"HER MAJESTY QUEEN MARY, Buckingham Palace",,private,"London, U.K.",yes,,
2335,JU-I SCEPTRE,item,Jade,Ceremonial Objects,gemstones; jade,"white jade, with red silk tassel",,L. 45 cm,CENTRAL HALL,Qing,,,"HIS MAJESTY THE KING, Windsor Castle",,private,"Berkshire, U.K.",,,
2336,RECTANGULAR BOX AND COVER,item,Jade,Utilitarian Objects,gemstones; jade,white jade,,H. 5.4 cm. W. 6.9 cm,CENTRAL HALL,Qing,,,"HIS MAJESTY THE KING, Windsor Castle",,private,"Berkshire, U.K.",yes,,
2337,HO (wine vessel) and cover,item,Bronze,Containers,metalwork; bronze,,Inscribed,H. 21.5 cm,CENTRAL HALL,Warring States,,,THE JAPANESE IMPERIAL HOUSEHOLD,,government,Japan,yes,,
2338,SNUFF BOTTLE,item,Stones and Minerals,Utilitarian Objects,turquoise,matrix of turquoise,,H. 8 cm,CENTRAL HALL,Qing,,,"HER MAJESTY QUEEN MARY, Buckingham Palace",,private,"London, U.K.",,,
2339,PAIR OF PIERCED RECTANGULAR PLAQUES,set,Jade,Ornamental Objects,gemstones; jade,white jade,,H. 17.3 cm. W. 15.2 cm,CENTRAL HALL,Qing,,,"HIS MAJESTY THE KING, Windsor Castle",,private,"Berkshire, U.K.",yes,,
2340,PAIR OF JU-I SCEPTRES,set,Jade,Ceremonial Objects,gemstones; jade,"white jade, with Imperial yellow silk tassel",,L. 44 cm,CENTRAL HALL,Qing,,,"HIS MAJESTY THE KING, Windsor Castle",,private,"Berkshire, U.K.",,,
2341,JU-I SCEPTRE,item,Jade,Ceremonial Objects,gemstones; jade,"white jade and wood, with blue silk tassel",,L. 37.5 cm,CENTRAL HALL,Qing,,,"HIS MAJESTY THE KING, Windsor Castle",,private,"Berkshire, U.K.",,,
2342,KU (wine vessel),item,Bronze,Containers,metalwork; bronze,,,H. 32 cm,CENTRAL HALL,Shang,,,"HIS MAJESTY THE KING, Buckingham Palace","Presented to Queen Victoria by the Emperor of China, A.D. 1887",private,"London, U.K.",yes,,
2343,SMALL CARVING,item,Stones and Minerals,Sculpture,turquoise,turquoise,,H. 4.6 cm. W. 5.5 cm,CENTRAL HALL,Qing,,,"HER MAJESTY QUEEN MARY, Buckingham Palace",,private,"London, U.K.",,,
2344,PAIR OF BOWLS,set,Jade,Utilitarian Objects,gemstones; jade,white jade,,"H. 6.8 cm, Di. 15 cm",CENTRAL HALL,Qing,,,"HIS MAJESTY THE KING, Windsor Castle",,private,"Berkshire, U.K.",,,
2345,JU-I SCEPTRE,item,Jade,Ceremonial Objects,gemstones; jade,Three carved green jade plaques and the Eight Buddhist Emblems of various semi-precious stones set in gilt bronze,,L. 53 cm,CENTRAL HALL,Qing,,,"HIS MAJESTY THE KING, Windsor Castle",,private,"Berkshire, U.K.",yes,,
2346,PAIR OF JU-I SCEPTRES,set,Jade,Ceremonial Objects,gemstones; jade,"white jade, With Imperial yellow silk tassel",,H. 45.5 cm,CENTRAL HALL,Qing,,,"HIS MAJESTY THE KING, Windsor Castle",,private,"Berkshire, U.K.",,,
2347,BOWL,item,Jade,Utilitarian Objects,gemstones; jade,"with pendant rings, white jade",,H. 10.4 cm. L. 31 cm,CENTRAL HALL,Qing,,,"HIS MAJESTY THE KING, Windsor Castle",,private,"Berkshire, U.K.",yes,,
2348,Painting in colour on paper,item,Paintings and Calligraphy,Scholar painting,plant derived materials; paper,Quiet Angling by a River in Autumn,Seal of the artist at the top on the left,H. 36.6 cm. W. 28.7 cm,CENTRAL HALL,Song,,MA YÜAN (active c. A.D. 1190-1224),THE CHINESE GOVERNMENT,,government,China,yes,,
2349,VASE,item,Ceramics,porcelain,ceramics; porcelain,"of bronze form with tubular handles, porcelain, with apple-green crackled glaze",,H. 24 cm,CENTRAL HALL,Qing,,,"SIR PERCIVAL DAVID, BT., London",,private,"London, U.K.",,,
2350,VASE,item,Ceramics,porcelain,ceramics; porcelain,"porcelain, with apple-green crackled glaze",,H. 12.6 cm,CENTRAL HALL,Qing,,,"EUSTACE B. HOARE, London",,private,"London, U.K.",,,
2351,VASE,item,Ceramics,porcelain,ceramics; porcelain,"globular, porcelain, with apple-green crackled glaze",,H. 10.7 cm,CENTRAL HALL,Qing,,,"MRS. MARCUS EZEKIEL, London",,private,"London, U.K.",,,
2352,BOTTLE,item,Ceramics,porcelain,ceramics; porcelain,"porcelain, with apple-green crackled glaze",,H. 16.8 cm,CENTRAL HALL,Qing,,,"FRANK PARTRIDGE AND SONS, LTD., London",,private,"London, U.K.",,,
2353,VASE,item,Ceramics,porcelain,ceramics; porcelain,"bottle-shaped, porcelain, with apple-green crackled glaze",,H. 15.2 cm,CENTRAL HALL,Qing,,,"FRANK PARTRIDGE AND SONS, LTD., London",,private,"London, U.K.",,,
2354,BOTTLE,item,Ceramics,porcelain,ceramics; porcelain,"porcelain, with apple-green crackled glaze",,H. 17 cm,CENTRAL HALL,Qing,,,"FRANK PARTRIDGE AND SONS, LTD., London",,private,"London, U.K.",,,
2355,BULB BOWL,item,Ceramics,porcelain,ceramics; porcelain,with apple-green crackled glaze,,Di. 12.7 cm,CENTRAL HALL,Qing,,,"MR. AND MRS. ALFRED CLARK, Iver Heath, Bucks",,private,"Buckinghamshire, U.K.",,,
2356,VASE,item,Ceramics,porcelain,ceramics; porcelain,"porcelain, with apple-green crackled glaze",,H. 18 cm,CENTRAL HALL,Qing,,,"FRANK PARTRIDGE AND SONS, LTD., London",,private,"London, U.K.",,,
2357,VASE,item,Ceramics,porcelain,ceramics; porcelain,"porcelain, with apple-green crackled glaze",,H. 22.8 cm,CENTRAL HALL,Qing,,,"PARISH-WATSON, INC., New York",,private,"New York, U.S.A.",yes,,
2358,VASE,item,Ceramics,porcelain,ceramics; porcelain,"porcelain, with apple-green crackled glaze",,H. 19.6 cm,CENTRAL HALL,Qing,,,"FRANK PARTRIDGE AND SONS, LTD., London",,private,"London, U.K.",,,
2359,CARPET IN FOUR PIECES,item,Textile,Others,textiles; wool,,,Each 116.9 by 241.3 cm,CENTRAL HALL,Qing,,,"SAXTON NOBLE, London",,private,"London, U.K.",,,
2360,COLOSSAL STANDING FIGURE OF AMITĀBHA BUDDHA,item,Stones and Minerals,Sculpture,stones; marble,"marble, With inscribed lotus base",,H. 5.78 m,CENTRAL HALL,Sui and Tang,,,"C. T. LOO, New York",,private,"New York, U.S.A.",yes,,
2361,WINGED CHIMERA,item,Stones and Minerals,Sculpture,stones; stone,,,L. 152.5 cm,CENTRAL HALL,Six Dynasties,,,"C. T. LOO, Paris",,private,"Paris, France",yes,,
2362,DRAGON HEAD,item,Stones and Minerals,Sculpture,stones; stone,,,H. 49.5 cm,LECTURE ROOM,Qin and Han,,,"THE WILLIAM ROCKHILL NELSON GALLERY OF ART, Kansas City",,museum,"Kansas, U.S.A.",yes,,
2363,BUDDHIST PAINTING,item,Paintings and Calligraphy,Religious painting,,"colour on canvas, Bodhisattva",,H. 163.5 cm,LECTURE ROOM,Sui and Tang,,,"MUSÉE DU LOUVRE, Paris (Pelliot Collection)",,museum,"Paris, France",,,
2364,RELIEF,item,Stones and Minerals,Sculpture,stones; stone,,,72 by 75 in,LECTURE ROOM,Sui and Tang,,,"MUSEUM FÜR OSTASIATISCHE KUNST, Cologne",,museum,"Cologne, Germany",yes,,
2365,LONG STREAMER OF SILK,item,Textile,Furnishings,textiles; silk,"with painted musicians, in red with brown and black touches",,H. 303.5 cm,LECTURE ROOM,Sui and Tang,,,"MUSÉE DU LOUVRE, Paris (Pelliot Collection)",,museum,"Paris, France",,,
2366,VASE,item,Ceramics,porcelain,ceramics; pottery,"pottery, with pale celadon glaze",,H. 38 cm,LECTURE ROOM,Sui and Tang,,,"MAJOR-GENERAL SIR NEILL MALCOLM, K.C.B., D.S.O., London",,private,"London, U.K.",yes,,
2367,JAR AND COVER,item,Ceramics,porcelain,ceramics; pottery,"pottery, with straw-coloured glaze",,H. 19 cm,LECTURE ROOM,Sui and Tang,,,"F. P. M. SCHILLER, K.C., Betchworth, Surrey",,private,"Surrey, U.K.",,,
2368,BOTTLE,item,Ceramics,porcelain,ceramics; porcelain,"porcellanous ware, with streaked glaze",,H. 25 cm,LECTURE ROOM,Sui and Tang,,,THE BRITISH MUSEUM (Eumorfopoulos Collection),,museum,"London, U.K.",yes,,
2369,DOG,item,Ceramics,porcelain,ceramics; pottery,"pottery, with brown and green glaze",,H. 16.6 cm,LECTURE ROOM,Sui and Tang,,,"S. D. WINKWORTH, Walton-on-the-Hill, Surrey",,private,"Surrey, U.K.",yes,,
2370,FLASK,item,Ceramics,porcelain,ceramics; pottery,pottery with moulded grape-vine decorations under a brown glaze,,H. 23.9 cm,LECTURE ROOM,Sui and Tang,,,"From the LUCY MAUD BUCKINGHAM COLLECTION, Chicago",,private,"Illinois, U.S.A.",,,
2371,EWER,item,Ceramics,porcelain,ceramics; porcelain,"porcellanous ware, with brown glaze splashed with bluish-grey",,H. 26 cm,LECTURE ROOM,Sui and Tang,,,"LEIGH ASHTON, London",,private,"London, U.K.",yes,,
2372,DISH,item,Ceramics,pottery,ceramics; pottery,"of four-foil shape, pottery with moulded designs of fishes and green and yellow glaze",,W. 14 cm,LECTURE ROOM,Sui and Tang,,,THE BRITISH MUSEUM (Eumorfopoulos Collection),,museum,"London, U.K.",yes,,
2373,BOX AND COVER,item,Ceramics,pottery,ceramics; pottery,pottery with mottled green glaze,,H. 7.5 cm,LECTURE ROOM,Sui and Tang,,,THE VICTORIA AND ALBERT MUSEUM (Eumorfopoulos Collection),,museum,"London, U.K.",yes,,
2374,EWER,item,Ceramics,pottery,ceramics; pottery,"pottery, with applied rosette and mottled glaze",,H. 27.5 cm,LECTURE ROOM,Sui and Tang,,,THE BRITISH MUSEUM (Eumorfopoulos Collection),,museum,"London, U.K.",,,
2375,"PILLOW, rectangular",item,Ceramics,stoneware,ceramics; stoneware,stoneware with incised designs and coloured glazes,,23 by 13 cm,LECTURE ROOM,Sui and Tang,,,THE BRITISH MUSEUM (Eumorfopoulos Collection),,museum,"London, U.K.",yes,,
2376,EWER,item,Ceramics,pottery,ceramics; pottery,"with phoenix head, pottery with applied reliefs and mottled glaze",,H. 28.5 cm,LECTURE ROOM,Sui and Tang,,,THE BRITISH MUSEUM (Eumorfopoulos Collection),,museum,"London, U.K.",yes,,
2377,BOX,item,Ceramics,pottery,ceramics; pottery,"pottery, with mottled glaze of green, yellow and white",,Di. 9.4 cm,LECTURE ROOM,Sui and Tang,,,"H. J. OPPENHEIM, London",,private,"London, U.K.",yes,,
2378,DISH,item,Ceramics,stoneware,ceramics; stoneware,"red stoneware, white slip and incised ornament under cream glaze mottled with green,",,L. 40.5 cm,LECTURE ROOM,Sui and Tang,Excavated at Samarra,,"THE GERMAN STATE MUSEUMS, Berlin",,museum,"Berlin, Germany",yes,,
2379,BUDDHIST PAINTING,item,Paintings and Calligraphy,Religious painting,textiles; silk,"in colour on silk, Kuan-yin",,H. 104 cm. W. 63 cm,LECTURE ROOM,Yuan,From Khara Khoto,,THE GOVERNMENT OF THE SOVIET UNION,,government,Russia,yes,,
2380,TOMB SLAB,item,Stones and Minerals,Architecture,stones; stone,"stone, carved with Tokharian figures in relief",,104 by 63 cm,LECTURE ROOM,Sui and Tang,,,"MUSÉE DU LOUVRE, Paris",,museum,"Paris, France",yes,,
2381&2473,SIDE OF A STONE SARCOPHAGUS,set,Stones and Minerals,Architecture,stones; stone,"decorated with scenes illustrating stories of filial piety executed in deeply engraved lines, Pair with No. 2473",,H. 62 cm. W. 234 cm,LECTURE ROOM,Six Dynasties,,,"THE WILLIAM ROCKHILL NELSON GALLERY OF ART, Kansas City",,museum,"Kansas, U.S.A.",yes 2473,,
2382,STELE,item,Stones and Minerals,Architecture,stones; stone,"stone, with standing Buddha in centre",,H. 133 cm,LECTURE ROOM,Six Dynasties,,,"C. T. LOO, Paris",,private,"Paris, France",yes,,
2383,BODHISATTVA,item,Stones and Minerals,Sculpture,stones; stone,"stone, From T'ien-lung Shan",,H. 130 cm,LECTURE ROOM,Sui and Tang,,,"SADAJIRO YAMANAKA, New York",,private,"New York, U.S.A.",yes,,
2384,BODHISATTVA,item,Stones and Minerals,Sculpture,stones; stone,"stone, From T'ien-lung Shan",,H. 125 cm,LECTURE ROOM,Sui and Tang,,,"SADAJIRO YAMANAKA, New York",,private,"New York, U.S.A.",yes,,
2385,BUDDHIST PAINTING,item,Paintings and Calligraphy,Religious painting,textiles; silk,"in colour on silk, Buddhist Paradise",,H. 186.5 cm. W. 131 cm,LECTURE ROOM,Five Dynasties,,,"MUSÉE DU LOUVRE, Paris (Pelliot Collection)",,museum,"Paris, France",,,
2386,BODHISATTVA,item,Stones and Minerals,Sculpture,stones; stone,"stone, From T'ien-lung Shan",,H. 131 cm,LECTURE ROOM,Sui and Tang,,,"SADAJIRO YAMANAKA, New York",,private,"New York, U.S.A.",yes,,
2387,PANEL FROM THE TOMB OF T'ANG T'AI TSUNG (r. A.D. -),item,Stones and Minerals,Ornamental Objects,stones; stone,"stone, Sa-lu-tzu (Autumn Dew) a bay charger ridden by him before the city of Lo-yang was besieged",,173 by 206 cm,LECTURE ROOM,Sui and Tang,,,"THE UNIVERSITY MUSEUM, University of Pennsylvania",,museum,"Pennsylvania, U.S.A.",yes,,
2388,BODHISATTVA,item,Stones and Minerals,Sculpture,stones; stone,"stone, From T'ien-lung Shan",,H. 103 cm,LECTURE ROOM,Sui and Tang,,,"SADAJIRO YAMANAKA, New York",,private,"New York, U.S.A.",yes,,
2389,BUDDHIST PAINTING,item,Paintings and Calligraphy,Religious painting,textiles; silk,"in colour on silk, Thousand-armed Avalokiteśvara (Kuan-yin)",,H. 180 cm. W. 145 cm,LECTURE ROOM,Sui and Tang,,,THE GOVERNMENT OF INDIA (Stein Collection),,government,India,yes,,
2390,BUDDHA,item,Stones and Minerals,Sculpture,stones; stone,"stone, From T'ien-lung Shan",,H. 110 cm,LECTURE ROOM,Sui and Tang,,,"SADAJIRO YAMANAKA, New York",,private,"New York, U.S.A.",yes,,
2391,BODHISATTVA,item,Stones and Minerals,Sculpture,stones; sandstone,"sandstone, with polychrome, From T'ien-lung Shan",,H. 97.8 cm,LECTURE ROOM,Sui and Tang,,,"THE WILLIAM ROCKHILL NELSON GALLERY OF ART, Kansas City",,museum,"Kansas, U.S.A.",yes,,
2392,TAOIST STELE,item,Stones and Minerals,Architecture,stones; stone,,,H. 150 in,LECTURE ROOM,Six Dynasties,,,"C. T. LOO, Paris",,private,"Paris, France",yes,,
2393,BUDDHIST PRIEST,item,Stones and Minerals,Sculpture,stones; stone,holding lotus,,H. 167.8 cm,LECTURE ROOM,Six Dynasties,,,"THE UNIVERSITY MUSEUM, University of Pennsylvania",,museum,"Pennsylvania, U.S.A.",yes,,
2394,TEMPLE GUARDIAN (Dharmapāla),item,Metals,Sculpture,metalwork; iron,cast iron,,H. 54 cm,LECTURE ROOM,Song,,,"BARON VON DER HEYDT, Berlin",,private,"Berlin, Germany",yes,,
2395,FLYING APSARA,item,Stones and Minerals,Sculpture,stones; stone,,,H. 94 cm,LECTURE ROOM,Sui and Tang,,,"C. T. LOO, Paris",,private,"Paris, France",yes,,
2396&2397,STANDING BODHISATTVA,set,Stones and Minerals,Sculpture,stones; stone,"stone, Pair with No. 2397",,H. 137.3 cm,LECTURE ROOM,Sui and Tang,,,"THE UNIVERSITY MUSEUM, University of Pennsylvania",,museum,"Pennsylvania, U.S.A.",yes,,
2396&2397,STANDING BODHISATTVA,,Stones and Minerals,Sculpture,stones; stone,"stone, Pair with No. 2396",,H. 137.3 cm,LECTURE ROOM,Sui and Tang,,,"THE UNIVERSITY MUSEUM, University of Pennsylvania",,museum,"Pennsylvania, U.S.A.",yes,,
2398,VOTIVE STELE,item,Stones and Minerals,Architecture,stones; limestone,brownish limestone,,H. 126 cm,LECTURE ROOM,Six Dynasties,,,"BARON VON DER HEYDT, Berlin",,private,"Berlin, Germany",yes,,
2399,"BODHISATTVA, with folded hands",item,Stones and Minerals,Sculpture,stones; limestone,limestone,,H. 82 cm,LECTURE ROOM,Sui and Tang,From T'ien-lung Shan,,"THE FOGG ART MUSEUM, Cambridge, Mass",,museum,"Massachusetts, U.S.A.",,,
2400,TORSO OF BUDDHA,item,Stones and Minerals,Sculpture,stones; marble,,,H. 144.9 cm,LECTURE ROOM,Six Dynasties,,,THE VICTORIA AND ALBERT MUSEUM (Eumorfopoulos Collection),,museum,"London, U.K.",yes,,
2401,Painting in colour on paper,item,Paintings and Calligraphy,Figure,plant derived materials; paper,An Old Man,,H. 45 cm. W. 32.5 cm,LECTURE ROOM,Yuan,From Khara Khōto,UNKNOWN ARTIST,THE GOVERNMENT OF THE SOVIET UNION,,government,Russia,,,
2402,BUDDHIST PAINTING,item,Paintings and Calligraphy,Religious painting,textiles; linen,in colour on linen,,H. 27.3 cm. W. 71.8 cm,LECTURE ROOM,Ming,,,"THE UNIVERSITY MUSEUM, University of Pennsylvania",,museum,"Pennsylvania, U.S.A.",yes,,
2403,BODHISATTVA,item,Stones and Minerals,Sculpture,stones; limestone,,,H. 183 cm,LECTURE ROOM,Six Dynasties,,,"MRS. JOHN D. ROCKEFELLER, JR., New York",,private,"New York, U.S.A.",yes,,
2404,Painting in colour on canvas,item,Paintings and Calligraphy,Court Painting,textiles; canvas,Tangut Emperor and escort,,H. 70 cm. W. 52 cm,LECTURE ROOM,Yuan,,UNKNOWN ARTIST,THE GOVERNMENT OF THE SOVIET UNION,,government,Russia,yes,,
2405,BUDDHIST PAINTING,item,Paintings and Calligraphy,Religious painting,textiles; silk,"on silk in colour, The Thousand-armed Kuan-yin",,H. 190 cm. W. 125 cm,LECTURE ROOM,Song,,,"MUSÉE GUIMET, Paris",,private,"Paris, France",yes,,
2406,FEMALE DANCER,item,Stones and Minerals,Sculpture,stones; stone,black stone,,H. 24 cm,LECTURE ROOM,Six Dynasties,,,"H. J. OPPENHEIM, London",,private,"London, U.K.",yes,,
2407,FIGURE OF A LADY,item,Ceramics,pottery,ceramics; pottery,plaiting her hair. dark grey pottery,,H. 33 cm,LECTURE ROOM,Six Dynasties,,,THE BRITISH MUSEUM (Eumorfopoulos Collection),,museum,"London, U.K.",yes,,
2408,WOLF,item,Ceramics,pottery,ceramics; pottery,dark grey pottery with red pigment,,L. 20 cm,LECTURE ROOM,Six Dynasties,,,THE BRITISH MUSEUM (Eumorfopoulos Collection),,museum,"London, U.K.",yes,,
2409,CAMEL,item,Ceramics,pottery,ceramics; pottery,"unglazed pottery, with loaded pack saddle",,H. 22.8 cm,LECTURE ROOM,Six Dynasties,,,"MRS. MARGOT HOLMES, London",,private,"London, U.K.",yes,,
2410,FIGURE OF GIRL,item,Ceramics,pottery,ceramics; pottery,playing knuckle bones,,H. 16.5 cm,LECTURE ROOM,Six Dynasties,,,"ALAN BARLOW, C.B., C.B.E., Wendover, Bucks",,private,"Buckinghamshire, U.K.",yes,,
2411,DANCING LADY,item,Ceramics,pottery,ceramics; pottery,,,H. 25.4 cm,LECTURE ROOM,Sui and Tang,,,"ALAN BARLOW, C.B., C.B.E., Wendover, Bucks",,private,"Buckinghamshire, U.K.",yes,,
2412,MALE FIGURE,item,Ceramics,pottery,ceramics; pottery,"pottery, From the collection of Charles L. Rutherston",,H. 20.3 cm,LECTURE ROOM,Six Dynasties,,,"MRS. C. L. AND MISS RUTHERSTON, Farnham and London",,private,"London, U.K.",,,
2413,FIGURE OF A LADY,item,Ceramics,pottery,ceramics; pottery,"dark grey pottery, with coloured pigments",,H. 75 cm,LECTURE ROOM,Six Dynasties,,,THE BRITISH MUSEUM (Eumorfopoulos Collection),,museum,"London, U.K.",yes,,
2414,PRANCING HORSE AND RIDER,item,Ceramics,pottery,ceramics; pottery,,,L. 40.6 cm,LECTURE ROOM,Sui and Tang,,,"MAJOR-GENERAL SIR NEILL MALCOLM, K.C.B., D.S.O., London",,private,"London, U.K.",yes,,
2415,LION,item,Ceramics,pottery,ceramics; pottery,"scratching his neck, pigmented black pottery, From the Collection of Charles L. Rutherston",,H. 18.3 cm,LECTURE ROOM,Six Dynasties,,,"MRS. C. L. AND MISS RUTHERSTON, Farnham and London",,private,"London, U.K.",yes,,
2416,PACK HORSE,item,Ceramics,pottery,ceramics; pottery,,,L. 21.6 cm,LECTURE ROOM,Six Dynasties,,,"ALAN BARLOW, C.B., C.B.E., Wendover, Bucks",,private,"Buckinghamshire, U.K.",,,
2417,SEATED FIGURE,item,Ceramics,pottery,ceramics; pottery,"of exaggerated Armenoid type, with bird",,H. 18.3 cm,LECTURE ROOM,Sui and Tang,,,"PROFESSOR AND MRS. C. G. SELIGMAN, Toot Baldon, Oxford",,private,"Oxfordshire, U.K.",yes,,
2418,PAIR OF FIGURES,set,Ceramics,pottery,ceramics; pottery,pigmented grey pottery,,H. 38 cm,LECTURE ROOM,Six Dynasties,,,"POTTER PALMER, Chicago",,private,"Illinois, U.S.A.",yes,,
2419,DEER,item,Ceramics,pottery,ceramics; pottery,"pottery, with traces of pigment",,L. 26 cm,LECTURE ROOM,Six Dynasties,,,"L. MICHON, Paris",,private,"Paris, France",yes,,
2420,FIGURE OF A HINDOO,item,Ceramics,pottery,ceramics; pottery,with bale,,H. 19.6 cm,LECTURE ROOM,Sui and Tang,,,"PROFESSOR AND MRS. C. G. SELIGMAN, Toot Baldon, Oxford",,private,"Oxfordshire, U.K.",yes,,
2421,FIGURE OF A LADY,item,Ceramics,pottery,ceramics; pottery,"pottery, with decoration in pigment",,H. 10 cm,LECTURE ROOM,Sui and Tang,,,THE BRITISH MUSEUM (Eumorfopoulos Collection),,museum,"London, U.K.",,,
2422,FIGURE,item,Ceramics,pottery,ceramics; pottery,of a man holding a bird in his hand,,H. 18.3 cm,LECTURE ROOM,Six Dynasties,,,"H. J. OPPENHEIM, London",,private,"London, U.K.",yes,,
2423,FIGURE OF A FEMALE DANCER,item,Ceramics,pottery,ceramics; pottery,"in a curtseying attitude, white pottery, with traces of red and black pigment",,H. 19.5 cm,LECTURE ROOM,Sui and Tang,,,"ANTHONY DE ROTHSCHILD, London",,private,"London, U.K.",yes,,
2424,PAIR OF FIGHTING HORSES,set,Ceramics,pottery,ceramics; pottery,"pottery, with traces of pigment",,L. 64 cm,LECTURE ROOM,Sui and Tang,,,THE BRITISH MUSEUM (Eumorfopoulos Collection),,museum,"London, U.K.",yes,,
2425,DOG,item,Ceramics,pottery,ceramics; pottery,,,L. 19 cm,LECTURE ROOM,Six Dynasties,,,"ALAN BARLOW, C.B., C.B.E., Wendover, Bucks",,private,"Buckinghamshire, U.K.",yes,,
2426,GRIMACING FIGURE,item,Ceramics,pottery,ceramics; pottery,,,H. 31.1 cm,LECTURE ROOM,Six Dynasties,,,"PROFESSOR AND MRS. C. G. SELIGMAN, Toot Baldon, Oxford",,private,"Oxfordshire, U.K.",yes,,
2427,SEATED FIGURE OF A WOMAN,item,Ceramics,pottery,ceramics; pottery,wearing a winter bonnet. Dark grey pottery,,H. 23 cm,LECTURE ROOM,Six Dynasties,,,"M. CALMANN, Paris",,private,"Paris, France",yes,,
2428,MALE FIGURE,item,Ceramics,pottery,ceramics; pottery,"pottery, From the Collection of Charles L. Rutherston",,H. 20.3 cm,LECTURE ROOM,Six Dynasties,,,"MRS. C. L. AND MISS RUTHERSTON, Farnham and London",,private,"London, U.K.",yes,,
2429,GROUP OF TWO WOMEN,item,Ceramics,pottery,ceramics; pottery,,,H. 16 cm,LECTURE ROOM,Six Dynasties,,,H.R.H. THE CROWN PRINCE OF SWEDEN,,private,"Stockholm, Sweden",yes,,
2430,SLEEPING GARDENER,item,Ceramics,pottery,ceramics; pottery,,,H. 9.4 cm,LECTURE ROOM,Six Dynasties,,,"ALAN BARLOW, C.B., C.B.E., Wendover, Bucks",,private,"Buckinghamshire, U.K.",,,
2431,DRAGON,item,Ceramics,pottery,ceramics; pottery,,,L. 25.4 cm,LECTURE ROOM,Six Dynasties,,,"MR. AND MRS. WALTER SEDGWICK, London",,private,"London, U.K.",yes,,
2432,POLO-PLAYER,item,Ceramics,pottery,ceramics; pottery,"buff pottery, with pigments",,L. 43 cm,LECTURE ROOM,Sui and Tang,,,THE BRITISH MUSEUM (Eumorfopoulos Collection),,museum,"London, U.K.",yes,,
2433,FIGURE OF A LADY,item,Ceramics,pottery,ceramics; pottery,"dark grey pottery, with coloured pigments",,H. 79 cm,LECTURE ROOM,Six Dynasties,,,THE BRITISH MUSEUM (Eumorfopoulos Collection),,museum,"London, U.K.",yes,,
2434,STANDING FIGURE,item,Ceramics,pottery,ceramics; pottery,"pigmented black pottery, From the Collection of Charles L. Rutherston",,H. 63.4 cm,LECTURE ROOM,Six Dynasties,,,"MRS. C. L. AND MISS RUTHERSTON, Farnham and London",,private,"London, U.K.",yes,,
2435,HORSE'S HEAD,item,Ceramics,pottery,ceramics; earthenware,"earthenware, with pigment",,L. 22 in,LECTURE ROOM,Six Dynasties,,,H.R.H. THE CROWN PRINCE OF SWEDEN,,private,"Stockholm, Sweden",yes,,
2436,DUCK,item,Ceramics,pottery,ceramics; pottery,"dark grey pottery, with coloured pigments",,L. 18 cm,LECTURE ROOM,Six Dynasties,,,THE BRITISH MUSEUM (Eumorfopoulos Collection),,museum,"London, U.K.",yes,,
2437,FIGURE OF A MAN,item,Ceramics,pottery,ceramics; pottery,squatting on the ground and feeding a tame bird,,H. 21.5 cm,LECTURE ROOM,Six Dynasties,,,"H. J. OPPENHEIM, London",,private,"London, U.K.",yes,,
2438,SEATED POTTERY STATUE OF A LOHAN,item,Ceramics,pottery,ceramics; pottery,"hard white ware with yellowish-white glaze, coloured with green and yellow, With pottery stand",,H. 105 cm,LECTURE ROOM,Six Dynasties,,,"THE UNIVERSITY MUSEUM, University of Pennsylvania",,museum,"Pennsylvania, U.S.A.",yes,,
2439,BUDDHIST PAINTING,item,Paintings and Calligraphy,Religious painting,textiles; silk,"in colour on silk, Bodhisattva",,H. 228 cm. W. 158 cm,LECTURE ROOM,Song,From Pin-huang,by unknown artist,"MUSÉE GUIMET, Paris (Pelliot Collection)",,private,"Paris, France",yes,,
2440,VASE AND COVER,item,Ceramics,pottery,,with incised designs and coloured glazes,,H. 40 cm,LECTURE ROOM,Sui and Tang,,,THE VICTORIA AND ALBERT MUSEUM (Eumorfopoulos Collection),,museum,"London, U.K.",yes,,
2441,LARGE PLATE,item,Ceramics,pottery,ceramics; pottery,"pottery, with three feet, orange, with central floral design in blue and white",,Di. 31 cm,LECTURE ROOM,Sui and Tang,,,"M. CALMANN, Paris",,private,"Paris, France",yes,,
2442,LION,item,Ceramics,pottery,ceramics; pottery,"seated on a rocky base, Soft white pottery with creamy glaze, mottled with green",,H. 25.6 cm,LECTURE ROOM,Sui and Tang,,,"H. J. OPPENHEIM, London",,private,"London, U.K.",yes,,
2443,JAR AND COVER,item,Ceramics,pottery,ceramics; pottery,"pottery with applied reliefs and white glaze splashed with blue, green and yellow, Japanese National Treasure B",,H. 26.6 cm,LECTURE ROOM,Sui and Tang,,,"BARON KOYATA IWASAKI, Tokyo",,private,"Tokyo, Japan",yes,,
2444,FIGURE OF A LADY,item,Ceramics,pottery,ceramics; pottery,"pottery, with green and yellow glazes",,H. 30.5 cm,LECTURE ROOM,Sui and Tang,,,THE VICTORIA AND ALBERT MUSEUM (Eumorfopoulos Collection),,museum,"London, U.K.",yes,,
2445,DISH,item,Ceramics,pottery,ceramics; pottery,"pottery, with incised designs and coloured glazes",,Di. 29.2 cm,LECTURE ROOM,Sui and Tang,,,"MR. AND MRS. WALTER SEDGWICK, London",,private,"London, U.K.",yes,,
2446,BOWL,item,Ceramics,stoneware,ceramics; stoneware,"in the form of duck, stoneware, with three-colour glaze, Japanese National Treasure B",,H. 24 cm,LECTURE ROOM,Sui and Tang,,,"BARON KOYATA IWASAKI, Tokyo",,private,"Tokyo, Japan",yes,,
2447,DISH,item,Ceramics,pottery,ceramics; pottery,"pottery, with flower design in white, green and amber brown",,Di. 29 cm,LECTURE ROOM,Sui and Tang,,,THE BRITISH MUSEUM (Eumorfopoulos Collection),,museum,"London, U.K.",,,
2448,CAMEL,item,Ceramics,pottery,ceramics; pottery,"pinkish-white pottery with coloured glazes, From the tomb of Chancellor Liu (died A.D. 728)",,H. 84 cm,LECTURE ROOM,Sui and Tang,,,THE BRITISH MUSEUM (Eumorfopoulos Collection),,museum,"London, U.K.",yes,,
2449,FIGURE OF A GROOM,item,Ceramics,pottery,ceramics; pottery,"pinkish-white pottery with coloured glazes, From the tomb of Chancellor Liu (died A.D. 728)",,H. 59 cm,LECTURE ROOM,Sui and Tang,,,THE BRITISH MUSEUM (Eumorfopoulos Collection),,museum,"London, U.K.",yes,,
2450&2457,LION,set,Ceramics,pottery,ceramics; pottery,"pottery, with three colour glaze, Pair with No. 2457, Japanese National Treasure",,H. 22.8 cm,LECTURE ROOM,Sui and Tang,,,"BARON KOYATA IWASAKI, Tokyo",,private,"Tokyo, Japan",yes,,
2451,FIGURE OF A MINISTER,item,Ceramics,pottery,ceramics; pottery,"pinkish-white pottery with coloured glazes, From the tomb of Chancellor Liu (died A.D. 728)",,H. 103 cm,LECTURE ROOM,Sui and Tang,,,THE BRITISH MUSEUM (Eumorfopoulos Collection),,museum,"London, U.K.",yes,,
2452,OX,item,Ceramics,pottery,ceramics; pottery,"pottery, with cream glaze splashed with green and amber",,H. 16.8 cm,LECTURE ROOM,Sui and Tang,,,"MR. AND MRS. ALFRED CLARK, Iver Heath, Bucks",,private,"Buckinghamshire, U.K.",yes,,
2453,FIGURE OF AN OX,item,Ceramics,pottery,ceramics; pottery,"with a boy asleep on its back, pottery, with blue and yellow glazes",,L. 16.5 cm,LECTURE ROOM,Sui and Tang,,,"MRS. CHRISTIAN R. HOLMES, New York",,private,"New York, U.S.A.",,,
2454,OX,item,Ceramics,pottery,ceramics; pottery,"pottery, with straw-yellow glaze splashed with brown",,H. 26 cm,LECTURE ROOM,Sui and Tang,,,"M. CALMANN, Paris",,private,"Paris, France",yes,,
2455,DISH,item,Ceramics,porcelain,ceramics; porcelain,"on three feet, white ware, with incised floral medallion and spotted blue and yellow ground",,Di. 31.1 cm,LECTURE ROOM,Sui and Tang,,,"MR. AND MRS. ALFRED CLARK, Iver Heath, Bucks",,private,"Buckinghamshire, U.K.",yes,,
2456,GRAIN JAR AND COVER,item,Ceramics,pottery,ceramics; pottery,"soft white pottery, with deep mottled blue glaze",,H. 41.1 cm,LECTURE ROOM,Sui and Tang,,,"ANTHONY DE ROTHSCHILD, London",,private,"London, U.K.",yes,,
2450&2457,LION,,Ceramics,pottery,ceramics; pottery,"pottery, with three colour glaze, Pair with No. 2450, Japanese National Treasure",,H. 22.8 cm,LECTURE ROOM,Sui and Tang,,,"BARON KOYATA IWASAKI, Tokyo",,private,"Tokyo, Japan",yes,,
2458,FIGURE OF A LADY,item,Ceramics,pottery,ceramics; pottery,"pottery, with blue and yellow glazes",,H. 29 cm,LECTURE ROOM,Sui and Tang,,,THE VICTORIA AND ALBERT MUSEUM (Eumorfopoulos Collection),,museum,"London, U.K.",yes,,
2459,COVERED JAR,item,Ceramics,pottery,ceramics; pottery,"white pottery, with chevron ornament and blossoms in coloured glazes",,H. 25 cm,LECTURE ROOM,Sui and Tang,,,THE BRITISH MUSEUM (Eumorfopoulos Collection),,museum,"London, U.K.",yes,,
2460,VASE,item,Ceramics,pottery,ceramics; pottery,"pottery, with green, yellow and white glaze",,H. 27.9 cm,LECTURE ROOM,Sui and Tang,,,"MR. AND MRS. WALTER SEDGWICK, London",,private,"London, U.K.",yes,,
2461,DISH,item,Ceramics,pottery,ceramics; pottery,"pottery, with incised floral design, coloured orange, blue and white",,Di. 25 cm,LECTURE ROOM,Sui and Tang,,,"M. CALMANN, Paris",,private,"Paris, France",yes,,
2462,FIGURE OF A HORSE,item,Ceramics,pottery,ceramics; pottery,"pottery, with straw-coloured glaze splashed with light blue",,H. 29.2 cm,LECTURE ROOM,Sui and Tang,,,"G. EUMORFOPOULOS, London",,private,"London, U.K.",yes,,
2463,DISH,item,Ceramics,pottery,ceramics; pottery,"pottery, with incised designs and coloured glazes",,H. 35.5 cm,LECTURE ROOM,Sui and Tang,,,THE VICTORIA AND ALBERT MUSEUM (Eumorfopoulos Collection),,museum,"London, U.K.",yes,,
2464,FIGURE OF A RETAINER,item,Ceramics,pottery,ceramics; pottery,"pottery, with creamy-white glaze",,H. 49.5 cm,LECTURE ROOM,Sui and Tang,,,"MR. AND MRS. WALTER SEDGWICK, London",,private,"London, U.K.",yes,,
2465,TRAY,item,Ceramics,pottery,ceramics; pottery,"with perforated centre, supported by a lion devouring a sheep, white pottery, with glaze mottled with amber and green",,L. 19.2 cm,LECTURE ROOM,Sui and Tang,,,"H. J. OPPENHEIM, London",,private,"London, U.K.",yes,,
2466,HORSE,item,Ceramics,pottery,ceramics; pottery,pottery with traces of unfired pigment,,H. 50 cm,LECTURE ROOM,Six Dynasties,,,THE BRITISH MUSEUM (Eumorfopoulos Collection),,museum,"London, U.K.",yes,,
2467,PAINTING,item,Paintings and Calligraphy,Religious painting,plant derived materials; paper,"in colour on paper, A Pilgrim",,"H. 52 cm, W. 22 cm",LECTURE ROOM,Yuan,From Khara Khōto,,THE GOVERNMENT OF THE SOVIET UNION,,government,Russia,,,
2468,PAINTING,item,Paintings and Calligraphy,Figure,plant derived materials; paper,"in colour on paper, A Dignitary",,H. 51 cm. W. 22 cm,LECTURE ROOM,Yuan,From Khara Khōto,,THE GOVERNMENT OF THE SOVIET UNION,,government,Russia,yes,,
2469,STANDING FIGURE,item,Stones and Minerals,Sculpture,stones; stone,,,H. 137 cm,LECTURE ROOM,Sui and Tang,,,"C. T. LOO, Paris",,private,"Paris, France",yes,,
2470,PAINTING,item,Paintings and Calligraphy,Religious painting,plant derived materials; paper,"in colour on paper, Attendant on the Moon Goddess",,H. 51 cm. W. 23 cm,LECTURE ROOM,Yuan,From Khara Khōto,,THE GOVERNMENT OF THE SOVIET UNION,,government,Russia,yes,,
2471,BUDDHIST PAINTING,item,Paintings and Calligraphy,Religious painting,textiles; silk,"in colour on silk, Kuan-yin",,H. 100. cm. W. 60 cm,LECTURE ROOM,Yuan,From Khara Khōto,,THE GOVERNMENT OF THE SOVIET UNION,,government,Russia,yes,,
2472,LINTEL,item,Stones and Minerals,Architecture,stones; stone,,,196 by 48 in,LECTURE ROOM,Sui and Tang,,,"C. T. LOO, Paris",,private,"Paris, France",yes,,
2381&2473,SIDE OF A STONE SARCOPHAGUS,,Stones and Minerals,Architecture,stones; stone,"decorated with scenes illustrating stories of filial piety executed in deeply engraved lines, Pair with No. 2381",,H. 62 cm. W. 234 cm,LECTURE ROOM,Six Dynasties,,,"THE WILLIAM ROCKHILL NELSON GALLERY OF ART, Kansas City",,museum,"Kansas, U.S.A.",yes 2473,,
2474,LAMP,item,Ceramics,porcelain,ceramics; porcelain,"green glazed porcellanous ware, in the form of a duck",,H. 7.6 cm,LECTURE ROOM,Sui and Tang,,,"OSCAR RAPHAEL, London",,private,"London, U.K.",yes,,
2475,VASE,item,Ceramics,pottery,ceramics; pottery,"globular, polished black pottery, with incised peonies and fishes",,H. 25.4 cm,LECTURE ROOM,Sui and Tang,,,"MRS. MARGOT HOLMES, London",,private,"London, U.K.",yes,,
2476,ELEPHANT RHYTON,item,Ceramics,pottery,ceramics; pottery,buff-white pottery with mottled glaze,,H. 136 cm,LECTURE ROOM,Sui and Tang,,,THE BRITISH MUSEUM (Eumorfopoulos Collection),,museum,"London, U.K.",yes,,
2477,BOTTLE,item,Ceramics,stoneware,ceramics; stoneware,"stoneware, with band of incised foliage scroll and coloured glaze",,H. 21.5 cm,LECTURE ROOM,Sui and Tang,,,THE BRITISH MUSEUM (Eumorfopoulos Collection),,museum,"London, U.K.",yes,,
2478,CUP,item,Ceramics,pottery,ceramics; pottery,"resembling a Greek rhyton, with dragon finial, pottery, brown glaze",,L. 14.6 cm,LECTURE ROOM,Sui and Tang,,,"F. SCHILLER, Betchworth, Surrey",,private,"Surrey, U.K.",,,
2479,STAND,item,Ceramics,stoneware,ceramics; stoneware,"with five ""candle"" holders, stoneware, with crackled greenish glaze",,H. 21 cm,LECTURE ROOM,Sui and Tang,,,"MADAME ROSENHEIM, Paris",,private,"Paris, France",yes,,
2480,SHALLOW BOWL,item,Ceramics,stoneware,ceramics; stoneware,"stoneware, with blue and yellow glazes",,Di. 10.6 cm,LECTURE ROOM,Sui and Tang,,,"F. SCHILLER, Betchworth, Surrey",,private,"Surrey, U.K.",,,
2481,BOTTLE,item,Ceramics,pottery,ceramics; pottery,"pottery, with incised fret pattern and green glaze",,H. 19 cm,LECTURE ROOM,Sui and Tang,,,THE VICTORIA AND ALBERT MUSEUM (Eumorfopoulos Collection),,museum,"London, U.K.",yes,,
2482,CUP,item,Ceramics,pottery,ceramics; pottery,"resembling a Greek rhyton, pottery, with coloured glazes",,L. 10.5 cm,LECTURE ROOM,Sui and Tang,,,THE BRITISH MUSEUM (Eumorfopoulos Collection),,museum,"London, U.K.",yes,,
2483,BOX AND COVER,item,Ceramics,pottery,ceramics; pottery,"with ribbed sides, soft white pottery, with glaze mottled with blue",,Di. 7.8 cm,LECTURE ROOM,Sui and Tang,,,"H. J. OPPENHEIM, London",,private,"London, U.K.",,,
2484,SMALL VASE,item,Ceramics,pottery,ceramics; pottery,"pottery, with brown glaze",,H. 12.6 cm,LECTURE ROOM,Sui and Tang,,,"ALAN BARLOW, C.B., C.B.E., Wendover, Bucks",,private,"Buckinghamshire, U.K.",yes,,
2485,EWER,item,Ceramics,pottery,ceramics; pottery,buff white pottery with yellow glaze streaked with brown,,H. 15.2 cm,LECTURE ROOM,Sui and Tang,,,"H. J. OPPENHEIM, London",,private,"London, U.K.",yes,,
2486,EWER,item,Ceramics,pottery,ceramics; pottery,"pottery, with dark-blue glaze",,H. 12.5 cm,LECTURE ROOM,Sui and Tang,,,THE VICTORIA AND ALBERT MUSEUM (Eumorfopoulos Collection),,museum,"London, U.K.",yes,,
2487,TORTOISE WITH STELE,item,Ceramics,,,blue and yellow glazes,,H. 11.5 cm,LECTURE ROOM,Sui and Tang,,,"F. SCHILLER, Betchworth, Surrey",,private,"Surrey, U.K.",yes,,
2488,DISH,item,Ceramics,stoneware,ceramics; stoneware,"red stoneware, white slip and cream glaze dappled with green and yellow, Excavated at Samarra",,L. 40 cm,LECTURE ROOM,Sui and Tang,,,"THE GERMAN STATE MUSEUMS, Berlin",,museum,"Berlin, Germany",yes,,
2489,BANNER,item,Paintings and Calligraphy,Religious painting,textiles; silk,painted with kinnara in silver on silk,,H. 199 cm,LECTURE ROOM,Sui and Tang,,,"MUSÉE DU LOUVRE, Paris (Pelliot Collection)",,museum,"Paris, France",yes,,
2490,BUDDHIST PAINTING,item,Paintings and Calligraphy,Religious painting,textiles; silk,"in silver on red silk, Kuan-yin",,H. 182.5 cm,LECTURE ROOM,Sui and Tang,From DunHuang,,"MUSÉE DU LOUVRE, Paris (Pelliot Collection)",,museum,"Paris, France",,,
2491,RELIEF,item,Stones and Minerals,Sculpture,stones; stone,,,72 by 75 cm,LECTURE ROOM,Sui and Tang,,,"MUSEUM FÜR OSTASIATISCHE KUNST, Cologne",,museum,"Cologne, Germany",yes,,
2492,DRAGON HEAD,item,Stones and Minerals,Sculpture,stones; stone,,,H. 49.5 cm,LECTURE ROOM,Qin and Han,,,"THE WILLIAM ROCKHILL NELSON GALLERY OF ART, Kansas City",,museum,"Kansas, U.S.A.",,,
2493,LION,item,Stones and Minerals,Sculpture,stones; stone,,,H. 99 cm,LECTURE ROOM,Six Dynasties,,,"THE UNIVERSITY MUSEUM, University of Pennsylvania",,museum,"Pennsylvania, U.S.A.",yes,,
2494,VOTIVE STELE,item,Stones and Minerals,Architecture,stones; limestone,blackish limestone,,H. 103.5 cm,LECTURE ROOM,Six Dynasties,,,"BARON VON DER HEYDT, Berlin",,private,"Berlin, Germany",yes,,
2495,STELE,item,Stones and Minerals,Architecture,stones; stone,,,H. 196 cm,LECTURE ROOM,Sui and Tang,,,"C. T. LOO, Paris",,private,"Paris, France",,,
2496,VOTIVE STELE,item,Stones and Minerals,Architecture,stones; stone,"stone, the Lotus Sutra",,H. 212.1 cm,LECTURE ROOM,Six Dynasties,,,"THE UNIVERSITY MUSEUM, University of Pennsylvania",,museum,"Pennsylvania, U.S.A.",yes,,
2497,RELIEF,item,Stones and Minerals,Sculpture,stones; stone,lion,,H. 116 cm,LECTURE ROOM,Sui and Tang,,,"C. T. LOO, Paris",,private,"Paris, France",yes,,
2498,STANDING BODHISATTVA,item,Stones and Minerals,Sculpture,stones; marble,"marble, the head missing",,H. 179 cm,LECTURE ROOM,Sui and Tang,From T'ien-lung Shan,,"MRS. JOHN D. ROCKEFELLER, JR., New York",,private,"New York, U.S.A.",yes,,
2499,Painting in colour on silk,item,Paintings and Calligraphy,Animal and plants,textiles; silk,Bird on Rock,"With inscription by Wang Yu, Date uncertain",H. 151.2 cm. W. 44.3 cm,CHINESE ROOM,Song,,THE EMPEROR HUI TSUNG (Att'd to) (lived A.D. 1082-1135),"KAICHIRO NEDZU, Tokyo",,private,"Tokyo, Japan",yes,,
2500&2511,PANEL,set,Textile,Furnishings,textiles; feathers,"with landscape in kingfisher's feathers, Pair with No. 2511",,H. 56 cm,CHINESE ROOM,Qing,,,"E. A. PARRY, London",,private,"London, U.K.",yes,,
2501,TWO STOOLS,set,Lacquer,Furnishings,plant derived materials; lacquer,carved red lacquer,,H. 44.5 cm,CHINESE ROOM,Ming,,,THE CHINESE GOVERNMENT,,government,China,yes,,
2502,SINGLE-LEAF "COROMANDEL" SCREEN"",item,Lacquer,Furnishings,,,,H. 146 cm,CHINESE ROOM,Ming,,,"S. D. WINKWORTH, Walton-on-the-Hill, Surrey",,private,"Surrey, U.K.",yes,,
2503,VASE,item,Ceramics,porcelain,ceramics; porcelain(enamelled),decorated in underglaze blue and enamel colours,,H. 62.3 cm,CHINESE ROOM,Qing,,,"SIR JOHN BUCHANAN-JARDINE, BT., London",,private,"London, U.K.",yes,,
2504,TABLE,item,Cloisonné,,cloisonné enamel,"cloisonné enamel, Companion piece to No. 2507",,H. 80 cm. W. 61 cm,CHINESE ROOM,Qing,,,"R. C. BRUCE, London",,private,"London, U.K.",yes,,
2505,PANEL,item,Textile,Furnishings,textiles; velvet,cut velvet,,415 by 190 cm,CHINESE ROOM,Qing,,,"MADAME LANGWEIL, Paris",,private,"Paris, France",,,
2506,VASE AND COVER,item,Ceramics,porcelain,ceramics; porcelain(enamelled),decorated in underglaze blue and enamel colours,,H. 68.6 cm,CHINESE ROOM,Qing,,,"SIR JOHN BUCHANAN-JARDINE, BT., London",,private,"London, U.K.",yes,,
2507,TABLE,item,Cloisonné,,cloisonné enamel,"cloisonné enamel, Companion piece to No. 2504",,H. 85 cm. W. 71.3 cm,CHINESE ROOM,Qing,,,"R. C. BRUCE, London",,private,"London, U.K.",,,
2508,ALTAR SET,item,Stones and Minerals,Architecture,gemstones; jade,"green jade, consisting of two pricket candlesticks, two vases and an incense-burner",,"Candlesticks, H. 48 cm. vases, H. 32 cm. incense.burner, H. 30.6 cm",CHINESE ROOM,Qing,,,"MRS. E. JOSEPH, London",,private,"London, U.K.",yes,,
2509,TABLE,item,Lacquer,Furnishings,plant derived materials; lacquer,"red lacquer, with painted decoration of dragons and clouds",,H. 85 cm. L. 125 cm,CHINESE ROOM,Qing,,,"L. MICHON, Paris",,private,"Paris, France",,,
2510,ROUND BOX,item,Lacquer,Containers,plant derived materials; lacquer,carved red lacquer,"Mark and period of Chia-ching, Ming Dynasty",Di. 35.5 cm,CHINESE ROOM,Ming,,,THE CHINESE GOVERNMENT,,government,China,,,
2500&2511,PANEL,,Textile,Furnishings,textiles; feathers,"with landscape in kingfisher's feathers, Pair with No. 2500",,H. 56 cm,CHINESE ROOM,Qing,,,"E. A. PARRY, London",,private,"London, U.K.",yes,,
2512,IMPERIAL WRITING TABLE,set,Organic Materials,,plant derived materials; wood,teakwood,"Inscribed with the writings of Liu Yung, Wêng Fang-kang, and others",H. 87.2 cm. W. 89.5 cm. L. 219.2 cm,CHINESE ROOM,Qing,,,THE CHINESE GOVERNMENT,,government,China,yes,,
2512A,WRITING-BRUSH,,Organic Materials,,,with a brush-holder of bone,,L. 25 cm,CHINESE ROOM,Qing,,,THE CHINESE GOVERNMENT,,government,China,,,
2512B,WRITING-BRUSH HOLDER,,Jade,Utilitarian Objects,gemstones; jade,"white jade, carved with pine trees",,H. 12.7 cm,CHINESE ROOM,Qing,,,THE CHINESE GOVERNMENT,,government,China,,,
2512C,FISH-SHAPED INK TABLET,,Stones and Minerals,Utilitarian Objects,,,with Qianlong inscription,L. 7.9 cm,CHINESE ROOM,Qing,,,THE CHINESE GOVERNMENT,,government,China,,,
2512D,INK TABLET STAND,,Jade,Utilitarian Objects,gemstones; jade,white jade,,L. 12.8 cm,CHINESE ROOM,Qing,,,THE CHINESE GOVERNMENT,,government,China,,,
2512E,SEAL VERMILION BOX,,Jade,Utilitarian Objects,gemstones; jade,"white jade, with pa kua (Eight Trigrams) design",,H. 3.2 cm,CHINESE ROOM,Qing,,,THE CHINESE GOVERNMENT,,government,China,,,
2512F,THREE SEALS OF WHITE JADE,,Jade,Utilitarian Objects,gemstones; jade,,with Qianlong inscription,H. 6.3 cm. 6.3 cm. 6.4 cm,CHINESE ROOM,Qing,,,THE CHINESE GOVERNMENT,,government,China,,,
2512G,INK-STONE,,Ceramics,pottery,ceramics; clay,"baked clay, In a wooden box with jade insert",,L. 14.7 cm,CHINESE ROOM,Song,,,THE CHINESE GOVERNMENT,,government,China,,,
2512H,WRITING-BRUSH HOLDER,,Jade,Utilitarian Objects,gemstones; jade,"white jade, carved with the figures of five children",,L. 12.8 cm,CHINESE ROOM,Qing,,,THE CHINESE GOVERNMENT,,government,China,,,
2512I,MELON-SHAPED WATER-CONTAINER,,Jade,Utilitarian Objects,gemstones; jade,"white jade, with small jade spoon",,H. 4.4 cm,CHINESE ROOM,Qing,,,THE CHINESE GOVERNMENT,,government,China,,,
2512J,SMALL ROUND BOX,,Lacquer,Containers,plant derived materials; lacquer,carved red lacquer,,Di. 8.7 cm,CHINESE ROOM,Ming,,,THE CHINESE GOVERNMENT,,government,China,,,
2512K,VASE,,Ceramics,stoneware,ceramics; stoneware,"stoneware, with moon-white (yüeh-pai) glaze, lotus design, Ko ware",,H. 14.6 cm,CHINESE ROOM,Song,,,THE CHINESE GOVERNMENT,,government,China,,,
2512L,TWO WRITING-BRUSHES,,Jade,Utilitarian Objects,gemstones; jade,with a brush-holder of white jade,,L. 16.3 cm,CHINESE ROOM,Qing,,,THE CHINESE GOVERNMENT,,government,China,,,
2512M,WRITING WRIST-REST,,Organic Materials,,plant derived materials; wood,of huang-yang wood carved with plum blossoms,,L. 21.7 cm,CHINESE ROOM,Qing,,,THE CHINESE GOVERNMENT,,government,China,,,
2513,CHAIR,item,Lacquer,Furnishings,plant derived materials; lacquer,"black lacquer, with landscape scenes in gold",,H. 85 cm,CHINESE ROOM,Qing,,,"S. D. WINKWORTH, Walton-on-the-Hill, Surrey",,private,"Surrey, U.K.",yes,,
2514,CARPET,item,Textile,Furnishings,textiles; wool,,,482.7 by 355.8 cm,CHINESE ROOM,Qing,,,"LIEUT.-COLONEL J. G. CHURTON, Lower Bourne, Surrey",,private,"Surrey, U.K.",,,
2515,Painting in ink on silk,item,Paintings and Calligraphy,Landscape,textiles; silk,A Landscape in Spring,,H. 47 cm. W. 76 cm,CHINESE ROOM,Song,,"CHAO TA-NIEN (active c. A.D. 1080-1100), (attributed to)",THE BRITISH MUSEUM (Eumorfopoulos Collection),,museum,"London, U.K.",yes,,
2516,Painting in colour on silk,item,Paintings and Calligraphy,Animal and plants,textiles; silk,Singing Magpies,,H. 173.1 cm. W. 97.4 cm,CHINESE ROOM,Ming,,LIN CH'UN (Academician 1174-1189 A.D.) (attributed to),THE CHINESE GOVERNMENT,,government,China,,,
2517,Painting in colour on silk,item,Paintings and Calligraphy,Court Painting,textiles; silk,Portrait of the Emperor T'ai Tsu (reigned 960-975 A.D.),,H. 190.1 cm. W. 169. cm,CHINESE ROOM,Ming,,UNKNOWN ARTIST,THE CHINESE GOVERNMENT,,government,China,,,
2518,Painting in colour on silk,item,Paintings and Calligraphy,Genre painting,textiles; silk,"The Four Joys (Fishing, Gathering Fuel, Tilling the Soil and Reading)",,H. 192.6 cm. W. 97.2 cm,CHINESE ROOM,Song,,YEN TZŬ-P'ING (active c. A.D. 1163),THE CHINESE GOVERNMENT,,government,China,,,
2519,FRAGMENT OF FIGURED SILK,item,Textile,Others,textiles; silk,with formal designs in colour,,,CHINESE ROOM,Qin and Han,from Lou-Lan,,THE GOVERNMENT OF INDIA (Stein Collection),,government,India,,,
2520,FRAGMENT OF FIGURED SILK,item,Textile,Others,textiles; silk,with designs in colours,,,CHINESE ROOM,Qin and Han,from Lou-Lan,,THE GOVERNMENT OF INDIA (Stein Collection),,government,India,,,
2521,FRAGMENT OF FIGURED SILK,item,Textile,Others,textiles; silk,with formal designs in colour,,,CHINESE ROOM,Qin and Han,from Lou-Lan,,THE GOVERNMENT OF INDIA (Stein Collection),,government,India,,,
2522,FRAGMENT OF FIGURED SILK,item,Textile,Others,textiles; silk,with formal designs in colour,,,CHINESE ROOM,Qin and Han,from Lou-Lan,,THE GOVERNMENT OF INDIA (Stein Collection),,government,India,yes,,
2523,FRAGMENT OF FIGURED SILK,item,Textile,Others,textiles; silk,"with designs in colours, of monsters and scrolls",,,CHINESE ROOM,Qin and Han,from Lou-Lan,,THE GOVERNMENT OF INDIA (Stein Collection),,government,India,,,
2524,FRAGMENT OF FIGURED SILK,item,Textile,Others,textiles; silk,with designs in colours,,,CHINESE ROOM,Qin and Han,from Lou-Lan,,THE GOVERNMENT OF INDIA (Stein Collection),,government,India,yes,,
2525,FRAGMENTS OF SILK AND EMBROIDERY,item,Textile,Others,textiles; silk,,,,CHINESE ROOM,Qin and Han,found by Kozloff at Noin-ola in Mongolia,,THE GOVERNMENT OF THE SOVIET UNION,,government,Russia,yes,,
2526,FRAGMENT OF FIGURED SILK,item,Textile,Others,textiles; silk,with formal designs in colour,,,CHINESE ROOM,Qin and Han,from Lou-Lan,,THE GOVERNMENT OF INDIA (Stein Collection),,government,India,yes,,
2527,FRAGMENT OF FIGURED SILK,item,Textile,Others,textiles; silk,with designs in colours,,,CHINESE ROOM,Qin and Han,from Lou-Lan,,THE GOVERNMENT OF INDIA (Stein Collection),,government,India,,,
2528,FRAGMENT OF FIGURED SILK,item,Textile,Others,textiles; silk,"with designs in colours, of monsters and scrolls",,,CHINESE ROOM,Qin and Han,from Lou-Lan,,THE GOVERNMENT OF INDIA (Stein Collection),,government,India,yes,,
2529,FRAGMENT OF FIGURED SILK,item,Textile,Others,textiles; silk,with formal designs,,,CHINESE ROOM,Qin and Han,from Lou-Lan,,THE GOVERNMENT OF INDIA (Stein Collection),,government,India,,,
2530,calligraphy,item,Paintings and Calligraphy,Calligraphy,,Poem composed by Imperial Command,,H. 121.4 cm W. 28.8 cm,CHINESE ROOM,Ming,,SHÊN TS'AN (15th century A.D.),THE CHINESE GOVERNMENT,,government,China,,,
2531,Painting in ink on silk,item,Paintings and Calligraphy,Landscape,textiles; silk,Landscape with Mountain,,H. 124.8 cm. W. 50.5 cm,CHINESE ROOM,Five Dynasties,,KUAN T'UNG (10th century A.D.) (attributed to),"FUSAJIRO ABE, Sumiyoshi, near Kobe",,private,"Kobe, Japan",,,SUNG DYNASTY
2532,Painting in colour on paper,item,Paintings and Calligraphy,Genre painting,plant derived materials; paper,Ploughing in Spring,,H. 124.9 cm. W.37.3 cm,CHINESE ROOM,Ming,,WANG MÊNG (d. 1385 A.D.),THE CHINESE GOVERNMENT,,government,China,yes,,
2533,ALBUM PAINTING in colour on silk,item,Paintings and Calligraphy,Scholar painting,textiles; silk,Bamboo and Prunus,,25 by 23.5 cm,CHINESE ROOM,Song,,by Ma Lin (active c. A.D. 1220),THE CHINESE GOVERNMENT,,government,China,yes,,
2534,Painting in colour on paper,item,Paintings and Calligraphy,Animal and plants,plant derived materials; paper,Autumn Melons,,H 26.8 cm. W. 45.5 cm,CHINESE ROOM,Yuan,,"UNKNOWN ARTIST, SUNG DYNASTY",THE CHINESE GOVERNMENT,,government,China,yes,,
2535,ALBUM PAINTING,item,Paintings and Calligraphy,Landscape,textiles; silk,"Winter Landscape, colour on silk",,24 by 34 cm,CHINESE ROOM,Song,,Li Ch'êng,THE CHINESE GOVERNMENT,,government,China,,,
2536,ALBUM PAINTING,item,Paintings and Calligraphy,Animal and plants,plant derived materials; paper,"Ducks and Water-plants, colour on paper",,27.5 by 24.5 cm,CHINESE ROOM,Song,,Hui-ch'ung,THE CHINESE GOVERNMENT,,government,China,yes,,
2537,PAINTING,item,Paintings and Calligraphy,Religious painting,plant derived materials; paper,"Kuan-yin, gold on blue paper",,H. 55.2 cm. W. 22.3 cm,CHINESE ROOM,Qing,,HSING TZ'U-CHING,THE CHINESE GOVERNMENT,,government,China,,,
2538,ALBUM PAINTING,item,Paintings and Calligraphy,Scholar painting,plant derived materials; paper,"Tao Yüan-ming Intoxicated, ink on paper",,24.5 by 23.5 cm,CHINESE ROOM,Song,,Chou Yüan-su,THE CHINESE GOVERNMENT,,government,China,yes,,
2539,PAINTING,item,Paintings and Calligraphy,Landscape,textiles; silk,"Snowfall in Shan Lin Garden, colour on silk",,Di. 41 cm,CHINESE ROOM,Song,,UNKNOWN ARTIST,THE CHINESE GOVERNMENT,,government,China,,,
2540,ALBUM PAINTING,item,Paintings and Calligraphy,,plant derived materials; paper,", colour on paper",Signed,34 by 35.5 cm,CHINESE ROOM,Song,,Tiao Kuang-yin,THE CHINESE GOVERNMENT,,government,China,yes,,
2541,PAINTING,item,Paintings and Calligraphy,Landscape,plant derived materials; paper,"Green Willows by a Lake in Spring, colour on paper",,H. 41.3 cm. W. 45.5 cm,CHINESE ROOM,Yuan,,CHU SHU-CHUNG,THE CHINESE GOVERNMENT,,government,China,yes,,
2542,PAINTING,item,Paintings and Calligraphy,Scholar painting,textiles; silk,"Illustration of a Poem by Tu Fu, colour on silk",,H. 40 cm. W. 41.1 cm,CHINESE ROOM,Song,,UNKNOWN ARTIST,THE CHINESE GOVERNMENT,,government,China,yes,,
2543,ALBUM PAINTING,item,Paintings and Calligraphy,,plant derived materials; paper,", colour on paper",Signed,35 by 35 cm,CHINESE ROOM,Song,,Tiao Kuang-yin,THE CHINESE GOVERNMENT,,government,China,,,
2544,PAINTING,item,Paintings and Calligraphy,Landscape,textiles; silk,"A Boat in a Stream in Spring, colour on silk",,H. 36.9 cm. W. 51.5 cm,CHINESE ROOM,Song,,MA HO-CHIH,THE CHINESE GOVERNMENT,,government,China,,,
2545,PAINTING,item,Paintings and Calligraphy,Landscape,textiles; silk,"Waterfall on Lu Shan, Finger painting in colour on silk",,H. 93.4 cm. W. 50 cm,LARGE SOUTH ROOMS,Qing,,KAO CH'I-P'EI,THE CHINESE GOVERNMENT,,government,China,,,
2546,CHAIN OF MOUNTAINS AND PAGODAS,item,Stones and Minerals,Sculpture,stones; soapstone,", soapstone",With inscribed poem,H. 41.2 cm. W. 69.5 cm,LARGE SOUTH ROOMS,Qing,,,"SIR HERBERT HUGHES-STANTON, R.A., London",,private,"London, U.K.",yes,,
2547,CARPET,item,Textile,Furnishings,textiles; silk,,,350.7 by 83 cm,LARGE SOUTH ROOMS,Ming,,,THE VICTORIA AND ALBERT MUSEUM (Eumorfopoulos Collection)',,museum,"London, U.K.",,,
2548,BOTTLE,item,Ceramics,porcelain,ceramics; porcelain,", with blue crackled glaze",,H. 47 cm,LARGE SOUTH ROOMS,Qing,,,"S. D. WINKWORTH, Walton-on-the-Hill, Surrey",,private,"Surrey, U.K.",,,
2549,VASE (hsien-wên hu),item,Ceramics,porcelain,ceramics; porcelain,"with bowstring fluted and spreading mouth, eel-green glaze",Seal mark of Yongzheng period,H 20.2 cm,LARGE SOUTH ROOMS,Qing,,,THE CHINESE GOVERNMENT,,government,China,,,
2550,VASE,item,Ceramics,porcelain,ceramics; porcelain,", porcelain, with mirror-black glaze",,H. 32.7 cm,LARGE SOUTH ROOMS,Qing,,,"COLONEL CLAUDE BEDDINGTON, London",,private,"London, U.K.",yes,,
2551,BEAKER (ku),item,Ceramics,porcelain,,", with ""tea-dust"" glaze",Seal mark of Qianlong period,H. 20.7 cm,LARGE SOUTH ROOMS,Qing,,,THE CHINESE GOVERNMENT,,government,China,,,
2552,BOTTLE,item,Ceramics,porcelain,,", with eel-green (shan-yu ch'ing) glaze",Seal mark of Qianlong period,H. 27.5 cm,LARGE SOUTH ROOMS,Qing,,,THE CHINESE GOVERNMENT,,government,China,,,
2553,VASE,item,Ceramics,porcelain,ceramics; porcelain,", porcelain, with ""oil green"" glaze",,H. 15 cm,LARGE SOUTH ROOMS,Ming,,,"F. SCHILLER, Betchworth, Surrey",,private,"Surrey, U.K.",yes,,
2554,BOTTLE (fan p'ing),item,Ceramics,porcelain,,", with ""tea-dust"" glaze. Chinese description: ""eel-yellow (shan-yü huang) glaze""",Seal mark of Qianlong period,H. 27.5 cm,LARGE SOUTH ROOMS,Qing,,,THE CHINESE GOVERNMENT,,government,China,,,
2555,VASE (tsun),item,Ceramics,porcelain,ceramics; porcelain,", in shape of a Chinese lantern, with ""Chün glaze fired in a muffle kiln""",Seal mark of Qianlong period,H. 23.3 cm,LARGE SOUTH ROOMS,Qing,,,THE CHINESE GOVERNMENT,,government,China,,,
2556,BOTTLE,item,Ceramics,porcelain,ceramics; porcelain,", with lotus top and mask handles, porcelain with ""tea-dust"" glaze",Mark of Yongzheng period,H. 35 cm,LARGE SOUTH ROOMS,Qing,,,THE BRITISH MUSEUM (Eumorfopoulos Collection),,museum,"London, U.K.",yes,,
2557,MINIATURE FLOWER VASE (hua ch'a),item,Ceramics,porcelain,ceramics; porcelain,"for three sprays, with ""Chün glaze fired in a muffle kiln""",,H. 7 cm,LARGE SOUTH ROOMS,Qing,,,THE CHINESE GOVERNMENT,,government,China,,,
2558,VASE,item,Ceramics,porcelain,ceramics; porcelain,with "Chün glaze fired in a muffle kiln",Seal mark of Yongzheng period,H. 21.9 cm,LARGE SOUTH ROOMS,Qing,,,THE CHINESE GOVERNMENT,,government,China,,,
2559,VASE,item,Ceramics,porcelain,ceramics; porcelain,with green crackled glaze,,H. 35.5 cm,LARGE SOUTH ROOMS,Qing,,,"SIR JOHN BUCHANAN-JARDINE, BT., London",,private,"London, U.K.",yes,,
2560,WATER BOTTLE (hsien-wên hu),item,Ceramics,porcelain,ceramics; porcelain,with a glaze of Chün type variegated with deep purple,Impressed red mark of Yongzheng period,H. 24.4 cm,LARGE SOUTH ROOMS,Qing,,,THE CHINESE GOVERNMENT,,government,China,,,
2561,BOTTLE,item,Ceramics,porcelain,ceramics; porcelain,with green glaze,Mark of Hung-chih period,H. 26.6 cm,LARGE SOUTH ROOMS,Ming,,,"F. HOWARD PAGET, Broadstairs",,private,"Kent, U.K.",yes,,
2562,VASE,item,Ceramics,porcelain,ceramics; porcelain,"of slender baluster form, porcelain, with coral-red glaze",Mark of Kangxi period,H. 45 cm,LARGE SOUTH ROOMS,Qing,,,"MADAME MAURICE SOLVAY, Paris",,private,"Paris, France",,,
2563,JAR,item,Ceramics,porcelain,ceramics; porcelain,"porcelain, with incised floral scrolls under turquoise glaze",,H. 27.9 cm,LARGE SOUTH ROOMS,Ming,,,THE VICTORIA AND ALBERT MUSEUM (Eumorfopoulos Collection),,museum,"London, U.K.",,,
2564,VASE,item,Ceramics,porcelain,ceramics; porcelain,with pale lavender-blue glaze,Underglaze blue seal mark of Yongzheng period,H. 23.7 cm,LARGE SOUTH ROOMS,Qing,,,THE CHINESE GOVERNMENT,,government,China,,,
2565,VASE,item,Ceramics,porcelain,ceramics; porcelain,with body in lotus form and pale lavender-blue glaze,Mark of Yongzheng period,H. 18.5 cm,LARGE SOUTH ROOMS,Qing,,,THE CHINESE GOVERNMENT,,government,China,,,
2566,BEAKER (ku),item,Ceramics,porcelain,ceramics; porcelain,"in bronze form, porcelain, with bluish-grey glaze, imitating Ju ware",Mark of Yongzheng period,H. 27.4 cm,LARGE SOUTH ROOMS,Qing,,,"SIR PERCIVAL DAVID, BT., London",,private,"London, U.K.",yes,,
2567,VASE (p'ing),item,Ceramics,porcelain,ceramics; porcelain,with flanged mouth and pale bluish-grey glaze,Seal mark of Qianlong period,H. 20.6 cm,LARGE SOUTH ROOMS,Qing,,,THE CHINESE GOVERNMENT,,government,China,yes,,
2568,VASE (sheng-wên tsun),item,Ceramics,porcelain,ceramics; porcelain,"with pale greyish-blue glaze, in Kuan style, and decoration of twine fillets",Blue seal mark of Yongzheng period,H. 18.9 cm,LARGE SOUTH ROOMS,Qing,,,THE CHINESE GOVERNMENT,,government,China,,,
2569,FIGURE OF MAITREYA,item,Ceramics,porcelain,ceramics; porcelain,"as a fat monk, Tê-hua ware",,H. 15.5 cm,LARGE SOUTH ROOMS,Qing,,,"SIR PERCIVAL DAVID, BT., London",,private,"London, U.K.",yes,,
2570,BRUSH WASHER,item,Ceramics,porcelain,ceramics; porcelain,"in lotus leaf form, with two frogs, white porcelain",,W. 10.8 cm,LARGE SOUTH ROOMS,Qing,,,"CAPTAIN A. T. WARRE, Hove",,private,"East Sussex, U.K.",,,
2571,ROUGE POT,item,Ceramics,porcelain,ceramics; porcelain,"with ch'ih dragons in relief on lid, Tê-hua ware",,Di. 4.5 cm,LARGE SOUTH ROOMS,Qing,,,"SIR PERCIVAL DAVID, BT., London",,private,"London, U.K.",,,
2572,KUAN-YIN,item,Ceramics,porcelain,ceramics; porcelain,"white porcelain, Tê-hua ware",Mark of Wan-li period,H. 43.8 cm,LARGE SOUTH ROOMS,Ming,,,"RICHARD DE LA MARE, London",,private,"London, U.K.",yes,,
2573,WATER POT,item,Ceramics,porcelain,ceramics; porcelain,"in the form of a lotus leaf, white porcelain, Tê-hua ware",,L. 11 cm,LARGE SOUTH ROOMS,Qing,,,"SIR PERCIVAL DAVID, BT., London",,private,"London, U.K.",,,
2574,TWIN SPIRITS OF HARMONY (ho ho êrh hsien),item,Ceramics,porcelain,ceramics; porcelain,"porcelain with creamy-white glaze, Tê-hua ware",Mark of Ho Chao-tsung,H. 10 cm,LARGE SOUTH ROOMS,Qing,,,THE BRITISH MUSEUM (Eumorfopoulos Collection),,museum,"London, U.K.",yes,,
2575,SEAL,item,Ceramics,porcelain,ceramics; porcelain,"pure white porcelain, in the form of two badgers (huan), on a square base, Tê-hua ware",,H. 5.3 cm,LARGE SOUTH ROOMS,Ming,,,THE CHINESE GOVERNMENT,,government,China,,,
2576,VASE,item,Ceramics,porcelain,ceramics; porcelain,"""soft-paste"" porcelain, with etched dragon designs and cream",,H. 13.5 cm,LARGE SOUTH ROOMS,Qing,,,"SIR PERCIVAL DAVID, BT., London",,private,"London, U.K.",yes,,
2577,INCENSE BURNER,item,Ceramics,porcelain,ceramics; porcelain,"porcelain, with creamy-white glaze, Tê-hua ware",Mark of Ho Chao-tsung,Di. 13.5 cm,LARGE SOUTH ROOMS,Ming,,,"SIR PERCIVAL DAVID, BT., London",,private,"London, U.K.",yes,,
2578,SMALL TEA POT,item,Ceramics,porcelain,ceramics; porcelain,"white porcelain, Ching-tê Chên ware",,H. 7 cm,LARGE SOUTH ROOMS,Ming,,,THE BRITISH MUSEUM (Eumorfopoulos Collection),,museum,"London, U.K.",yes,,
2579,TEA BOWL AND COVER,item,Ceramics,porcelain,ceramics; porcelain,white egg-shell porcelain,,H. 8 cm,LARGE SOUTH ROOMS,Qing,,,THE BRITISH MUSEUM (Eumorfopoulos Collection),,museum,"London, U.K.",yes,,
2580,PLATE,item,Ceramics,porcelain,ceramics; porcelain,"with engraved phœnix under cream-white glaze, Tê-hua ware",,Di. 28 cm,LARGE SOUTH ROOMS,Ming,,,"C. KEMPE, Stockholm",,private,"Stockholm, Sweden",,,
2581,BOX AND COVER,item,Ceramics,porcelain,ceramics; porcelain,"with decoration and bluish-white glaze, in ying ch'ing style",Mark of Qianlong period,Di. 9.2 cm,LARGE SOUTH ROOMS,Qing,,,"C. KEMPE, Stockholm",,private,"Stockholm, Sweden",,,
2582,CUP,item,Ceramics,porcelain,ceramics; porcelain,"with scalloped rim, porcelain, with crackled, greyish-white glaze",,Di. 14 cm,LARGE SOUTH ROOMS,Ming,,,"DR. J. HELLNER, Stockholm",,private,"Stockholm, Sweden",yes,,
2583,TEA POT,item,Ceramics,porcelain,ceramics; porcelain,"barrel-shaped, with milk-white glaze, Tê-hua porcelain",,H. 11 cm,LARGE SOUTH ROOMS,Qing,,,"SIR PERCIVAL DAVID, BT., London",,private,"London, U.K.",yes,,
2584,VASE (kuan-êrh hu),item,Ceramics,porcelain,ceramics; porcelain,"with tubular handles, after a Ko ware model, with light greenish-grey crackled glaze",Seal mark of Yongzheng period,H. 27.9 cm,LARGE SOUTH ROOMS,Qing,,,THE CHINESE GOVERNMENT,,government,China,yes,,
2585,BRUSH REST (yen shan),item,Ceramics,porcelain,ceramics; porcelain,"in the shape of three hills, with light grey-green glaze of Ko type",,L. 16.7 cm,LARGE SOUTH ROOMS,Qing,,,THE CHINESE GOVERNMENT,,government,China,yes,,
2586,BRUSH WASHER,item,Ceramics,porcelain,ceramics; porcelain,in form of ling chih (fungus) with light greenish-grey glaze of Sung Kuan ware type,,W. 11.6 cm,LARGE SOUTH ROOMS,Qing,,,THE CHINESE GOVERNMENT,,government,China,,,
2587,VASE,item,Ceramics,porcelain,ceramics; porcelain,with light greenish-grey crackled glaze of Kuan type,Seal mark of Yongzheng period,H. 33.5 cm,LARGE SOUTH ROOMS,Qing,,,THE CHINESE GOVERNMENT,,government,China,,,
2588,MINIATURE VASE of rectangular section (kuan-êrh fang-hu),item,Ceramics,porcelain,ceramics; porcelain,with tubular handles and light grey-green glaze of Ko type,Blue seal mark of Qianlong period,H. 13 cm,LARGE SOUTH ROOMS,Qing,,,THE CHINESE GOVERNMENT,,government,China,,,
2589,VASE (wên hu),item,Ceramics,porcelain,ceramics; porcelain,after a Ko ware model with crackled light greenish-grey glaze,Blue seal mark of Yongzheng,H. 27.7 cm,LARGE SOUTH ROOMS,Qing,,,THE CHINESE GOVERNMENT,,government,China,yes,,
2590,BOTTLE,item,Ceramics,porcelain,ceramics; porcelain,with carved dragon and fungus designs under celadon glaze,,H. 24.2 cm,LARGE SOUTH ROOMS,Qing,,,"THE HON. M. W. ELPHINSTONE, London",,private,"London, U.K.",yes,,
2591,VASE,item,Ceramics,porcelain,ceramics; porcelain,"with monster head and ring handles, floral decoration in slip under celadon glaze",Mark of Qianlong period,H. 11.3 cm,LARGE SOUTH ROOMS,Qing,,,"CAPTAIN A. T. WARRE, Hove",,private,"East Sussex, U.K.",yes,,
2592,VASE (p'ing),item,Ceramics,porcelain,ceramics; porcelain,"with grey-green celadon glaze, lotus arabesques in low relief",Seal mark of Qianlong period,H. 27.8 cm,LARGE SOUTH ROOMS,Qing,,,THE CHINESE GOVERNMENT,,government,China,yes,,
2593,MINIATURE VASE,item,Ceramics,porcelain,ceramics; porcelain,"of rectangular section (kuan-êrh fang-hu), with tubular handles and pale celadon glaze",Blue seal mark of Qianlong period,H. 12.5 cm,LARGE SOUTH ROOMS,Qing,,,THE CHINESE GOVERNMENT,,government,China,,,
2594,VASE (shou-luan hu),item,Ceramics,porcelain,ceramics; porcelain,"with moulded ring and animal masks, and light greenish-grey glaze, after Southern Sung Kuan ware",Mark of Yongzheng period,H. 20.2 cm,LARGE SOUTH ROOMS,Qing,,,THE CHINESE GOVERNMENT,,government,China,yes,,
2595,SEAL VERMILION BOX AND COVER,item,Ceramics,porcelain,ceramics; porcelain,"cream-white glaze, Tê-hua ware",,W. 6.5 cm,LARGE SOUTH ROOMS,Qing,,,"SIR PERCIVAL DAVID, BT., London",,private,"London, U.K.",,,
2596,FIGURE OF BODHIDHARMA,item,Ceramics,porcelain,ceramics; porcelain,"white porcelain, Te-hua ware",,,LARGE SOUTH ROOMS,Qing,,,"SIR PERCIVAL DAVID, BT., London",,private,"London, U.K.",yes,,
2597,CUP,item,Ceramics,porcelain,ceramics; porcelain,"in the form of a magnolia flower, ivory-white porcelain, Tê-hua ware",,H. 12.6 cm,LARGE SOUTH ROOMS,Qing,,,"MRS. MARCUS EZEKIEL, London",,private,"London, U.K.",,,
2598,BRUSH REST AND WATER-POT,item,Ceramics,porcelain,ceramics; porcelain,"in the form of the poet Li Po, porcelain with yellow glaze",,H. 6.8 cm,LARGE SOUTH ROOMS,Qing,,,"MRS. W. J. HOLT, London",,private,"London, U.K.",yes,,
2599,FIGURE OF BUDDHA,item,Ceramics,porcelain,ceramics; porcelain,"seated in the dhyāna mudrā position, white porcelain with warm white glaze, Tê-hua ware",,H.31.5 cm,LARGE SOUTH ROOMS,Qing,,,"SIR PERCIVAL DAVID, BT., London",,private,"London, U.K.",yes,,
2600,FEMALE LUTE-PLAYER,item,Ceramics,porcelain,ceramics; porcelain,,,H. 17.5 cm,LARGE SOUTH ROOMS,Qing,,,"DR. HERBERT VON KLEMPERER, Berlin",,private,"Berlin, Germany",yes,,
2601,LIBATION CUP /,item,Ceramics,porcelain,ceramics; porcelain,"in flower form, porcelain, with cream-white glaze, Tê-hua ware",,H. 11.5 cm,LARGE SOUTH ROOMS,Qing,,,"SIR PERCIVAL DAVID, BT., London",,private,"London, U.K.",,,
2602,BOTTLE,item,Ceramics,porcelain,ceramics; porcelain,"with twining ch'ih dragon on neck, porcelain, with cream-white glaze, Tê-hua ware",,H. 25.5 cm,LARGE SOUTH ROOMS,Qing,,,"SIR PERCIVAL DAVID, BT., London",,private,"London, U.K.",yes,,
2603,SMALL VASE (hsiao p'ing),item,Ceramics,porcelain,ceramics; porcelain,"with cream-white glaze and coiled, hornless dragons and ling-chih (fungus), incised in the paste, With a brass rim, Ting type",,H. 11.5 cm,LARGE SOUTH ROOMS,Ming,,,THE CHINESE GOVERNMENT,,government,China,yes,,
2604,BOWL,item,Ceramics,porcelain,ceramics; porcelain,"semi-bodiless (pan t'o t'ai), white porcelain, with petal form rim and secret decoration in slip (an hua) of lotus supporting the Eight Precious Objects",Seal mark of Kangxi period in slip,Di. 20.2 cm,LARGE SOUTH ROOMS,Qing,,,THE CHINESE GOVERNMENT,,government,China,yes,,
2605,DISH,item,Ceramics,porcelain,ceramics; porcelain,on high foot "soft-paste" porcelain with dragon and phoenix under cream glaze,,Di. 13.3 cm,LARGE SOUTH ROOMS,Qing,,,"C. KEMPE, Stockholm",,private,"Stockholm, Sweden",yes,,
2606,INK TABLET STAND,item,Ceramics,porcelain,ceramics; porcelain,with carved design of banana foliage and cream-white glaze,,L. 8.5 cm,LARGE SOUTH ROOMS,Qing,,,"SIR PERCIVAL DAVID, BT., London",,private,"London, U.K.",,,
2607,BRUSH POT,item,Ceramics,porcelain,ceramics; porcelain,"white porcelain, with relief decoration in a key fret ground",Mark of Qianlong period,H. 13.6 cm,LARGE SOUTH ROOMS,Qing,,,"CAPTAIN A. T. WARRE, Hove",,private,"East Sussex, U.K.",yes,,
2608,SET OF FIVE CUPS,set,Ceramics,porcelain,ceramics; porcelain,"with cream-white glaze and ogre masks (t'ao-t'ieh) and thunder (lei) pattern incised in the paste, Ting type",,Di. 7 cm. 7.3 cm. 8 cm. 8.4 cm. 9 cm,LARGE SOUTH ROOMS,Ming,,,THE CHINESE GOVERNMENT,,government,China,,,
2609,VASE of rectangular section (pien-fang hu),item,Ceramics,porcelain,ceramics; porcelain,"with orange-peel white glaze, incised shou characters",Blue enamel seal mark of Qianlong period,H. 20.3 cm,LARGE SOUTH ROOMS,Qing,,,THE CHINESE GOVERNMENT,,government,China,yes,,
2610,SMALL VASE (hsiao p'ing),item,Ceramics,porcelain,ceramics; porcelain,"with flaring mouth and decoration of peonies incised in the paste, ivory-white glaze, Ting type Chinese attribution, Lin-ch'üan ware of the Yüan Dynasty",,H. 12.5 cm,LARGE SOUTH ROOMS,Ming,,,THE CHINESE GOVERNMENT,,government,China,,,
2611,VASE,item,Ceramics,porcelain,ceramics; porcelain,"with deer handles, pale blue glaze",Mark of Qianlong period,H. 27 cm,LARGE SOUTH ROOMS,Qing,,,"S. D. WINKWORTH, Walton-on-the-Hill, Surrey",,private,"Surrey, U.K.",yes,,
2612,VASE,item,Ceramics,porcelain,ceramics; porcelain,with three ram's head handles (san-yang tsun) and pale greenish-grey glaze in Kuan style,Underglaze blue seal mark of Yongzheng,H. 32.9 cm,LARGE SOUTH ROOMS,Qing,,,THE CHINESE GOVERNMENT,,government,China,,,
2613,VASE (hu),item,Ceramics,porcelain,ceramics; porcelain,"of bronze form, with dragon handles and pale blue glaze of Ju type",Blue seal mark of Yongzheng,H. 27 cm,LARGE SOUTH ROOMS,Qing,,,THE CHINESE GOVERNMENT,,government,China,,,
2614,VASE,item,Ceramics,porcelain,ceramics; porcelain,"porcelain, with coral-red glaze",,H. 43.5 cm,LARGE SOUTH ROOMS,Qing,,,"A. BAUR, Geneva",,private,"Geneva, Switzerland",yes,,
2615,BALUSTER VASE,item,Ceramics,porcelain,ceramics; porcelain,with ruby glaze,,H. 46 cm,LARGE SOUTH ROOMS,Qing,,,"S. D. WINKWORTH, Walton-on-the-Hill, Surrey",,private,"Surrey, U.K.",,,
2616,JUG (sêng-mao hu),item,Ceramics,porcelain,ceramics; porcelain,"with the mouth in the shape of a monk's hat, ruby red glaze",Seal mark of Qianlong period,H. 11.8 cm,LARGE SOUTH ROOMS,Qing,,,THE CHINESE GOVERNMENT,,government,China,,,
2617,BRUSH BARREL,item,Ceramics,porcelain,ceramics; porcelain,"with openwork and engraved decoration of dragon and phoenix, crackled buff-white glaze, Gilded brass rim, Ting type",,H. 12.2 cm,LARGE SOUTH ROOMS,Ming,,,THE CHINESE GOVERNMENT,,government,China,yes,,
2618,DISH,item,Ceramics,porcelain,ceramics; porcelain,incised phoenix medallion and blue glaze,Mark of Chia-ching period,Di. 38 cm,LARGE SOUTH ROOMS,Ming,,,"F. HOWARD PAGET, Broadstairs",,private,"Kent, U.K.",,,
2619,BOTTLE (tan p'ing),item,Ceramics,porcelain,ceramics; porcelain,with deep maroon red glaze,Mark of Yongzheng period,H. 20 cm,LARGE SOUTH ROOMS,Qing,,,THE CHINESE GOVERNMENT,,government,China,,,
2620,DOUBLE-GOURD VASE,item,Ceramics,porcelain,ceramics; porcelain,incised with floral design and Buddhist emblems under turquoise glaze,"Mark of Chia-ching, Ming Dynasty",H. 22.2 cm,LARGE SOUTH ROOMS,Ming,,,"MR. AND MRS. ALFRED CLARK, Iver Heath, Bucks",,private,"Buckinghamshire, U.K.",yes,,
2621,BOWL,item,Ceramics,porcelain,ceramics; porcelain,with turquoise glaze,,Di. 14 cm,LARGE SOUTH ROOMS,Ming,,,"H. J. OPPENHEIM, London",,private,"London, U.K.",,,
2622,SMALL VASE,item,Ceramics,porcelain,ceramics; porcelain,with turquoise glaze,,H. 11.1 cm,LARGE SOUTH ROOMS,Qing,,,"A. L. HETHERINGTON, London",,private,"London, U.K.",yes,,
2623,KUAN-YIN,item,Ceramics,porcelain,ceramics; porcelain,"porcelain, with coloured glaze",,H. 43.1 cm,LARGE SOUTH ROOMS,Qing,,,"HER GRACE THE DUCHESS OF ROXBURGHE, London",,private,"London, U.K.",yes,,
2624,STEM-CUP,item,Ceramics,porcelain,ceramics; porcelain,"porcelain, with incised decoration and turquoise glaze","Mark of Chia-ching period, Ming Dynasty",H. 11.6 cm,LARGE SOUTH ROOMS,Ming,,,"CAPTAIN A. T. WARRE, Hove",,private,"East Sussex, U.K.",yes,,
2625,VASE (ku),item,Ceramics,porcelain,ceramics; porcelain,"in peacock blue, decorated with banana leaves, angular (k'uei) dragons and thunder scrolls in low relief (chui-kung)",,H. 30.1 cm,LARGE SOUTH ROOMS,Qing,,,THE CHINESE GOVERNMENT,,government,China,,,
2626,BOWL,item,Ceramics,porcelain,ceramics; porcelain,"porcelain, with purple glaze",Mark of Kangxi period,Di. 12.5 cm,LARGE SOUTH ROOMS,Qing,,,"THE HON. M. W. ELPHINSTONE, London",,private,"London, U.K.",yes,,
2627,TEAPOT,item,Ceramics,porcelain,ceramics; porcelain,"porcelain, with incised peach boughs under yellow glaze",,H. 10 cm,LARGE SOUTH ROOMS,Qing,,,"THE HON. M. W. ELPHINSTONE, London",,private,"London, U.K.",yes,,
2628,SUGAR DISH,item,Ceramics,porcelain,ceramics; porcelain,"with incised decoration of sprays of lotus supporting the Eight Buddhist Emblems, and camellia leaf glaze",Mark of Yongzheng period,Di. 14.6 cm,LARGE SOUTH ROOMS,Qing,,,THE CHINESE GOVERNMENT,,government,China,,,
2629,VASE,item,Ceramics,porcelain,ceramics; porcelain,"porcelain, with deep violet-blue glaze",Mark of Qianlong,H. 12 cm,LARGE SOUTH ROOMS,Qing,,,THE BRITISH MUSEUM (Eumorfopoulos Collection),,museum,"London, U.K.",yes,,
2630,BOX AND COVER,item,Ceramics,porcelain,ceramics; porcelain,"porcelain, with incised dragon design under turquoise glaze",,Di. 13.2 cm,LARGE SOUTH ROOMS,Qing,,,"THE HON. M. W. ELPHINSTONE, London",,private,"London, U.K.",yes,,
2631,BOWL,item,Ceramics,porcelain,ceramics; porcelain,"bell-shaped, with deep blue glaze",Mark of Chia-ching period,Di. 11.5 cm,LARGE SOUTH ROOMS,Ming,,,"SIR PERCIVAL DAVID, BT., London",,private,"London, U.K.",,,
2632,BOWL,item,Ceramics,porcelain,ceramics; porcelain,"porcelain, with purple glaze",Mark of Kangxi period,Di. 12.5 cm,LARGE SOUTH ROOMS,Qing,,,"THE HON. M. W. ELPHINSTONE, London",,private,"London, U.K.",,,
2633,CELADON BOTTLE,item,Ceramics,porcelain,ceramics; porcelain,"porcelain, with prunus sprays in slip in a green glaze",Mark of Ch'êng-hua period,H. 19.1 cm,LARGE SOUTH ROOMS,Ming,,,"THE ROYAL SCOTTISH MUSEUM, Edinburgh",,museum,"Edinburgh, U.K.",yes,,
2634,VASE,item,Ceramics,porcelain,ceramics; porcelain,with incised dragons and cloud scrolls under a mottled blue glaze,"Mark of Chia-ching period, Ming Dynasty",H. 28.5 cm,LARGE SOUTH ROOMS,Ming,,,"H. J. OPPENHEIM, London",,private,"London, U.K.",yes,,
2635,BOWL,item,Ceramics,porcelain,ceramics; porcelain,with engraved dragon design under a blue glaze,Mark of Chia-ch'ing period,Di. 20.9 cm,LARGE SOUTH ROOMS,Ming,,,"EUSTACE B. HOARE, London",,private,"London, U.K.",,,
2636,PAIR OF PANELS,set,Textile,Furnishings,textiles; silk,embroidered silk,,62.5 by 62.5 cm. 73.5 by 62 cm,LARGE SOUTH ROOMS,Qing,,,"MISS JOAN EVANS, London",,private,"London, U.K.",,,
2637,WÊN CH'ANG TI CHÜN (Patron God of Literature),item,Ceramics,porcelain,ceramics; porcelain,"in robes of state, Decoration of incised designs, coloured glazes",,H. 76.2 cm,LARGE SOUTH ROOMS,Ming,,,"ANTHONY DE ROTHSCHILD, London",,private,"London, U.K.",yes,,
2638,CARPET,item,Textile,Furnishings,textiles; silk,,,563 by 120 cm,LARGE SOUTH ROOMS,Qing,,,Lent ANONYMOUSLY,,private,,yes,,
2639,IMPERIAL CUSHION COVER,item,Textile,Furnishings,textiles; silk,embroidered silk,,134.7 by 106.7 cm,LARGE SOUTH ROOMS,Qing,,,"PROFESSOR W. PERCEVAL YETTS, O.B.E., London",,private,"London, U.K.",,,
2640,SILK TAPESTRY (k'o ssû) ROBE,item,Textile,Costume,textiles; silk,blue and gold,,,LARGE SOUTH ROOMS,Qing,,,"LIBERTY AND CO., LTD., London",,private,"London, U.K.",yes,,
2641,SILK TAPESTRY (k'o ssû) HANGING,item,Textile,Furnishings,textiles; silk,"red, yellow, gold and blue",,96.5 by 82.6 cm,LARGE SOUTH ROOMS,Qing,,,"PROFESSOR W. PERCEVAL YETTS, O.B.E., London",,private,"London, U.K.",,,
2642,IMPERIAL SILK TAPESTRY (k'o ssû) ROBE,item,Textile,Costume,textiles; silk,blue and white,,,LARGE SOUTH ROOMS,Qing,,,"PROFESSOR W. PERCEVAL YETTS, O.B.E., London",,private,"London, U.K.",yes,,
2643,BROCADE HANGING,item,Textile,Furnishings,textiles; silk,"yellow, blue, green and gold",,88.9 by 81.3 cm,LARGE SOUTH ROOMS,Qing,,,"PROFESSOR W. PERCEVAL YETTS, O.B.E., London",,private,"London, U.K.",,,
2644,SILK TAPESTRY (k'o ssû),item,Textile,Furnishings,textiles; silk,a dragon in clouds,,136 by 98 cm,LARGE SOUTH ROOMS,Qing,,,"BARONIN DANCKELMAN, Vienna",,private,"Vienna, Austria",,,
2645,IMPERIAL SILK TAPESTRY (k'o ssû) ROBE,item,Textile,Costume,textiles; silk,"yellow, gold, blue, red, purple and green",,,LARGE SOUTH ROOMS,Qing,,,"PROFESSOR W. PERCEVAL YETTS, O.B.E., London",,private,"London, U.K.",,,
2646,TWO STRIPS,set,Textile,Others,textiles,"of brown and yellow brocade, joined",,146.2 by 139.8 cm,LARGE SOUTH ROOMS,Qing,,,"PROFESSOR W. PERCEVAL YETTS, O.B.E., London",,private,"London, U.K.",,,
2647,IMPERIAL ROBE,item,Textile,Costume,textiles; silk,with petit point embroidery,,,LARGE SOUTH ROOMS,Qing,,,"THE METROPOLITAN MUSEUM OF ART, New York",,museum,"New York, U.S.A.",,,
2648,BOX,item,Lacquer,Containers,plant derived materials; lacquer,"brown lacquer, with dragons and Mt. Meru in black, red and gold",,W. 83.8 cm,LARGE SOUTH ROOMS,Ming,,,"THE ROYAL SCOTTISH MUSEUM, Edinburgh",,museum,"Edinburgh, U.K.",yes,,
2649,IMPERIAL CUSHION COVER,item,Textile,Furnishings,textiles; silk,embroidered silk,,134.7 by 104.1 cm,LARGE SOUTH ROOMS,Qing,,,"PROFESSOR W. PERCEVAL YETTS, O.B.E., London",,private,"London, U.K.",,,
2650,IMPERIAL ROBE,item,Textile,Costume,textiles; silk,dark blue gauze,,,LARGE SOUTH ROOMS,Qing,,,"THE EARL OF ELGIN AND KINCARDINE, K.T., C.M.G., Dunfermline",,private,"Fife, U.K.",yes,,
2651,BROCADE HANGING,item,Textile,Furnishings,textiles; silk,"red, blue and green",,83.7 by 81.3 cm,LARGE SOUTH ROOMS,Qing,,,"PROFESSOR W. PERCEVAL YETTS, O.B.E., London",,private,"London, U.K.",,,
2652,ACTOR'S ROBE,item,Textile,Costume,textiles; silk,embroidered silk,,,LARGE SOUTH ROOMS,Qing,,,"THE METROPOLITAN MUSEUM OF ART, New York",,museum,"New York, U.S.A.",yes,,
2653,SILK TAPESTRY (k'o ssû) HANGING,item,Textile,Furnishings,textiles; silk,"gold, blue and green",,97.8 by 78.7 cm,LARGE SOUTH ROOMS,Qing,,,"PROFESSOR W. PERCEVAL YETTS, O.B.E., London",,private,"London, U.K.",,,
2654,BROCADE HANGING,item,Textile,Furnishings,textiles,"blue, red, gold and green",,94 by 83.7 cm,LARGE SOUTH ROOMS,Qing,,,"PROFESSOR W. PERCEVAL YETTS, O.B.E., London",,private,"London, U.K.",,,
2655,SILK TAPESTRY (k'o ssû) ROBE,item,Textile,Costume,textiles; silk,gold and brown,,,LARGE SOUTH ROOMS,Qing,,,"MUSÉE DES ARTS DÉCORATIFS, Paris",,private,"Paris, France",,,
2656,IMPERIAL SILK TAPESTRY (k'o ssû) ROBE,item,Textile,Costume,textiles; silk,,,,LARGE SOUTH ROOMS,Qing,,,"LIBERTY AND CO., LTD., London",,private,"London, U.K.",yes,,
2657,IMPERIAL SILK TAPESTRY (k'o ssû) HANGING,item,Textile,Furnishings,textiles; silk,"blue, gold and red",,99 by 91.4 cm,LARGE SOUTH ROOMS,Qing,,,"PROFESSOR W. PERCEVAL YETTS, O.B.E., London",,private,"London, U.K.",,,
2658,BROCADE PANEL,item,Textile,Furnishings,textiles,"blue, red, gold and green",,95.5 by 83.7 cm,LARGE SOUTH ROOMS,Qing,,,"PROFESSOR W. PERCEVAL YETTS, O.B.E., London",,private,"London, U.K.",,,
2659,COAT,item,Textile,Costume,textiles,embroidered brocade,,,LARGE SOUTH ROOMS,Qing,"From the tomb of Kuo Ch'in Wang, seventeenth son of the Emperor K'ang-hsi",,"THE WILLIAM ROCKHILL NELSON GALLERY OF ART, Kansas City",,museum,"Kansas, U.S.A.",yes,,
2660,CUSHION COVER,item,Textile,Furnishings,textiles,"embroidered on canvas in blue, green and red in pink ground",,165.2 by 91.4 cm,LARGE SOUTH ROOMS,Qing,,,"PROFESSOR W. PERCEVAL YETTS, O.B.E., London",,private,"London, U.K.",,,
2661,PANEL,item,Textile,Furnishings,textiles; silk,embroidered silk,,68.6 by 78.7 cm,LARGE SOUTH ROOMS,Qing,,,"MISS JOAN EVANS, London",,private,"London, U.K.",,,
2662,VASE,item,Ceramics,porcelain,ceramics; porcelain,"porcelain, with birds and peonies carved in relief in a blue glazed ground",,H. 68 cm,LARGE SOUTH ROOMS,Qing,,,"S. D. WINKWORTH, Walton-on-the-Hill, Surrey",,private,"Surrey, U.K.",yes,,
2663,PANEL,item,Textile,Furnishings,textiles; silk,embroidered silk,,68.6 by 68.6 cm,LARGE SOUTH ROOMS,Qing,,,"MISS JOAN EVANS, London",,private,"London, U.K.",,,
2664,VASE,item,Ceramics,porcelain,ceramics; porcelain,"of slender baluster form, porcelain, with peach-bloom glaze",Mark of Kangxi period,H. 15.8 cm,LARGE SOUTH ROOMS,Qing,,,"EUSTACE B. HOARE, London",,private,"London, U.K.",,,
2665,PAIR OF FLAT WATER POTS,set,Ceramics,porcelain,ceramics; porcelain,"porcelain, with a mottled peach-bloom glaze speckled with green",Mark of Kangxi period,H. with std. 11.4 cm,LARGE SOUTH ROOMS,Qing,,,"THE HON. LADY WARD, London",,private,"London, U.K.",,,
2666,VASE,item,Ceramics,porcelain,ceramics; porcelain,"porcelain, with peach bloom glaze.",Mark of Kangxi period,H. 21 cm,LARGE SOUTH ROOMS,Qing,,,"SIR PERCIVAL DAVID, BT., London","From the Imperial Collection, Peking",private,"London, U.K.",yes,,
2667,VASE,item,Ceramics,porcelain,ceramics; porcelain,"of slender baluster shape, porcelain, with peach-bloom (""unripe peach"") glaze",Mark and period of Kangxi,H. 15 cm,LARGE SOUTH ROOMS,Qing,,,"THE HON. LADY WARD, London",,private,"London, U.K.",,,
2668,PAIR OF VASES,set,Ceramics,porcelain,ceramics; porcelain,"porcelain, with peach-bloom glaze",Mark of Kangxi period,H. 20 cm,LARGE SOUTH ROOMS,Qing,,,THE CHINESE GOVERNMENT,,government,China,yes,,
2669,PAIR OF FLAT WATER POTS,set,Ceramics,porcelain,ceramics; porcelain,"porcelain, with peach-bloom glaze",Mark of Kangxi period,L. 11.5 cm,LARGE SOUTH ROOMS,Qing,,,"FRANK PARTRIDGE AND SONS, LTD., London",,private,"London, U.K.",,,
2670,PLATE,item,Ceramics,porcelain,ceramics; porcelain,with floral decoration in powder-blue and underglaze red,,Di. 36 cm,LARGE SOUTH ROOMS,Qing,,,"ROBERT MAY, Zeist, Holland",,private,"Utrecht, The Netherlands",yes,,
2671,PLATE,item,Ceramics,porcelain,ceramics; porcelain,"with figure of mendicant, in powder-blue and underglaze red",,Di. 27 cm,LARGE SOUTH ROOMS,Qing,,,"ROBERT MAY, Zeist, Holland",,private,"Utrecht, The Netherlands",yes,,
2672,WATER POT,item,Ceramics,porcelain,ceramics; porcelain,"porcelain, with incised dragon medallions and mottled peach-bloom glaze",,H. 12.1 cm,LARGE SOUTH ROOMS,Qing,,,"THE HON. LADY WARD, London",,private,"London, U.K.",yes,,
2673,PLATE,item,Ceramics,porcelain,ceramics; porcelain,"with dragon decoration, in powder-blue and underglaze red",,Di. 27 cm,LARGE SOUTH ROOMS,Qing,,,"ROBERT MAY, Zeist, Holland",,private,"Utrecht, The Netherlands",yes,,
2674,VASE,item,Ceramics,porcelain,ceramics; porcelain,"of slender baluster shape, porcelain, with peach-bloom (""ripe-peach"") glaze",Mark of Kangxi period,H. 16 cm,LARGE SOUTH ROOMS,Qing,,,"THE HON. LADY WARD, London",,private,"London, U.K.",,,
2674A,VASE of slender baluster shape,item,Ceramics,porcelain,ceramics; porcelain,"porcelain, with peach-bloom (""ripe peach"") glaze",Mark of Kangxi period,H. 16 cm,LARGE SOUTH ROOMS,Qing,,,"FRANK PARTRIDGE AND SONS, LTD., London",,private,"London, U.K.",,,
2675,PAIR OF ROUGE POTS AND COVERS,set,Ceramics,porcelain,ceramics; porcelain,"porcelain, with peach-bloom glaze",,H. 3.9 cm,LARGE SOUTH ROOMS,Qing,,,"FRANK PARTRIDGE AND SONS, LTD., London",,private,"London, U.K.",,,
2676,PLATE,item,Ceramics,porcelain,ceramics; porcelain,with figure scene in powder blue and underglaze red,Mark of Kangxi period,Di. 34 cm,LARGE SOUTH ROOMS,Qing,,,"ROBERT MAY, Zeist, Holland",,private,"Utrecht, The Netherlands",yes,,
2677,CUP,item,Ceramics,porcelain,ceramics; porcelain,with peach-bloom glaze,"Mark of Hsüan-tê period, but Ch'ing Dynasty",Di. 9.8 cm,LARGE SOUTH ROOMS,Ming,,,"SIR PERCIVAL DAVID, BT., London",,private,"London, U.K.",yes,,
2678,Painting in colour on paper,item,Paintings and Calligraphy,Landscape,plant derived materials; paper,"YUNG JUNG (Sixth son of the Emperor Ch'ien-lung), Landscape",,H. 131.1 cm.W. 64 cm,LARGE SOUTH ROOMS,Qing,,,THE CHINESE GOVERNMENT,,government,China,,,
2679,PAIR OF BEAKERS,set,Ceramics,porcelain,ceramics; porcelain,"porcelain, with archaic bronze design in relief under opaque green glaze",Mark of Qianlong period,H. 20.2 cm,LARGE SOUTH ROOMS,Qing,,,"THE HON. M. W. ELPHINSTONE, London",,private,"London, U.K.",yes,,
2680,BOTTLE,item,Ceramics,porcelain,ceramics; porcelain,with engraved peony designs under a celadon glaze,,H. 14.5 cm,LARGE SOUTH ROOMS,Qing,,,"EUSTACE B. HOARE, London",,private,"London, U.K.",,,
2681,BEAKER (ku),item,Ceramics,porcelain,ceramics; porcelain,with light greenish-blue glaze,Seal mark of Qianlong period,H. 21.7 cm,LARGE SOUTH ROOMS,Qing,,,THE CHINESE GOVERNMENT,,government,China,,,
2682,WATER POT,item,Ceramics,porcelain,ceramics; porcelain,with engraved decoration under a celadon glaze,,H. 7.8 cm,LARGE SOUTH ROOMS,Qing,,,"SIR PERCIVAL DAVID, BT., London",,private,"London, U.K.",,,
2683,BOTTLE,item,Ceramics,porcelain,ceramics; porcelain,"""soft paste"" porcelain, with incised dragons under cream glaze",,H. 17.1 cm,LARGE SOUTH ROOMS,Qing,,,"THE HON. M. W. ELPHINSTONE, London",,private,"London, U.K.",yes,,
2684,VASE,item,Ceramics,porcelain,ceramics; porcelain(enamelled),"porcelain, with pale blue-green enamel",Mark of Yongzheng period,H. 15 cm,LARGE SOUTH ROOMS,Qing,,,"THE HON. M. W. ELPHINSTONE, London",,private,"London, U.K.",,,
2685,PAIR OF WINE CUPS AND SAUCERS,set,Ceramics,porcelain,ceramics; porcelain,decorated with dragons in relief and incised under a yellow glaze,Mark of Kangxi period,"Cup, H. 3.8 cm. Saucer, Di. 13 cm",LARGE SOUTH ROOMS,Qing,,,"SIR PERCIVAL DAVID, BT., London",,private,"London, U.K.",yes,,
2686,LIBATION CUP (chüeh),item,Ceramics,porcelain,ceramics; porcelain,"helmet shaped on three slender legs, porcelain with yellow glaze",,H. 13 cm,LARGE SOUTH ROOMS,Qing,,,"SIR PERCIVAL DAVID, BT., London",,private,"London, U.K.",yes,,
2687,VASE,item,Ceramics,porcelain,ceramics; porcelain(enamelled),porcelain with pale pink enamel,Mark of Yongzheng period,H. 14.8 cm,LARGE SOUTH ROOMS,Qing,,,"THE HON. M. W. ELPHINSTONE, London",,private,"London, U.K.",,,
2688,VASE,item,Ceramics,porcelain,ceramics; porcelain,porcelain with pale lavender blue glaze,,H. 18 cm,LARGE SOUTH ROOMS,Qing,,,"THE HON. M. W. ELPHINSTONE, London",,private,"London, U.K.",,,
2689,PAIR OF BEAKERS (ku) in bronze form,set,Ceramics,porcelain,ceramics; porcelain,"porcelain, with lavender glaze",Mark of Kangxi period,H. 18.3 cm,LARGE SOUTH ROOMS,Qing,,,"CAPTAIN A. T. WARRE, Hove",,private,"East Sussex, U.K.",yes,,
2690,VASE,item,Ceramics,porcelain,ceramics; porcelain,with garlic top and three incised medallions under lavender glaze,Mark of Qianlong period,H. 15 cm,LARGE SOUTH ROOMS,Qing,,,"CAPTAIN A. T. WARRE, Hove",,private,"East Sussex, U.K.",,,
2691,DOUBLE VASE,item,Ceramics,porcelain,ceramics; porcelain,light greenish-blue glaze,Mark of Yongzheng period,H. 12.5 cm,LARGE SOUTH ROOMS,Qing,,,THE CHINESE GOVERNMENT,,government,China,,,
2692,WATER POT,item,Ceramics,porcelain,ceramics; porcelain,porcelain with pale blue glaze,Mark of Kangxi period,W. 11.5 cm,LARGE SOUTH ROOMS,Qing,,,"THE HON. M. W. ELPHINSTONE, London",,private,"London, U.K.",yes,,
2693,BOTTLE,item,Ceramics,porcelain,ceramics; porcelain,with bird on branch in relief under lavender glaze,,H. 15 cm,LARGE SOUTH ROOMS,Qing,,,"S. D. WINKWORTH, Walton-on-the-Hill, Surrey",,private,"Surrey, U.K.",,,
2694,BOTTLE,item,Ceramics,porcelain,ceramics; porcelain,porcelain with blue-green glaze,,H. 19.4 cm,LARGE SOUTH ROOMS,Qing,,,"THE HON. M. W. ELPHINSTONE, London",,private,"London, U.K.",yes,,
2695,PAIR OF FLAT WATER POTS,set,Ceramics,porcelain,ceramics; porcelain,porcelain with lavender glaze,,L. 11.5 cm,LARGE SOUTH ROOMS,Qing,,,"FRANK PARTRIDGE AND SONS, LTD., London",,private,"London, U.K.",,,
2696,BOX AND COVER,item,Ceramics,porcelain,ceramics; porcelain,with pale blue glaze,Mark of Yongzheng period,Di. 12.7 cm,LARGE SOUTH ROOMS,Qing,,,"THE HON. M. W. ELPHINSTONE, London",,private,"London, U.K.",yes,,
2697,PAIR OF SMALL WINE CUPS,set,Ceramics,porcelain,ceramics; porcelain,with ruby pink outside,Blue enamel mark of Qianlong period,H. 3 cm,LARGE SOUTH ROOMS,Qing,,,THE CHINESE GOVERNMENT,,government,China,,,
2698,VASE,item,Ceramics,porcelain,ceramics; porcelain,with pink glaze,,H. 12.5 cm,LARGE SOUTH ROOMS,Qing,,,"SIR PERCIVAL DAVID, BT., London",,private,"London, U.K.",yes,,
2699,SAUCER,item,Ceramics,porcelain,ceramics; porcelain,"with slip decoration, under pale celadon glaze",Mark of Yongzheng period,Di. 17.1 cm,LARGE SOUTH ROOMS,Qing,,,"CAPTAIN A. T. WARRE, Hove",,private,"East Sussex, U.K.",yes,,
2700,PAIR OF BEAKERS,set,Ceramics,porcelain,ceramics; porcelain,"porcelain, with archaic bronze design under peacock blue glaze",,H. 28 cm,LARGE SOUTH ROOMS,Qing,,,"THE HON. M. W. ELPHINSTONE, London",,private,"London, U.K.",,,
2701,PAIR OF SQUARE SAUCERS,set,Ceramics,porcelain,ceramics; porcelain,"porcelain, with incised dragon design under a green glaze",Mark of Kangxi period,W. 13 cm,LARGE SOUTH ROOMS,Qing,,,"THE HON. M. W. ELPHINSTONE, London",,private,"London, U.K.",,,
2702,BOX AND COVER,item,Ceramics,porcelain,ceramics; porcelain,"porcelain, with etched designs under turquoise glaze",,Di. 9 cm,LARGE SOUTH ROOMS,Qing,,,"F. SCHILLER, Betchworth, Surrey",,private,"Surrey, U.K.",,,
2703,VASE,item,Ceramics,porcelain,,"ovoid, with thick black glaze and traces of a gilt lotus design",,H. 24.7 cm,LARGE SOUTH ROOMS,Qing,,,"SIR PERCIVAL DAVID, BT., London",,private,"London, U.K.",yes,,
2704,Painting in colour on paper,item,Paintings and Calligraphy,Genre painting,plant derived materials; paper,Transplanting Peaches,,H. 187.1 cm. W. 63.4 cm,LARGE SOUTH ROOMS,Qing,,CHING T'ING-PIAO (18th century A.D.),THE CHINESE GOVERNMENT,,government,China,yes,,
2705,VASE (cha tou),item,Ceramics,porcelain,,with lustrous coral-red glaze,Mark of Chêng-tê period,H. 10 cm,LARGE SOUTH ROOMS,Ming,,,"MADAME MAURICE SOLVAY, Paris",,private,"Paris, France",yes,,
2706,BOWL,item,Ceramics,porcelain,ceramics; porcelain(enamelled),"porcelain, enamelled coral-red on the exterior",,Di. 21.5 cm,LARGE SOUTH ROOMS,Qing,,,"MADAME MAURICE SOLVAY, Paris",,private,"Paris, France",,,
2707,BRUSH WASHER,item,Ceramics,porcelain,enamel,formed of intertwined bats under a coral enamel,,W. 16 cm,LARGE SOUTH ROOMS,Qing,,,"SIR PERCIVAL DAVID, BT., London",,private,"London, U.K.",yes,,
2708,JAR,item,Ceramics,porcelain,ceramics; porcelain,"porcelain, with etched phœnixes under a yellow glaze",Mark of Chia-ching period,H. 15.6 cm,LARGE SOUTH ROOMS,Ming,,,"SIR PERCIVAL DAVID, BT., London",,private,"London, U.K.",yes,,
2709,BRUSH-WASHER,item,Ceramics,porcelain,ceramics; porcelain,"tub-shaped, porcelain, with yellow glaze",,Di. 12 cm,LARGE SOUTH ROOMS,Ming,,,"MADAME MAURICE SOLVAY, Paris",,private,"Paris, France",yes,,
2710,STEM CUP,item,Ceramics,porcelain,ceramics; porcelain,"of hibiscus shape, porcelain, with green and yellow glazes",Mark of Ch'êng-hua period,Di. 9.5 cm,LARGE SOUTH ROOMS,Ming,,,"MADAME MAURICE SOLVAY, Paris",,private,"Paris, France",yes,,
2711,PLATE,item,Ceramics,porcelain,ceramics; porcelain,with yellow glaze,Mark of Ch'êng-hua,Di. 20 cm,LARGE SOUTH ROOMS,Ming,,,"SIR PERCIVAL DAVID, BT., London",,private,"London, U.K.",,,
2712,WATER-POT,item,Ceramics,porcelain,ceramics; porcelain,with medallions incised under a yellow glaze,Mark of Kangxi period,Di. 12.5 cm,LARGE SOUTH ROOMS,Qing,,,"SIR PERCIVAL DAVID, BT., London",,private,"London, U.K.",yes,,
2713,STEM-CUP,item,Ceramics,porcelain,ceramics; porcelain,with Buddhist emblems incised under a yellow glaze,Mark of Yongzheng period,H. 13 cm,LARGE SOUTH ROOMS,Qing,,,"MR. AND MRS. A. CHESTER BEATTY, London",,private,"London, U.K.",yes,,
2714,VASE,item,Ceramics,porcelain,ceramics; porcelain(enamelled),"with onion top, porcelain, with coral-red enamel",,H. 20 cm,LARGE SOUTH ROOMS,Qing,,,"MADAME MAURICE SOLVAY, Paris",,private,"Paris, France",,,
2715,BOTTLE,item,Ceramics,porcelain,ceramics; porcelain,"porcelain, with coral-red glaze",,H. 17 cm,LARGE SOUTH ROOMS,Qing,,,"SIR PERCIVAL DAVID, BT., London",,private,"London, U.K.",,,
2716,PAIR OF WATER-POTS,set,Ceramics,porcelain,ceramics; porcelain,"egg-shaped, porcelain, with coral red glaze",,H. 6.5 cm,LARGE SOUTH ROOMS,Qing,,,"MADAME MAURICE SOLVAY, Paris",,private,"Paris, France",,,
2717,JUG,item,Ceramics,porcelain,ceramics; porcelain(enamelled),"with mouth in the form of a monk's hat, porcelain, with coral-red enamel",,H. 18.5 in,LARGE SOUTH ROOMS,Qing,,,"MADAME MAURICE SOLVAY, Paris",,private,"Paris, France",,,
2718,VASE,item,Ceramics,porcelain,ceramics; porcelain,"of baluster shape, porcelain, with coral-red glaze",,H. 20 cm,LARGE SOUTH ROOMS,Qing,,,"MADAME MAURICE SOLVAY, Paris",,private,"Paris, France",,,
2719,BOTTLE,item,Ceramics,porcelain,ceramics; porcelain,"porcelain, with lustrous coral-red glaze",,H. 13.5 cm,LARGE SOUTH ROOMS,Qing,,,"MADAME MAURICE SOLVAY, Paris",,private,"Paris, France",,,
2720,PAIR OF BOWLS,set,Ceramics,porcelain,ceramics; porcelain,with yellow glaze,Marks of Chia-ching and Wan-li periods,Di. 18 cm,LARGE SOUTH ROOMS,Ming,,,"SIR PERCIVAL DAVID, BT., London",,private,"London, U.K.",,,
2721,PAIR OF DISHES,set,Ceramics,porcelain,ceramics; porcelain,flower form with incised decoration under a yellow glaze,Mark of Kangxi,,LARGE SOUTH ROOMS,Qing,,,"SIR PERCIVAL DAVID, BT., London",,private,"London, U.K.",yes,,
2722,VASE AND COVER,item,Ceramics,porcelain,ceramics; porcelain,"porcelain, with yellow glaze",,H. 25 cm,LARGE SOUTH ROOMS,Qing,,,"SIR PERCIVAL DAVID, BT., London",,private,"London, U.K.",yes,,
2723,PAIR OF CUPS,set,Ceramics,porcelain,ceramics; porcelain,with cream white glaze Ting type,,H. 4 cm,LARGE SOUTH ROOMS,Ming,,,THE CHINESE GOVERNMENT,,government,China,yes,,
2724,VASE (hsien-wên hu),item,Ceramics,porcelain,,"with bowstring fillets and crackled white glaze, clouds, bats and dragons in relief、",,H. 30.5 cm,LARGE SOUTH ROOMS,Qing,,,THE CHINESE GOVERNMENT,,government,China,,,
2725,BOTTLE,item,Ceramics,porcelain,ceramics; porcelain,with coiled dragon in relief under coral glaze,Blue enamel mark of Yongzheng period,H. 31 cm,LARGE SOUTH ROOMS,Qing,,,"S. D. WINKWORTH, Walton-on-the-Hill, Surrey",,private,"Surrey, U.K.",yes,,
2726,BEAKER (ku),item,Ceramics,porcelain,ceramics; porcelain,"white ""soft paste"" porcelain, with bronze ornament",Seal mark of Qianlong period,24.8 cm,LARGE SOUTH ROOMS,Qing,,,THE CHINESE GOVERNMENT,,government,China,yes,,
2727,Painting in colour on paper,item,Paintings and Calligraphy,Scholar painting,plant derived materials; paper,"The Angler's Happiness, in the style of a Sung artist",,H. 30.4 cm. W. 30.6 cm,LARGE SOUTH ROOMS,Qing,,TING KUAN-P'ÊNG (18th century A.D.),THE CHINESE GOVERNMENT,,government,China,,,
2728,CARPET,item,Textile,Furnishings,textiles; wool,,,238.9 by 167.8 cm,LARGE SOUTH ROOMS,Ming,,,"BLUETT AND SONS, London",,private,"London, U.K.",,,
2729,BOTTLE,item,Glass,Containers; Bottle,glass,blue glass,,H. 37.5 cm,LARGE SOUTH ROOMS,Ming,,,THE BRITISH MUSEUM (Eumorfopoulos Collection),,museum,"London, U.K.",yes,,
2730,BOWL,item,Glass,Containers; Bowl,glass,"white glass, scrolling designs in gold",,Di. 24.8 cm,LARGE SOUTH ROOMS,Song,,,"THE ARTS AND CRAFTS MUSEUM, Gothenburg",,museum,"Gothenburg, Sweden",yes,,
2731,VASE,item,Glass,Furnishings(Vase),glass,white glass,,H. 13.3 cm,LARGE SOUTH ROOMS,Qing,,,"CAPTAIN A. T. WARRE, Hove",,private,"East Sussex, U.K.",,,
2732,BOWL,item,Glass,Containers; Bowl,glass,carved amber glass,Mark of Qianlong period,Di. 20.3 cm,LARGE SOUTH ROOMS,Qing,,,"S. D. WINKWORTH, Walton-on-the-Hill, Surrey",,private,"Surrey, U.K.",yes,,
2733,TWO-HANDLED CUP,set,Glass,Containers; Cup,glass,amethyst glass,Mark of Qianlong period,H. 6.2 cm. W. 13.5 cm,LARGE SOUTH ROOMS,Qing,,,"H. R. B. ABBEY, London",,private,"London, U.K.",yes,,
2734,JAR,item,Glass,Containers; Jar,glass,"glass, green on crushed ice ground",,H. 12.8 cm,LARGE SOUTH ROOMS,Qing,,,"H. R. B. ABBEY, London",,private,"London, U.K.",yes,,
2735,VASE,item,Glass,Furnishings(Vase),glass,blue glass,Mark of Yongzheng period,H. 22.3 cm,LARGE SOUTH ROOMS,Qing,,,"H. R. B. ABBEY, London",,private,"London, U.K.",yes,,
2736,BOWL,item,Glass,Containers; Bowl,glass,"glass, ruby on crushed ice ground",,Di. 12.5 cm,LARGE SOUTH ROOMS,Qing,,,"CAPTAIN A. T. WARRE, Hove",,private,"East Sussex, U.K.",yes,,
2737&2765,DISH,set,Glass,Containers; Dish,glass,yellow glass,,Di. 30 cm,LARGE SOUTH ROOMS,Qing,,,"S. D. WINKWORTH, Walton-on-the-Hill, Surrey",,private,"Surrey, U.K.",yes 2765,,
2738,SHALLOW BOWL,item,Glass,Containers; Bowl,glass,blue glass,,Di. 24.5 cm,LARGE SOUTH ROOMS,Song,,,THE BRITISH MUSEUM (Eumorfopoulos Collection),,museum,"London, U.K.",,,
2739,BEAKER,item,Glass,Containers; Beaker,glass,glass,,H. 36.2 cm,LARGE SOUTH ROOMS,Qing,,,THE BRITISH MUSEUM (Eumorfopoulos Collection),,museum,"London, U.K.",yes,,
2740,DISH,item,Glass,Containers; Dish,glass,blue glass,,W. 23.5 cm,LARGE SOUTH ROOMS,Song,,,"THE GEMEENTE MUSEUM, The Hague, Holland",,museum,"The Hague, Netherlands",,,
2741,TRIPOD INCENSE BURNER(),item,Glass,Furnishings; Burner,glass,blue glass,Mark of Qianlong,H. 6.8 cm. D. 11.2 cm,LARGE SOUTH ROOMS,Qing,,,"H. R. B. ABBEY, London",,private,"London, U.K.",,,
2742,COSMETIC POT(),item,Glass,Containers; Pot,glass,yellow glass,,H. 5.5 cm. Di. 6.8 cm,LARGE SOUTH ROOMS,Qing,,,"CAPTAIN A. T. WARRE, Hove",,private,"East Sussex, U.K.",,,
2743,INCENSE BURNER AND TWO PRICKET CANDLE-STICKS,set,Glass,Furnishings; Burner,glass,"glass, Part of an altar set",,"Incense burner: H. 21.6 cm, Candlesticks: H. 24.5 and 24.7 cm",LARGE SOUTH ROOMS,Qing,,,"H. R. B. ABBEY, London",,private,"London, U.K.",yes,,
2744,EGG,item,Glass,Containers; Cup,glass,glass,,L. 6.2 cm,LARGE SOUTH ROOMS,Qing,,,"CAPTAIN A. T. WARRE, Hove",,private,"East Sussex, U.K.",,,
2745,LIBATION CUP /,item,Glass,Containers; Cup,glass,yellow glass,,H. 7.7 cm. L. 13.2 cm,LARGE SOUTH ROOMS,Qing,,,"CAPTAIN A. T. WARRE, Hove",,private,"East Sussex, U.K.",yes,,
2746,VASE,item,Glass,Furnishings(Vase),glass,"blue glass, with lobed body",,H. 30.3 cm,LARGE SOUTH ROOMS,Qing,,,"CAPTAIN A. T. WARRE, Hove",,private,"East Sussex, U.K.",,,
2747,BOWL,item,Glass,Containers; Bowl,glass,ruby red glass,,Di. 12 cm,LARGE SOUTH ROOMS,Qing,,,"CAPTAIN A. T. WARRE, Hove",,private,"East Sussex, U.K.",yes,,
2748,BOWL,item,Glass,Containers; Bowl,glass,yellow glass,,Di. 17.6 cm,LARGE SOUTH ROOMS,Qing,,,"H. R. B. ABBEY, London",,private,"London, U.K.",yes,,
2749,INCENSE BURNER,item,Glass,Furnishings; Burner,glass,ruby glass,Mark of Qianlong period,H. 6.8 cm,LARGE SOUTH ROOMS,Qing,,,"H. R. B. ABBEY, London",,private,"London, U.K.",,,
2750,VASE,item,Glass,Furnishings(Vase),glass,"glass, red on crushed ice ground",,H. 23.2 cm,LARGE SOUTH ROOMS,Qing,,,"CAPTAIN A. T. WARRE, Hove",,private,"East Sussex, U.K.",yes,,
2751,VASE,item,Glass,Furnishings(Vase),glass,"glass, celadon colour",,H. 22.4 cm,LARGE SOUTH ROOMS,Qing,,,"CAPTAIN A. T. WARRE, Hove",,private,"East Sussex, U.K.",,,
2752,VASE,item,Glass,Furnishings(Vase),glass,glass,,H. 14.3 cm,LARGE SOUTH ROOMS,Qing,,,"CAPTAIN A. T. WARRE, Hove",,private,"East Sussex, U.K.",yes,,
2753,VASE,item,Glass,Furnishings(Vase),glass,yellow glass,,H. 16.4 cm,LARGE SOUTH ROOMS,Qing,,,"CAPTAIN A. T. WARRE, Hove",,private,"East Sussex, U.K.",yes,,
2754,BOWL,item,Glass,Containers; Bowl,glass,pale-green glass,,Di. 14.5 cm,LARGE SOUTH ROOMS,Qing,,,"CAPTAIN A. T. WARRE, Hove",,private,"East Sussex, U.K.",,,
2755,BOTTLE,item,Glass,Containers; Bottle,glass,opaque pale green glass,Mark of Qianlong period,H. 20.2 cm,LARGE SOUTH ROOMS,Qing,,,"H. R. B. ABBEY, London",,private,"London, U.K.",,,
2756,BOX AND COVER,item,Glass,Containers; Box,glass,amber glass,Mark of Qianlong period,H. 8 cm. Di. 13.4 cm,LARGE SOUTH ROOMS,Qing,,,"S. D. WINKWORTH, Walton-on-the-Hill, Surrey",,private,"Surrey, U.K.",yes,,
2757,VASE,item,Glass,Furnishings(Vase),glass,"glass, red on crushed ice ground",,H. 35 cm,LARGE SOUTH ROOMS,Qing,,,"H. R. B. ABBEY, London",,private,"London, U.K.",yes,,
2758,VASE,item,Glass,Furnishings(Vase),glass,amber glass,,H. 16.1 cm,LARGE SOUTH ROOMS,Qing,,,"S. D. WINKWORTH, Walton-on-the-Hill, Surrey",,private,"Surrey, U.K.",yes,,
2759,BOTTLE,item,Glass,Containers; Bottle,glass,"blue glass, with peach panels",,H. 32.8 cm,LARGE SOUTH ROOMS,Ming,,,THE BRITISH MUSEUM (Eumorfopoulos Collection),,museum,"London, U.K.",yes,,
2759A,VASE,,Glass,Furnishings(Vase),glass,"glass, with spiral flutings",,H. 27 cm,LARGE SOUTH ROOMS,Ming,,,THE BRITISH MUSEUM (Eumorfopoulos Collection),,museum,"London, U.K.",yes,,
2759B,KUAN-YIN,,Glass,Sculptures(figure),glass,glass,,H. 15 cm,LARGE SOUTH ROOMS,Ming,,,THE BRITISH MUSEUM (Eumorfopoulos Collection),,museum,"London, U.K.",yes,,
2759C,BOWL,,Glass,Containers; Bowl,glass,"glass, with engraved patterns",,Di. 27 cm,LARGE SOUTH ROOMS,Ming,,,THE BRITISH MUSEUM (Eumorfopoulos Collection),,museum,"London, U.K.",yes,,
2760,FLUTED BOWL,item,Glass,Containers; Bowl,glass,purple glass,,H. 5.5 cm. Di. 10.4 cm,LARGE SOUTH ROOMS,Ming,,,THE BRITISH MUSEUM (Eumorfopoulos Collection),,museum,"London, U.K.",yes,,
2761,BOWL,item,Glass,Containers; Bowl,glass,"glass, imitating realgar",,L. 21cm,LARGE SOUTH ROOMS,Qing,,,"H. R. B. ABBEY, London",,private,"London, U.K.",yes,,
2762,BOTTLE,item,Glass,Containers; Bottle,glass,light blue glass,Mark of Qianlong period,H. 20.1 cm,LARGE SOUTH ROOMS,Qing,,,"H. R. B. ABBEY, London",,private,"London, U.K.",,,
2763,PILGRIM BOTTLE,item,Glass,Containers; Bottle,glass,rose-coloured glass,,H. 20 cm,LARGE SOUTH ROOMS,Qing,,,"S. D. WINKWORTH, Walton-on-the-Hill, Surrey",,private,"Surrey, U.K.",,,
2764,VASE,item,Glass,Furnishings(Vase),glass,yellowish glass,,H. 25.2 cm,LARGE SOUTH ROOMS,Qing,,,"CAPTAIN A. T. WARRE, Hove",,private,"East Sussex, U.K.",,,
2737&2765,DISH,,Glass,Containers; Dish,glass,yellow glass,,Di. 30 cm,LARGE SOUTH ROOMS,Qing,,,"S. D. WINKWORTH, Walton-on-the-Hill, Surrey",,private,"Surrey, U.K.",yes 2765,,
2766,VASE AND COVER,item,Ceramics,porcelain,enamel,with panels of landscape in green enamel ground,,H. 38 cm,LARGE SOUTH ROOMS,Qing,,,"SIR HERBERT HUGHES-STANTON, R.A., London",,private,"London, U.K.",yes,,
2767,Painting in colour on paper,item,Paintings and Calligraphy,Landscape,plant derived materials; paper,Rainy Landscape,,H. 29.6 cm. W. 36.7 cm,LARGE SOUTH ROOMS,Qing,,HSÜ YANG (18th century A.D.),THE CHINESE GOVERNMENT,,government,China,,,
2768,VASE,item,Jade,Ornamental Objects,gemstones; jade,"supported on each side by a phœnix, white jade",,H. 25 cm,LARGE SOUTH ROOMS,Ming,,,"PROFESSOR J. N. COLLIE, London",,private,"London, U.K.",,,
2769,STAND for a table screen,item,Jade,Utilitarian Objects,gemstones; jade,"for a table screen, grey jade",,L. 15.7 cm,LARGE SOUTH ROOMS,Ming,,,THE CHINESE GOVERNMENT,,government,China,,,
2770,TABLE SCREEN,item,Jade,Utilitarian Objects,gemstones; jade,moss-green jade,,H. 33 cm. W. 25.4 cm,LARGE SOUTH ROOMS,Qing,,,"R. C. BRUCE, London",,private,"London, U.K.",yes,,
2771,VASE,item,Jade,Ornamental Objects,gemstones; jade,"jade, in the form of a basket",,H. 7.5 cm,LARGE SOUTH ROOMS,Song,,,"F. SCHILLER, Betchworth, Surrey",,private,"Surrey, U.K.",,,
2772,MYTHICAL HORSE ON WAVES,item,Jade,Sculpture,gemstones; jade,brown and white jade,,H. 14.6 cm. L. 20 cm,LARGE SOUTH ROOMS,Ming,,,"MAJOR-GENERAL SIR NEILL MALCOLM, K.C.B., D.S.O., London",,private,"London, U.K.",yes,,
2773,ROCK  with figures,item,Jade,Sculpture,gemstones; jade,white jade,,H. 27 cm,LARGE SOUTH ROOMS,Qing,,,"SIR JOHN BUCHANAN-JARDINE, BT., London",,private,"London, U.K.",yes,,
2774,KUEI (symbolic tablet),item,Jade,Ceremonial Objects,gemstones; jade,"jade, With box container carved with dragons of the Ch'ien-lung period",,L. 12.1 cm,LARGE SOUTH ROOMS,Qin and Han,,,THE CHINESE GOVERNMENT,,government,China,,,
2775,HUANG (symbol of the North),item,Jade,Ceremonial Objects,gemstones; jade,"jade, With a wooden stand bearing an Imperial inscription of the Ch'ien-lung period",,L. 17.8 cm. W. 6 cm,LARGE SOUTH ROOMS,Qin and Han,,,THE CHINESE GOVERNMENT,,government,China,,,
2776,PI (ritual disk),item,Jade,Ceremonial Objects,gemstones; jade,"with Ch'ien-lung inscription in Seal characters, mounted in carved wooden stand",,Di. 13.8 cm,LARGE SOUTH ROOMS,Qin and Han,,,THE CHINESE GOVERNMENT,,government,China,yes,,
2777,THREE PIECES OF JADE,set,Jade,Ceremonial Objects,gemstones; jade,Contained in a circular box with a jade ring on cover,"inscribed, and containing three small albums of Imperial calligraphy of the Chia-ch'ing period","A pi with dragon, Di. 4.8 cm. a pi, Di. 4.6 cm. a ring, Di. 4.5",LARGE SOUTH ROOMS,Qin and Han,,,THE CHINESE GOVERNMENT,,government,China,,,
2778,CHI (funerary charm),item,Jade,Ceremonial Objects,gemstones; jade,"jade, With carved red lacquer box",,Di. 5.3 cm,LARGE SOUTH ROOMS,Qin and Han,,,THE CHINESE GOVERNMENT,,government,China,,,
2779,CEREMONIAL AXE (ch'i),item,Jade,Ceremonial Objects,gemstones; jade,,,L. 23.2 cm. W. 14 cm,LARGE SOUTH ROOMS,Song,,,THE CHINESE GOVERNMENT,,government,China,,,
2780,RITUAL OBJECT,item,Jade,Ceremonial Objects,gemstones; jade,"jade, With a wooden stand bearing an Imperial inscription of the Ch'ien-lung period",inscription of the Qianlong period,L. 21 cm,LARGE SOUTH ROOMS,Sui and Tang,,,THE CHINESE GOVERNMENT,,government,China,,,
2781,GOOSE AMULET,item,Jade,Sculpture,gemstones; jade,jade,,H. 4.1 cm. 5.6 cm,LARGE SOUTH ROOMS,Song,,,THE CHINESE GOVERNMENT,,government,China,,,
2782,ELEPHANT,item,Jade,Sculpture,gemstones; jade,grey jade,,H. 14.5 cm. L. 22 cm,LARGE SOUTH ROOMS,Qing,,,"OSCAR RAPHAEL, London",,private,"London, U.K.",yes,,
2783,MOON-FROG,item,Jade,Sculpture,gemstones; jade,dark green jade,,H. 4.6 cm. L. 11.8 cm,LARGE SOUTH ROOMS,Ming,,,"MUSÉE GUIMET, Paris",,private,"Paris, France",yes,,
2784,PI (ritual disk),item,Jade,Ceremonial Objects,gemstones; jade,"jade, Carved with dragons in relief",,Di.20 cm,LARGE SOUTH ROOMS,Qing,,,"R. C. BRUCE, London",,private,"London, U.K.",yes,,
2785,ROCK,item,Jade,Sculpture,gemstones; jade,"in the form of the ""Little Orphan,"" an island in the Yangtze River, green jade",,H. 21 cm,LARGE SOUTH ROOMS,Qing,,,"MISS H. B. IONIDES, London",,private,"London, U.K.",yes,,
2786,BOOK,item,Jade,Ornamental Objects,gemstones; jade,"green jade leaves, slate box""""/",,L. 24.2 cm. W. 9 cm,LARGE SOUTH ROOMS,Qing,,,"MR. AND MRS. A. CHESTER BEATTY, London",,private,"London, U.K.",,,
2787,MILL for grinding Imperial tea,item,Jade,Utilitarian Objects,gemstones; jade,"Two pieces, upper and lower mill stones, Green jade",,H. 14 cm. Di. 28.2 cm,LARGE SOUTH ROOMS,Qing,,,"OSCAR RAPHAEL, London",,private,"London, U.K.",yes,,
2788,BRUSH HOLDER (shih shih ts'ang-shu),item,Jade,Utilitarian Objects,gemstones; jade,"carved with landscapes and figures, dark green jade, Ch'ing Dynasty, With an Imperial inscription of the Ch'ien-lung period",,H. 16 cm. D. 14.7 cm,LARGE SOUTH ROOMS,Qing,,,THE CHINESE GOVERNMENT,,government,China,,,
2789,CUP,item,Jade,Utilitarian Objects,gemstones; jade,"in the form of a half-melon, jade",,H. 61.1 cm. L. 19.2 cm,LARGE SOUTH ROOMS,Qing,,,"JOHN WARRACK, LL.D., Edinburgh",,private,"Edinburgh, U.K.",yes,,
2790,CANDLESTICK,item,Jade,Utilitarian Objects,gemstones; jade,"of Islamic design with Arabic inscription, green jade",,H. 9.5 cm,LARGE SOUTH ROOMS,Ming,,,"MR. AND MRS. EDWARD SONNENSCHEIN, Glencoe, Ill.",,private,"Illinois, U.S.A.",yes,,
2791,VASE (ku),item,Jade,Ornamental Objects,gemstones; jade,"of archaic bronze form, green jade",,H. 38 cm,LARGE SOUTH ROOMS,Qing,,,"CAPTAIN JOHN BALL, London",,private,"London, U.K.",yes,,
2792,CUP with handle,item,Jade,Utilitarian Objects,gemstones; jade,jade,,H. 3 cm. L. 9.4 cm,LARGE SOUTH ROOMS,Ming,,,THE BRITISH MUSEUM (Eumorfopoulos Collection),,museum,"London, U.K.",yes,,
2793,INCENSE BURNER,item,Jade,Utilitarian Objects,gemstones; jade,jade,,H. 8.2 cm. W. 21.5 cm,LARGE SOUTH ROOMS,Ming,,,THE BRITISH MUSEUM (Eumorfopoulos Collection),,museum,"London, U.K.",yes,,
2794,BRUSH HOLDER,item,Jade,Utilitarian Objects,gemstones; jade,"carved with figures and landscapes, dark green jade",,H. 17.4 cm,LARGE SOUTH ROOMS,Qing,,,"From the Collection of the late LORD NAPIER OF MAGDALA, London",,private,"London, U.K.",yes,,
2795,CUP,item,Jade,Utilitarian Objects,gemstones; jade,"with one handle, jade",,H. 12.4 cm,LARGE SOUTH ROOMS,Song,,,THE CHINESE GOVERNMENT,,government,China,yes,,
2796,HUANG (symbol of the North),item,Jade,Ceremonial Objects,gemstones; jade,,,L. 12.4 cm. W. 3.7 cm,LARGE SOUTH ROOMS,Warring States,,,THE CHINESE GOVERNMENT,,government,China,,,
2797,THREE PIECES OF JADE,set,Jade,Ornamental Objects,gemstones; jade,Fitted together to form a round box,,"a pi, Di. 6.9 cm. a ring, Di. 8 cm. a fish, L. 5.5 cm",LARGE SOUTH ROOMS,Qin and Han,,,THE CHINESE GOVERNMENT,,government,China,yes,,
2798,TSUNG (ritual emblem),item,Jade,Ceremonial Objects,gemstones; jade,brown and white jade,,W. 5.3 cm,LARGE SOUTH ROOMS,Qin and Han,,,THE CHINESE GOVERNMENT,,government,China,,,
2799,SEAL,item,Stones and Minerals,Scholar's objects,stones; stone ( Ch'ing t'ien ),"Ch'ing t'ien stone, With a brocade case, contained in a wooden box",,H. 15.2 cm. W. 13.2 cm,LARGE SOUTH ROOMS,Qing,,,THE CHINESE GOVERNMENT,,government,China,yes,,
2800,TWO THUMB-RINGS,set,Jade,Utilitarian Objects,gemstones; jade,one of white and one of green jade,,Di. 3.1 cm,LARGE SOUTH ROOMS,Qing,,,THE CHINESE GOVERNMENT,,government,China,,,
2801,KNIFE,item,Jade,Utilitarian Objects,gemstones; jade,jade,,L. 23.5 cm,LARGE SOUTH ROOMS,Song,,,THE CHINESE GOVERNMENT,,government,China,,,
2802,CHARM,item,Jade,Ornamental Objects,gemstones; jade,"jade, With a lacquer box",,Di. 5.2 cm,LARGE SOUTH ROOMS,Song,,,THE CHINESE GOVERNMENT,,government,China,,,
2803,PI HSIEH (fabulous animal),item,Jade,Ceremonial Objects,gemstones; jade,jade,On the chest is cut an Imperial inscription of the Qianlong period,H. 9.6cm. L. 13 cm,LARGE SOUTH ROOMS,Sui and Tang,,,THE CHINESE GOVERNMENT,,government,China,yes,,
2804,CUP,item,Jade,Utilitarian Objects,gemstones; jade,"decorated with two dragons, jade",With a wooden stand and teak box bearing an Imperial inscription of the Qianlong period,H. 5.6 cm,LARGE SOUTH ROOMS,Song,,,THE CHINESE GOVERNMENT,,government,China,,,
2805,CASKET AND COVER,item,Jade,Utilitarian Objects,gemstones; jade,green jade,,L. 16.2 cm,LARGE SOUTH ROOMS,Qing,,,THE CHINESE GOVERNMENT,,government,China,yes,,
2806,SHALLOW BOWL,item,Jade,Utilitarian Objects,gemstones; jade,"with six lion heads and rings, dark green jade",,W. 49.8 cm,LARGE SOUTH ROOMS,Qing,,,"From the Collection of the late LORD NAPIER OF MAGDALA, London",,private,"London, U.K.",yes,,
2807,BRUSH WASHER,item,Jade,Utilitarian Objects,gemstones; jade,green jade,,L. 16.5 cm,LARGE SOUTH ROOMS,Ming,,,THE CHINESE GOVERNMENT,,government,China,,,
2808,DOUBLE BOWL,item,Jade,Utilitarian Objects,gemstones; jade,white jade,,H. 5.1 cm. W. 29.9 cm,LARGE SOUTH ROOMS,Qing,,,"R. C. BRUCE, London",,private,"London, U.K.",yes,,
2809,BOWL,item,Jade,Utilitarian Objects,gemstones; jade,"with bat and ring handles, white jade",,W. 33.5 cm,LARGE SOUTH ROOMS,Qing,,,"SIR JOHN BUCHANAN-JARDINE, BT., London",,private,"London, U.K.",yes,,
2810,INCENSE BURNER,item,Jade,Utilitarian Objects,gemstones; jade,jade,,L. 18.6 cm,LARGE SOUTH ROOMS,Qing,,,THE CHINESE GOVERNMENT,,government,China,,,
2811&2879,PANEL,set,Textile,Furnishings,textiles; silk,"embroidered blue silk, Companion piece to No. 2879",,74.9 by 111.8 cm,LARGE SOUTH ROOMS,Qing,,,"MISS JOAN EVANS, London",,private,"London, U.K.",yes,,
2812,Scroll painting in ink on silk,item,Paintings and Calligraphy,Landscape,textiles; silk,Landscape,,H. 30 cm. W. 205 cm,LARGE SOUTH ROOMS,Ming,,HSIEH SHIH-CH'ÊN (A.D. 1488-1547),"THE GERMAN STATE MUSEUMS, Berlin",,museum,"Berlin, Germany",yes,,
2813,CARPET,item,Textile,Furnishings,textiles; silk,silk,,540 by 120 cm,LARGE SOUTH ROOMS,Qing,,,Lent ANONYMOUSLY,,private,,,,
2814,VASE AND COVER,item,Jade,Ornamental Objects,gemstones; jade,"with animal handles and rings, dark green jade",,H. 28.5 cm,LARGE SOUTH ROOMS,Qing,,,"SIR JOHN BUCHANAN-JARDINE, BT., London",,private,"London, U.K.",yes,,
2815,FIGURE OF SHOU LAO (God of Longevity),item,Jade,Sculpture,gemstones; jade,"with his emblems, jade",,H. 27.9 cm,LARGE SOUTH ROOMS,Ming,,,"OSCAR RAPHAEL, London",,private,"London, U.K.",yes,,
2816,DOUBLE INCENSE-STICK HOLDER,item,Jade,Utilitarian Objects,gemstones; jade,green jade,,H. 19.7 cm,LARGE SOUTH ROOMS,Qing,,,"MRS. EMMA JOSEPH, London",,private,"London, U.K.",yes,,
2817,WINE CUP,item,Jade,Utilitarian Objects,gemstones; jade,"carved with dragons, jade,",Inside the rim an Imperial inscription of the Qianlong period,H. 14.5 cm,LARGE SOUTH ROOMS,Song,,,THE CHINESE GOVERNMENT,,government,China,,,
2818,CUP AND SAUCER,set,Jade,Utilitarian Objects,gemstones; jade,white jade,Mark and period of Kangxi,H. 7.5 cm,LARGE SOUTH ROOMS,Qing,,,"MISS H. L. IONIDES, London",,private,"London, U.K.",,,
2819,STEM CUP,item,Jade,Utilitarian Objects,gemstones; jade,translucent jade,,H. 10.7 cm,LARGE SOUTH ROOMS,Ming,,,"MR. & MRS. ALFRED CLARK, Iver Heath, Bucks",,private,"Buckinghamshire, U.K.",,,
2820,CUP,item,Jade,Utilitarian Objects,gemstones; jade,jade,,H. 2.5 cm. L. 8.9 cm,LARGE SOUTH ROOMS,Qing,,,THE CHINESE GOVERNMENT,,government,China,,,
2821,LION,item,Jade,Sculpture,gemstones; jade,green jade,,H. 15.3 cm. L. 19.8 cm,LARGE SOUTH ROOMS,Qing,,,"R. C. BRUCE, London",,private,"London, U.K.",yes,,
2822,BOWL,item,Jade,Utilitarian Objects,gemstones; jade,jade,,Di. 13.6 cm,LARGE SOUTH ROOMS,Qing,,,THE CHINESE GOVERNMENT,,government,China,,,
2823,STEM-CUP,item,Jade,Utilitarian Objects,gemstones; jade,grey jade,,Di. 12.5 cm,LARGE SOUTH ROOMS,Ming,,,"MAJOR-GENERAL SIR NEILL MALCOLM, K.C.B., D.S.O., London",,private,"London, U.K.",yes,,
2824,BRUSH WASHER,item,Jade,Utilitarian Objects,gemstones; jade,"with figures of five children, jade",Mark of the Qianlong period,L. 10.7 cm,LARGE SOUTH ROOMS,Qing,,,THE CHINESE GOVERNMENT,,government,China,yes,,
2825,BRUSH HOLDER,item,Jade,Utilitarian Objects,gemstones; jade,jade,,H. 15.6 cm,LARGE SOUTH ROOMS,Ming,,,THE CHINESE GOVERNMENT,,government,China,yes,,
2826,SEAL,item,Jade,Utilitarian Objects,gemstones; jade,"dark green jade, made for the Emperor Ch'ien-lung's eightieth birthday",,H. 9.5 cm. W. 11.3 cm,LARGE SOUTH ROOMS,Qing,,,"R. C. BRUCE, London",,private,"London, U.K.",yes,,
2827,VASE AND COVER,item,Jade,Utilitarian Objects,gemstones; jade,white jade,,H. 26 cm,LARGE SOUTH ROOMS,Qing,,,"DR. H. G. BUTTERFIELD, London",,private,"London, U.K.",yes,,
2828,TEA POT,item,Jade,Utilitarian Objects,gemstones; jade,jade,Inscribed: "For Imperial use in the Chia-ch'ing period",H. 11.2 cm,LARGE SOUTH ROOMS,Qing,,,THE CHINESE GOVERNMENT,,government,China,yes,,
2829,INCENSE BURNER AND COVER,item,Jade,Utilitarian Objects,gemstones; jade,"dark green jade, in the form of a Ming bronze",,H. 23.6 cm. W. 24.2 cm,LARGE SOUTH ROOMS,Qing,,,"SIR JOHN BUCHANAN-JARDINE, BT., London",,private,"London, U.K.",yes,,
2830,CASKET AND COVER,item,Jade,Utilitarian Objects,gemstones; jade,"jade, in bronze form",,H. 10.6 cm. W. 14.4 cm,LARGE SOUTH ROOMS,Qing,,,"SIR JOHN BUCHANAN-JARDINE, BT., London",,private,"London, U.K.",yes,,
2831,WINE VESSEL,item,Jade,Utilitarian Objects,gemstones; jade,"in the form of a vase on the back of a ch'i lin, jade, With a wooden stand",Mark of the Qianlong period,H. 22.1 cm,LARGE SOUTH ROOMS,Qing,,,THE CHINESE GOVERNMENT,,government,China,yes,,
2832,VASE,item,Jade,Ornamental Objects,gemstones; jade,"in the form of a magnolia, white jade",,H. 14 cm,LARGE SOUTH ROOMS,Qing,,,"SIR JOHN BUCHANAN-JARDINE, BT., London",,private,"London, U.K.",,,
2833,FAN,item,fan,Painting(fan),gemstones; jade,"jade, with red silk tassel, Imperial poem of the Ch'ien-lung period, landscape on reverse",,H. 27 cm,LARGE SOUTH ROOMS,Qing,,,"OSCAR RAPHAEL, London",,private,"London, U.K.",,,
2834,SHALLOW BOWL,item,Jade,Utilitarian Objects,gemstones; jade,"of chrysanthemum design with two butterflies and ring handles, green jade",Mark and period of Qianlong,Di. 35.1 cm,LARGE SOUTH ROOMS,Qing,,,THE CHINESE GOVERNMENT,,government,China,,,
2835,KUANG (wine vessel),item,Jade,Utilitarian Objects,gemstones; jade,white jade,Mark of Qianlong period,H. 11.5 cm. L. 19 cm,LARGE SOUTH ROOMS,Qing,,,THE CHINESE GOVERNMENT,,government,China,yes,,
2836,VASE AND COVER,item,Jade,Utilitarian Objects,gemstones; jade,jade,,H. 18.9 cm,LARGE SOUTH ROOMS,Qing,,,THE CHINESE GOVERNMENT,,government,China,yes,,
2837,TABLE SCREEN,item,Jade,Utilitarian Objects,gemstones; jade,"jade plaque set in wood, decorated with inlaid mother-of-pearl",,H. 48.8 cm. W. 31.2 cm,LARGE SOUTH ROOMS,Qing,,,"OSCAR RAPHAEL, London",,private,"London, U.K.",yes,,
2838,PAIR OF VASES,set,Jade,Ornamental Objects,gemstones; jade,jade,,H. 27 cm,LARGE SOUTH ROOMS,Qing,,,"A. BAUR, Geneva",,private,"Geneva, Switzerland",,,
2839,VASE AND COVER,item,Jade,Ornamental Objects,gemstones; jade,jade,,H. 27.9 cm,LARGE SOUTH ROOMS,Qing,,,"SIR JOHN BUCHANAN-JARDINE, BT., London",,private,"London, U.K.",yes,,
2840,VASE AND COVER,item,Jade,Ornamental Objects,gemstones; jade,"with Ch'ien-lung reign mark, jade",,H. 13.2 cm,LARGE SOUTH ROOMS,Qing,,,THE CHINESE GOVERNMENT,,government,China,,,
2841,PAIR OF CUPS,set,Jade,Utilitarian Objects,gemstones; jade,jade,incised inside with a Qianlong inscription,H. 7.8 cm,LARGE SOUTH ROOMS,Qing,,,THE CHINESE GOVERNMENT,,government,China,,,
2842,QUADRANGULAR BOWL,item,Jade,Utilitarian Objects,gemstones; jade,white jade,,H. 7.2 cm. W. 12.5 cm,LARGE SOUTH ROOMS,Qing,,,"SIR JOHN BUCHANAN-JARDINE, BT., London",,private,"London, U.K.",yes,,
2843,PAIR OF PLATES,set,Jade,Utilitarian Objects,gemstones; jade,jade,,Di. 12.9 cm,LARGE SOUTH ROOMS,Qing,,,"OSCAR RAPHAEL, London",,private,"London, U.K.",,,
2844,TEA BOWL AND COVER,item,Jade,Utilitarian Objects,gemstones; jade,jade,,Di. 11.7 cm,LARGE SOUTH ROOMS,Qing,,,"OSCAR RAPHAEL, London",,private,"London, U.K.",,,
2845,TEA BOWLS AND COVERS,item,Jade,Utilitarian Objects,gemstones; jade,emerald-green jade,,Di. 9.5 cm,LARGE SOUTH ROOMS,Qing,,,"R. C. BRUCE, London",,private,"London, U.K.",,,
2846,TEA BOWL AND COVER,item,Jade,Utilitarian Objects,gemstones; jade,green jade,,Di. 11.8 cm,LARGE SOUTH ROOMS,Qing,,,THE CHINESE GOVERNMENT,,government,China,,,
2847,TABLE SCREEN,item,Jade,Utilitarian Objects,gemstones; jade,bright green jade,,H. 21.6 cm. W. 15.2 cm,LARGE SOUTH ROOMS,Qing,,,THE CHINESE GOVERNMENT,,government,China,yes,,
2848,SAUCER,item,Jade,Utilitarian Objects,gemstones; jade,jade,,Di. 8.5 cm,LARGE SOUTH ROOMS,Qing,,,"OSCAR RAPHAEL, London",,private,"London, U.K.",,,
2849,THREE SEALS,set,Jade,Utilitarian Objects,gemstones; jade,"connected by chains, unique jade",,L. 3.5 cm. 2.6 cm.2.7 cm,LARGE SOUTH ROOMS,Qing,,,THE CHINESE GOVERNMENT,,government,China,yes,,
2850,TEA BOWL AND COVER,item,Jade,Utilitarian Objects,gemstones; jade,emerald-green jade,,Di. 11.5 cm,LARGE SOUTH ROOMS,Qing,,,"SIR JOHN BUCHANAN-JARDINE, BT., London",,private,"London, U.K.",,,
2851,CIRCULAR BOX AND COVER and globular box and cover,set,Jade,Utilitarian Objects,gemstones; jade,"jade, Contained in a gold case in the shape of two peaches",,1. Di. 5.1 cm. 2. Di. 3.2 cm,LARGE SOUTH ROOMS,Qing,,,THE CHINESE GOVERNMENT,,government,China,yes,,
2852,PAIR OF OBLONG PENDANTS,set,Jade,Ornamental Objects,gemstones; jade,"white jade, With a wooden stand",,H. 7.8 cm,LARGE SOUTH ROOMS,Qing,,,THE CHINESE GOVERNMENT,,government,China,yes,,
2853,PAIR OF BOWLS,set,Jade,Utilitarian Objects,gemstones; jade,white jade,,H. 7.5 cm Di. 16.7 cm,LARGE SOUTH ROOMS,Qing,,,"OSCAR RAPHAEL, London",,private,"London, U.K.",,,
2854,CEREMONIAL SET OF EIGHT PIECES,set,Jade,Ornamental Objects,gemstones; jade,"pure white jade, Made for the Emperor Hui Tsung, Container box",inscribed in minute calligraphy with early poems and a sutra,37 by 26 cm,LARGE SOUTH ROOMS,Song,,,"OSCAR RAPHAEL, London",,private,"London, U.K.",,,
2855,BRUSH HOLDER,item,Jade,Utilitarian Objects,gemstones; jade,"dark green jade, carved with landscapes and figures",,H. 15 cm,LARGE SOUTH ROOMS,Qing,,,"SIR J. BUCHANAN-JARDINE, BT., London",,private,"London, U.K.",yes,,
2856,JADE PENDANT,item,Jade,Ornamental Objects,gemstones; jade,with feather,,L. 23 cm,LARGE SOUTH ROOMS,Qing,,,"SIR PERCIVAL DAVID, BT., London",,private,"London, U.K.",,,
2857,BRUSH HOLDER,item,Jade,Utilitarian Objects,gemstones; jade,white jade,,H. 20 cm. Di. 17.7 cm,LARGE SOUTH ROOMS,Qing,,,"R. C. BRUCE, London",,private,"London, U.K.",yes,,
2858,INCENSE BURNER AND COVER,item,Jade,Utilitarian Objects,gemstones; jade,dark green jade,,H. 16.2 cm. W. 21 cm,LARGE SOUTH ROOMS,Qing,,,"SIR JOHN BUCHANAN-JARDINE, BT., London",,private,"London, U.K.",yes,,
2859,PAIR OF TABLE SCREENS,set,Jade,Utilitarian Objects,gemstones; jade,jade in cloisonné enamel frame,,H. 24.1 cm. W. 13.9 cm,LARGE SOUTH ROOMS,Qing,,,"SIR JOHN BUCHANAN-JARDINE, BT., London",,private,"London, U.K.",,,
2860,SEATED LOHAN HOLDING A BOOK,item,Jade,Sculpture,gemstones; jade,green jade,,H. 24 cm,LARGE SOUTH ROOMS,Ming,,,"MR. AND MRS. EDWARD SONNENSCHEIN, Glencoe, Ill.",,private,"Illinois, U.S.A.",yes,,
2861,WINE CUP,item,Jade,Utilitarian Objects,gemstones; jade,"carved with dragons, jade",,H. 18 cm,LARGE SOUTH ROOMS,Ming,,,THE CHINESE GOVERNMENT,,government,China,yes,,
2862,BRUSH-HOLDER,item,Jade,Utilitarian Objects,gemstones; jade,pale green jade,,Di. 10.3 cm,LARGE SOUTH ROOMS,Song,,,"PROFESSOR J. N. COLLIE, London",,private,"London, U.K.",,,
2863,PAIR OF TEA BOWLS,set,Jade,Utilitarian Objects,gemstones; jade,"jade, With gilded silver saucers and covers",Mark and period of Chia-ch'ing,Di. 10.9 cm,LARGE SOUTH ROOMS,Qing,,,THE CHINESE GOVERNMENT,,government,China,yes,,
2864,DRAGON-HEADED HORSE (Lung-ma),item,Jade,Sculpture,gemstones; jade,"with the Books' of Knowledge, on the waves of the Yellow River, white jade",,L. 18.6 cm,LARGE SOUTH ROOMS,Qing,,,"OSCAR RAPHAEL, London",,private,"London, U.K.",yes,,
2865,BRUSH WASHER,item,Jade,Utilitarian Objects,gemstones; jade,"with dragon handle, jade",,H. 4.2 cm. L. 14.8 cm,LARGE SOUTH ROOMS,Qing,,,THE CHINESE GOVERNMENT,,government,China,yes,,
2866,SEAL VERMILION BOX AND COVER,item,Jade,Utilitarian Objects,gemstones; jade,bright green jade,,Di. 6.7 cm,LARGE SOUTH ROOMS,Qing,,,THE CHINESE GOVERNMENT,,government,China,,,
2867,MOUNTAIN,item,Jade,Sculpture,gemstones; jade,bright green jade,,H. 14 cm,LARGE SOUTH ROOMS,Qing,,,THE CHINESE GOVERNMENT,,government,China,,,
2868,WINE CUP,item,Jade,Utilitarian Objects,gemstones; jade,jade,,H. 12.2 cm,LARGE SOUTH ROOMS,Qing,,,THE CHINESE GOVERNMENT,,government,China,,,
2869,BOX AND COVER,item,Jade,Utilitarian Objects,gemstones; jade,"in peach form, jade",,W. 9.2 cm,LARGE SOUTH ROOMS,Qing,,,"SIR JOHN BUCHANAN-JARDINE, BT., London",,private,"London, U.K.",yes,,
2870,POT-POURRI BOX and pierced cover,item,Jade,Utilitarian Objects,gemstones; jade,"jade, with a black and gold lacquer stand",,W. 16.7 cm,LARGE SOUTH ROOMS,Qing,,,THE CHINESE GOVERNMENT,,government,China,yes,,
2871,SQUARE SPITTOON,item,Jade,Utilitarian Objects,gemstones; jade,"with grain decoration, With a separate mouth, Yellow jade",,L. 10.4 cm,LARGE SOUTH ROOMS,Qing,,,THE CHINESE GOVERNMENT,,government,China,yes,,
2872,CUP,item,Jade,Utilitarian Objects,gemstones; jade,"with Ch'ien-lung seal characters, jade",,H. 3.8 cm. L. 11.1 cm,LARGE SOUTH ROOMS,Qing,,,THE CHINESE GOVERNMENT,,government,China,,,
2873,PILLOW,item,Jade,Utilitarian Objects,gemstones; jade,"in the form of a boy on all fours, green jade",,H. 22.8 cm. L. 30.5,LARGE SOUTH ROOMS,Qing,,,"LADY LOUIS MOUNTBATTEN, London",,private,"London, U.K.",yes,,
2874,BRUSH WASHER,item,Jade,Utilitarian Objects,gemstones; jade,jade,Mark and period of Qianlong,L. 18.8 cm,LARGE SOUTH ROOMS,Qing,,,THE CHINESE GOVERNMENT,,government,China,yes,,
2875,BRUSH WASHER,item,Jade,Utilitarian Objects,gemstones; jade,"in form of a peach with blossoms and a phoenix, jade",,L. 12.5 cm,LARGE SOUTH ROOMS,Qing,,,THE CHINESE GOVERNMENT,,government,China,,,
2876,INCENSE BURNER AND COVER,item,Jade,Utilitarian Objects,gemstones; jade,"with four ring handles, jade",,H. 12.8 cm,LARGE SOUTH ROOMS,Qing,,,THE CHINESE GOVERNMENT,,government,China,yes,,
2877,SHALLOW BOWL,item,Jade,Utilitarian Objects,gemstones; jade,"eight lobed, reindeer handles and rings, dark green jade",,33 by 24.5 cm,LARGE SOUTH ROOMS,Qing,,,"MISS H. E. IONIDES, London",,private,"London, U.K.",yes,,
2878,BRUSH WASHER,item,Jade,Utilitarian Objects,gemstones; jade,"with carved designs of plum blossom, bamboos and pines, jade",,L. 14 cm,LARGE SOUTH ROOMS,Qing,,,THE CHINESE GOVERNMENT,,government,China,,,
2811&2879,PANEL,,Textile,Furnishings,textiles; silk,"embroidered blue silk, Companion piece to No. 2811",,74.9 by 111.8 cm,LARGE SOUTH ROOMS,Qing,,,"MISS JOAN EVANS, London",,private,"London, U.K.",yes,,
2880,Scroll painting in colour on paper,item,Paintings and Calligraphy,Court Painting,plant derived materials; paper,Kazak Kirghis envoys presenting horses to the Emperor Ch'ien-lung,,,LARGE SOUTH ROOMS,Qing,,"LANG SHIH-NING (Giuseppe Castiglione, Jesuit Father, A.D. 1688-1766)","MUSÉE GUIMET, Paris",,private,"Paris, France",yes,,
2881,Painting in colour on paper,item,Paintings and Calligraphy,Landscape,plant derived materials; paper,A Brook in a Ravine,,H. 57.1 cm. W. 37.3 cm,LARGE SOUTH ROOMS,Qing,,WANG YÜAN-CH'I (A.D. 1642-1715),THE CHINESE GOVERNMENT,,government,China,,,
2882,LEAPING CARP(),item,Jade,Sculpture,gemstones; jade,white jade,,H. 19.6 cm,LARGE SOUTH ROOMS,Qing,,,"SIR JOHN BUCHANAN-JARDINE, BT., London",,private,"London, U.K.",yes,,
2883,VASE,item,Jade,Ornamental Objects,gemstones; jade,white jade,,H. 33.9 cm,LARGE SOUTH ROOMS,Qing,,,"THE CITY ART GALLERY, Manchester",,museum,"Manchester, U.K.",yes,,
2884,VASE AND COVER,item,Jade,Ornamental Objects,gemstones; jade,white jade,,H. 23 cm,LARGE SOUTH ROOMS,Qing,,,"MRS. EMMA JOSEPH, London",,private,"London, U.K.",yes,,
2885,SEAL BOX,item,Jade,Utilitarian Objects,gemstones; jade,dark green jade,,Di. 8.2 cm,LARGE SOUTH ROOMS,Qing,,,"SIR JOHN BUCHANAN-JARDINE, BT., London",,private,"London, U.K.",,,
2886,TABLE SCREEN,item,Jade,Utilitarian Objects,gemstones; jade,pale green jade,,H. 14.6 cm. W. 21 cm,LARGE SOUTH ROOMS,Qing,,,"R. C. BRUCE, London",,private,"London, U.K.",yes,,
2887,MONKEY and young holding branch laden with peaches,item,Jade,Sculpture,gemstones; jade,"white jade, cloisonné enamel stand",,H. 24 cm,LARGE SOUTH ROOMS,Qing,,,"MRS. EMMA JOSEPH, London",,private,"London, U.K.",yes,,
2888,BOWL,item,Jade,Utilitarian Objects,gemstones; jade,"bright green jade, with lion head and ring handles",,H. 9.5 cm. W. 28.5 cm,LARGE SOUTH ROOMS,Qing,,,"MAJOR A. A. PERCEVAL, Ballymote, I.F.S.",,private,Ireland,yes,,
2889,SEAL BOX,item,Jade,Utilitarian Objects,gemstones; jade,dark green jade,,Di. 9.1 cm,LARGE SOUTH ROOMS,Qing,,,"SIR JOHN BUCHANAN-JARDINE, BT., London",,private,"London, U.K.",,,
2890,SEATED SAGE AND LION,item,Jade,Sculpture,stones; soapstone,soapstone,,H. 18.4 cm,LARGE SOUTH ROOMS,Qing,,,"S. D. WINKWORTH, Walton-on-the-Hill, Surrey",,private,"Surrey, U.K.",yes,,
2891,BRUSH HOLDER,item,Jade,Utilitarian Objects,gemstones; jade,dark green jade,,H. 18.3 cm. Di. 20.9 cm,LARGE SOUTH ROOMS,Qing,,,"BRIG.-GEN. ERNEST MAKINS, C.B., D.S.O., M.P., London",,private,"London, U.K.",yes,,
2892,"INCENSE BURNER AND COVER, SEAL BOX AND COVER AND VASE",set,Jade,Utilitarian Objects,gemstones; jade,translucent green jade,,,LARGE SOUTH ROOMS,Qing,,,"MR. AND MRS. ALFRED CLARK, Iver Heath, Bucks",,private,"Buckinghamshire, U.K.",,,
2893,BRUSH HOLDER,item,Stones and Minerals,Scholar's objects,stones; soapstone,dark brown soapstone,,H. 15.2 cm,LARGE SOUTH ROOMS,Qing,,,"S. D. WINKWORTH, Walton-on-the-Hill, Surrey",,private,"Surrey, U.K.",yes,,
2894,FISH,item,Stones and Minerals,Sculpture,stones; soapstone,yellow and brown soapstone,,H. 17.5 cm. L. 45 cm,LARGE SOUTH ROOMS,Qing,,,"S. D. WINKWORTH, Walton-on-the-Hill, Surrey",,private,"Surrey, U.K.",yes,,
2895,MOUNTAIN,item,Stones and Minerals,Sculpture,gemstones; lapis lazuli,"carved with pine-trees and houses, lapis lazuli",,H. 24.8 cm. W. 21.3 cm,LARGE SOUTH ROOMS,Qing,,,"LADY LOUIS MOUNTBATTEN, London",,private,"London, U.K.",yes,,
2896,VASE,item,Stones and Minerals,Ornamental Objects,gemstones; crystal,"in the form of a ""Buddha's fingers"" citron, crystal“”、",,H. 13.4 cm,LARGE SOUTH ROOMS,Qing,,,"SIR JOHN BUCHANAN-JARDINE, BT., London",,private,"London, U.K.",yes,,
2897,SEATED BUDDHA,item,Stones and Minerals,Sculpture,gemstones; crystal,rock crystal,,H. 17 cm,LARGE SOUTH ROOMS,Qing,,,"SIR PERCIVAL DAVID, BT., London",,private,"London, U.K.",yes,,
2898,PLANT,item,Stones and Minerals,Ornamental Objects,stones; marble,green marble,,H. 31.5 cm. W. 17.2 cm,LARGE SOUTH ROOMS,Ming,,,"OSCAR RAPHAEL, London",,private,"London, U.K.",yes,,
2899,TABLE SCREEN,item,Stones and Minerals,Utilitarian Objects,gemstones; lapis lazuli,lapis-lazuli,,H. 22.3 cm. W. 15.0 cm,LARGE SOUTH ROOMS,Qing,,,"SIR JOHN BUCHANAN-JARDINE, BT., London",,private,"London, U.K.",yes,,
2900,FLOWER VASE,item,Stones and Minerals,Ornamental Objects,gemstones; crystal,crystal,,H. 12.6 cm,LARGE SOUTH ROOMS,Qing,,,"SIR JOHN BUCHANAN-JARDINE, BT., London",,private,"London, U.K.",yes,,
2901,VASE,item,Stones and Minerals,Ornamental Objects,gemstones; jasper,red jasper,,H. 22.8 cm,LARGE SOUTH ROOMS,Qing,,,"SPINK AND SON, LTD., London",,private,"London, U.K.",,,
2902,BOWL,item,Stones and Minerals,Utilitarian Objects,gemstones; lapis lazuli,lapis-lazuli,,Di. 7.6 cm,LARGE SOUTH ROOMS,Qing,,,"OSCAR RAPHAEL, London",,private,"London, U.K.",yes,,
2903,BRUSH REST,item,Stones and Minerals,Scholar's objects,gemstones; chalcedony,chalcedony,,L. 17.5 cm,LARGE SOUTH ROOMS,Qing,,,"OSCAR RAPHAEL, London",,private,"London, U.K.",,,
2904,BRUSH-WASHER,item,Organic Materials,,gemstones; amber,amber,,W. 12 cm,LARGE SOUTH ROOMS,Qing,,,"OSCAR RAPHAEL, London",,private,"London, U.K.",,,
2905,OCTAGONAL VASE,item,Stones and Minerals,Ornamental Objects,gemstones; crystal,"with moveable ring handles, rock crystal",,H. 21.8 cm,LARGE SOUTH ROOMS,Qing,,,THE CHINESE GOVERNMENT,,government,China,yes,,
2906,VASE,item,Stones and Minerals,Ornamental Objects,gemstones; lapis lazuli,"lapis-lazuli, mounted on gilt bronze stand",,H. 23.5 cm,LARGE SOUTH ROOMS,Qing,,,"MISS H. E. IONIDES, London",,private,"London, U.K.",yes,,
2907,BOWL,item,Stones and Minerals,Utilitarian Objects,gemstones; chalcedony,chalcedony,,H. 6.9 cm Di. 12.7 cm,LARGE SOUTH ROOMS,Qing,,,"OSCAR RAPHAEL, London",,private,"London, U.K.",,,
2908,SPOON,item,Stones and Minerals,Utilitarian Objects,gemstones; lapis lazuli,lapis-lazuli,,L. 12 cm,LARGE SOUTH ROOMS,Ming,,,"MR. AND MRS. EDWARD SONNENSCHEIN, Glencoe, Ill.",,private,"Illinois, U.S.A.",,,
2909,VASE,item,Stones and Minerals,Ornamental Objects,gemstones; cornelian,"in the form of a section of a peach tree, red and white cornelian",,H. 9.8 cm,LARGE SOUTH ROOMS,Qing,,,THE CHINESE GOVERNMENT,,government,China,,,
2910,VASE,item,Stones and Minerals,Ornamental Objects,gemstones; chalcedony,"chalcedony, with dragon in relief",,H. 21.3 cm,LARGE SOUTH ROOMS,Qing,,,"MISS H. E. IONIDES, London",,private,"London, U.K.",yes,,
2911,VASE,item,Stones and Minerals,Ornamental Objects,gemstones; quartz,"amethystine quartz, in form of a leaping carp",,H. 18 cm,LARGE SOUTH ROOMS,Qing,,,"SPINK AND SON, LTD., London",,private,"London, U.K.",,,
2912,VASE,item,Stones and Minerals,Ornamental Objects,gemstones; chalcedony,"in the form of ""Buddha's Fingers"" citron, chalcedony",Mark and period of Qianlong,H. 15.2 cm,LARGE SOUTH ROOMS,Qing,,,THE CHINESE GOVERNMENT,,government,China,yes,,
2913,WATER-VESSEL,item,Stones and Minerals,Scholar's objects,gemstones; agate,agate,,H. 5.5 cm,LARGE SOUTH ROOMS,Qing,,,"MADAME LANGWEIL, Paris",,private,"Paris, France",yes,,
2914,FIGURE OF BODHIDHARMA,item,Stones and Minerals,Sculpture,stones; soapstone,soapstone,,H. 22.4 cm,LARGE SOUTH ROOMS,Qing,,,"S. D. WINKWORTH, Walton-on-the-Hill, Surrey",,private,"Surrey, U.K.",yes,,
2915,MOUNTAIN,item,Stones and Minerals,Sculpture,hsiang ch'ing stone,"hsiang ch'ing stone, Inscribed",,H. 24.1 cm. W. 34 cm,LARGE SOUTH ROOMS,Qing,,,THE CHINESE GOVERNMENT,,government,China,,,
2916,SEAL,item,Stones and Minerals,Scholar's objects,stones; soapstone,soapstone,"Seal of Prince Liu, younger brother of the Emperor Wan-li",H. 6.2 cm. W. 8.1 cm,LARGE SOUTH ROOMS,Qing,,,H.R.H. THE CROWN PRINCE OF SWEDEN,,private,"Stockholm, Sweden",yes,,
2917,SEAL,item,Stones and Minerals,Scholar's objects,stones; stone ( t'ien huang),t'ien huang stone,,,LARGE SOUTH ROOMS,Qing,,,"SIR PERCIVAL DAVID, BT., London",,private,"London, U.K.",yes,,
2918,BOWL,item,Stones and Minerals,Utilitarian Objects,gemstones; lapis lazuli,lapis-lazuli,,L. 19 cm,LARGE SOUTH ROOMS,Qing,,,"THE MARQUESS OF SLIGO, London",,private,"London, U.K.",yes,,
2919,FIGURE OF TUNG-FANG SOTung-Fang So,item,Stones and Minerals,Sculpture,stones; soapstone,"soapstone, engraved, gilded and inlaid with jade",,H. 22.8 cm,LARGE SOUTH ROOMS,Qing,,,"ERNEST MARSH, Kingsley Green, Surrey",,private,"Surrey, U.K.",yes,,
2920,DEER,item,Stones and Minerals,Sculpture,stones; soapstone,green soapstone,,H. 15.2 cm. L. 29 cm,LARGE SOUTH ROOMS,Qing,,,"S. D. WINKWORTH, Walton-on-the-Hill, Surrey",,private,"Surrey, U.K.",yes,,
2921,DUCK,item,Stones and Minerals,Sculpture,stones; soapstone,soapstone,,H. 25.4 cm,LARGE SOUTH ROOMS,Ming,,,"DR. LINDLEY SCOTT, London",,private,"London, U.K.",yes,,
2922,BOTTLE,item,Ceramics,Containers; Bottle,,decorated with a white dragon in a coral-red ground,,H. 60 cm,LARGE SOUTH ROOMS,Qing,,,"MADAME WANNIECK, Paris",,private,"Paris, France",yes,,
2923,HEXAGONAL PENDENT MUSICAL STONE,item,Jade,Utilitarian Objects,gemstones; jade,"green jade, with gold lacquer dragons and inscription",with inscription,W. 71.2 cm,LARGE SOUTH ROOMS,Qing,,,"MR. AND MRS. EDWARD SONNENSCHEIN, Glencoe, Ill.",,private,"Illinois, U.S.A.",,,
2924,"WÊN CH'ANG TI-CHÜN (God of Literature), seated",item,Organic Materials,,Animal derived materials; ivory,stained ivory,,H. 20.5 cm,LARGE SOUTH ROOMS,Ming,,,"J. J. JOASS, London",,private,"London, U.K.",yes,,
2925,SEATED BUDDHA,item,Organic Materials,,Animal derived materials; ivory,ivory,,H. 25.4 cm,LARGE SOUTH ROOMS,Ming,,,"CAPTAIN E. G. SPENCER-CHURCHILL, Blockley, Worc",,private,"Worcestershire, U.K.",yes,,
2926,CUP,item,Organic Materials,,Animal derived materials; horn,horn,,H. 8.4 cm. L. 11.5 cm,LARGE SOUTH ROOMS,Qing,,,"JOHN WARRACK, LL.D., Edinburgh",,private,"Amsterdam, Netherlands",yes,,
2927,PAIR OF CUPS,set,Organic Materials,,plant derived materials; wood,"of wood from the root of the Chen hsiang tree, decorated with landscapes carved by the Chang brothers",,H. 6.5 cm,LARGE SOUTH ROOMS,Song,,,"SIR PERCIVAL DAVID, BT., London",,private,"London, U.K.",yes,,
2928,WINE CUP,item,Organic Materials,,Animal derived materials; horn,"horn, with an archaistic inscription",,H. 12.9 cm,LARGE SOUTH ROOMS,Qing,,,THE CHINESE GOVERNMENT,,government,China,,,
2929,CUP,item,Organic Materials,,Animal derived materials; horn,"horn, Dated eighth year of Wan-li (A.D. 1580)",,Di. 14 cm,LARGE SOUTH ROOMS,Ming,,,"MADAME WANNIECK, Paris",,private,"Paris, France",yes,,
2930,SEATED PRIEST,item,Lacquer,Sculpture,plant derived materials; lacquer,lacquered wood,,H. 22.2 cm,LARGE SOUTH ROOMS,Ming,,,"J. J. JOASS, London",,private,"London, U.K.",yes,,
2931,SEATED WOMAN,item,Organic Materials,,Animal derived materials; ivory,stained ivory,,H. 18.6 cm,LARGE SOUTH ROOMS,Ming,,,"MAJOR-GENERAL SIR NEILL MALCOLM, K.C.B., D.S.O., London",,private,"London, U.K.",,,
2932,FIGURE OF TAOIST IMMORTAL,item,Organic Materials,,Animal derived materials; ivory,painted ivory,,H. 28.4 cm,LARGE SOUTH ROOMS,Ming,,,"J. J. JOASS, London",,private,"London, U.K.",yes,,
2933,FIGURE OF A WOMAN,item,Organic Materials,,Animal derived materials; ivory,stained ivory,,H. 24 cm,LARGE SOUTH ROOMS,Qing,,,"ERNEST MARSH, Kingsley Green, Surrey",,private,"Surrey, U.K.",,,
2934,CUP,item,Organic Materials,,Animal derived materials; horn,horn,,H. 6.9 cm. L. 14.2 cm,LARGE SOUTH ROOMS,Qing,,,"MR. AND MRS. A. CHESTER BEATTY, London",,private,"London, U.K.",yes,,
2935,SEAL,item,Organic Materials,Scholar's objects,Animal derived materials; ivory,"ivory, Dated 26th February A.D. 1418",,H. 8.1 cm. W. 8 cm,LARGE SOUTH ROOMS,Ming,,,"H. J. OPPENHEIM, London",,private,"London, U.K.",yes,,
2936,CUP,item,Organic Materials,,Animal derived materials; horn,horn,,H. 10.1 cm. L. 18 cm,LARGE SOUTH ROOMS,Qing,,,"BRIG.-GEN. ERNEST MAKINS, C.B., D.S.O., M.P., London",,private,"London, U.K.",yes,,
2937,SEATED MAGISTRATE,item,Organic Materials,,Animal derived materials; ivory,stained ivory,,H. 20.8 cm,LARGE SOUTH ROOMS,Ming,,,"ERNEST MARSH, Kingsley Green, Surrey",,private,"Surrey, U.K.",yes,,
2938,SEAL,item,Organic Materials,Scholar's objects,Animal derived materials; ivory,ivory,,H. 3.7 cm. L. 5.7 cm,LARGE SOUTH ROOMS,Ming,,,"CAPTAIN E. G. SPENCER-CHURCHILL, Blockley, Worc",,private,"Worcestershire, U.K.",,,
2939,SEAL,item,Organic Materials,Scholar's objects,Animal derived materials; ivory,"of the nephew of the Emperor Hung-wu, ivory",,H. 7.6 cm. W. 6.4 cm,LARGE SOUTH ROOMS,Ming,,,"CAPTAIN E. G. SPENCER-CHURCHILL, Blockley, Worc",,private,"Worcestershire, U.K.",yes,,
2940,CUP,item,Organic Materials,,Animal derived materials; horn,horn,,H. 11.4 cm. L. 15.5 cm,LARGE SOUTH ROOMS,Qing,,,"JOHN WARRACK, LL.D., Edinburgh",,private,"Edinburgh, U.K.",yes,,
2941,CUP,item,Organic Materials,,Animal derived materials; horn,horn,,H. 6.1 cm. W. 12.6 cm,LARGE SOUTH ROOMS,Qing,,,"MR. AND MRS. A. CHESTER BEATTY, London",,private,"London, U.K.",yes,,
2942,FIGURE OF A WOMAN,item,Organic Materials,,Animal derived materials; ivory,stained ivory,,H. 24.5 cm,LARGE SOUTH ROOMS,Qing,,,"ERNEST MARSH, Kingsley Green, Surrey",,private,"Surrey, U.K.",,,
2943,THE TAOIST SAGE HSÜ YU,item,Organic Materials,,Animal derived materials; ivory,ivory,,H. 24 cm,LARGE SOUTH ROOMS,Qing,,,"J. J. JOASS, London",,private,"London, U.K.",yes,,
2944,BRUSH BARREL,item,Organic Materials,Scholar's objects,bamboo,"bamboo, with carved landscape by Chiang Hsi-huang",,H. 13 cm,LARGE SOUTH ROOMS,Qing,,,"SIR PERCIVAL DAVID, BT., London",,private,"London, U.K.",yes,,
2945,CUP,item,Organic Materials,,Animal derived materials; horn,horn,,H. 6.4 cm. L. 14.1 cm,LARGE SOUTH ROOMS,Qing,,,"JOHN WARRACK, LL.D., Edinburgh",,private,"Edinburgh, U.K.",yes,,
2946,BOX AND COVER,item,Organic Materials,,bamboo,"bamboo, carved with figures and trees, Inscribed 12th year of Yung-lo (A.D. 1414)",,,LARGE SOUTH ROOMS,Ming,,,"SIR PERCIVAL DAVID, BT., London",,private,"London, U.K.",,,
2947,WRIST REST,item,Organic Materials,,Animal derived materials; ivory,"ivory, carved with geese and plants, and inscribed, Once the property of Hsiang Yüan-pien (A.D. 1525-1590)",inscribed,,LARGE SOUTH ROOMS,Ming,,,"SIR PERCIVAL DAVID, BT., London",,private,"London, U.K.",yes,,
2948,WINE CUP,item,Organic Materials,,Animal derived materials; horn,"representing Chang Ch'ien in his hollow tree floating down the Yellow River, horn",Inscribed with an Imperial poem of the Qianlong period,H. 12.2 cm. L. 27 cm,LARGE SOUTH ROOMS,Qing,,,THE CHINESE GOVERNMENT,,government,China,yes,,
2949,WRIST REST,item,Organic Materials,Scholar's objects,Animal derived materials; ivory,ivory,,L. 28 cm,LARGE SOUTH ROOMS,Qing,,,"CAPTAIN A. T. WARRE, Hove",,private,"East Sussex, U.K.",yes,,
2950,FOUR MINIATURE FANS,item,fan,fan,,"painted by Chang Jo-ch'êng for the Emperor Ch'ien-lung, On the reverse are poems written by order of the Emperor",,L. 12 cm,LARGE SOUTH ROOMS,Qing,,painted by Chang Jo-ch'êng,"SIR PERCIVAL DAVID, BT., London",,private,"London, U.K.",,,
2951,CUP,item,Organic Materials,,Animal derived materials; horn,horn,,H. 8.3 cm. L. 16.3 cm,LARGE SOUTH ROOMS,Qing,,,"JOHN WARRACK, LL.D., Edinburgh",,private,"Edinburgh, U.K.",yes,,
2952,PEWTER TEA CADDY,item,Metals,,metalwork; pewter,,,H. 10 cm,LARGE SOUTH ROOMS,Qing,,,"SIR PERCIVAL DAVID, BT., London",,private,"London, U.K.",,,
2953,SIX SEALS,item,Metals,Scholar's objects,metalwork; silver,"Used by Governors of Provinces during the Ch'ing Dynasty , silver",,About 10 by 10 cm,LARGE SOUTH ROOMS,Qing,,,THE GOVERNMENT OF THE SOVIET UNION,,government,Russia,yes,,
2954,CUP,item,Organic Materials,,Animal derived materials; horn,horn,,H. 12 cm. L. 15.2 cm,LARGE SOUTH ROOMS,Qing,,,"JOHN WARRACK, LL.D., Edinburgh",,private,"Edinburgh, U.K.",yes,,
2955,BOX AND COVER,item,Lacquer,Containers,plant derived materials; lacquer,"red lacquer, in chrysanthemum form",Inscribed with an Imperial poem of the Qianlong period,Di. 18.5 cm,LARGE SOUTH ROOMS,Qing,,,"DR. A. BREUER, Berlin",,private,"Berlin, Germany",,,
2956,DISH,item,Lacquer,Containers,plant derived materials; lacquer,"red Foochow lacquer, in form of a chrysanthemum","Mark of Qianlong period, The base is inscribed with an Imperial poem of the Qianlong period",Di. 25 cm,LARGE SOUTH ROOMS,Qing,,,"SIR PERCIVAL DAVID, BT., London",,private,"London, U.K.",yes,,
2957,CUP AND COVER,item,Lacquer,Containers,plant derived materials; lacquer,"red lacquer, With an Imperial inscription of the Ch'ien-lung period",,Di. 11 cm,LARGE SOUTH ROOMS,Qing,,,"E. A. PARRY, London",,private,"London, U.K.",yes,,
2958,TEA CADDY,item,Stones and Minerals,Utilitarian Objects,stones; soapstone,painted soapstone,,H. 14.5 cm,LARGE SOUTH ROOMS,Qing,,,"THE ETHNOLOGICAL MUSEUM, Munich",,museum,"Munich, Germany",yes,,
2959,Painting in colour on silk,item,Paintings and Calligraphy,Landscape,textiles; silk,Misty Peaks in the Evening Sky,,H. 99.4 cm. W. 51.2 cm,LARGE SOUTH ROOMS,Qing,,HO I (17th century A.D.),THE CHINESE GOVERNMENT,,government,China,,,
2960,RECUMBENT ELEPHANT,item,Jade,Sculpture,gemstones; jade,green and brown jade,,H. 19 cm. L. 43 cm,LARGE SOUTH ROOMS,Ming,,,"OSCAR RAPHAEL, London",,private,"London, U.K.",yes,,
2961,FAN,item,fan,fan,,"Herons amid Rushes, Colour in gold ground",,H. 18.4 cm. W. 52.9 cm,LARGE SOUTH ROOMS,Ming,,painted by Fan Hsien,THE CHINESE GOVERNMENT,,government,China,,,
2962,FAN,item,fan,fan,,"Plum Blossom and Bamboos, Colour in gold ground",,H. 17 cm.W. 50.5 cm,LARGE SOUTH ROOMS,Ming,,painted by Lu Chih (A.D. 1496-1576),THE CHINESE GOVERNMENT,,government,China,yes,,
2963,FAN,item,fan,fan,,"Plum Blossom and Bamboos, Ink in gold ground",,H. 19.3 cm.W. 53.7 cm,LARGE SOUTH ROOMS,Ming,,painted by Wên Chêng-ming (A.D. 1470-1559),THE CHINESE GOVERNMENT,,government,China,yes,,
2964,FAN,item,fan,fan,,"Riverside Landscape with Bamboos, Ink in gold ground",,H. 17.6 cm. W. 51.5 cm,LARGE SOUTH ROOMS,Ming,,painted by Shao Mi (Ming Dynasty),THE CHINESE GOVERNMENT,,government,China,,,
2965,FAN,item,fan,fan,,"Autumn Landscape, Colour in gold ground",,H. 18.3 cm. W. 56 cm,LARGE SOUTH ROOMS,Ming,,painted by Wên Chêng-ming (A.D. 1470-1559),THE CHINESE GOVERNMENT,,government,China,,,
2966,FAN,item,fan,fan,,"Landscape, Colour in gold ground",,H. 18.7 cm.W. 55.1 cm,LARGE SOUTH ROOMS,Ming,,painted by Ch'ên K'o (Ming Dynasty),THE CHINESE GOVERNMENT,,government,China,,,
2967,FAN,item,fan,fan,,"Mountains in Snow, Colour in gold ground",,H. 17 cm.W. 51.4 cm,LARGE SOUTH ROOMS,Ming,,painted by Tung Ch'i-ch'ang (A.D. 1555-1636),THE CHINESE GOVERNMENT,,government,China,,,
2968,FAN,item,fan,fan,,"Carrying the Lute, Colour in gold ground, On the reverse is a poem transcribed by Tung Ch'i-ch'ang",,H. 19.4 cm. W. 56 cm,LARGE SOUTH ROOMS,Ming,,"painted by Ch'iu Ying (active c. A.D. 1522-1560),",THE CHINESE GOVERNMENT,,government,China,yes,,
2969,FAN,item,fan,fan,,"Poppies, Colour in gold ground",,H. 17.8 cm. W. 52.1 cm,LARGE SOUTH ROOMS,Ming,,painted by Lady Chao Wên-shu (c. A.D. 1650),THE CHINESE GOVERNMENT,,government,China,,,
2970,FAN,item,fan,fan,,"Sweeping Leaves and Making Tea, Colour in gold ground",,H. 17.8 cm. W. 53.3 cm,LARGE SOUTH ROOMS,Ming,,painted by Chou Ch'en (active c. A.D. 1500),THE CHINESE GOVERNMENT,,government,China,,,
2971,FAN,item,fan,fan,,"A Country Suburb in Spring, Colour in gold ground",,H. 21. 1 cm. W. 60.7 cm,LARGE SOUTH ROOMS,Ming,,painted by Ch'iu Ying (active c. A.D. 1522-1560),THE CHINESE GOVERNMENT,,government,China,yes,,
2972,FAN,item,fan,fan,,"Enjoying the Moon, Colour in gold ground",,H. 15.5 cm. W. 15.5 cm,LARGE SOUTH ROOMS,Ming,,painted by T'ang Yin (A.D. 1470-1523),THE CHINESE GOVERNMENT,,government,China,yes,,
2973,FAN,item,fan,fan,,"Landscape with Sage bathing his Feet, Colour in gold ground",,H. 16.7 cm. W. 50.9 cm,LARGE SOUTH ROOMS,Ming,,painted by Shang Hsi (15th century),THE CHINESE GOVERNMENT,,government,China,yes,,
2974,FAN,item,fan,fan,,"Sage in a Mountain Retreat, Colour in gold ground",,H. 17 cm. W. 19.3 cm,LARGE SOUTH ROOMS,Ming,,painted by Wên Po-jên (A.D. 1502-1575),THE CHINESE GOVERNMENT,,government,China,,,
2975,FAN,item,fan,fan,,"Fishing and Music, Colour in gold ground",,H. 20.3 cm. W. 56.5 cm,LARGE SOUTH ROOMS,Ming,,painted by Ch'iu Ying (active c. A.D. 1322-1560),THE CHINESE GOVERNMENT,,government,China,,,
2976,FAN,item,fan,fan,plant derived materials; paper,"Butterflies, Colour in gold ground, With a poem transcribed by Wang Chih-têng",,H. 17.8 cm. W. 51.2 cm,LARGE SOUTH ROOMS,Ming,,painted by Lady Ma Shou-chêng (16th century A.D.),THE CHINESE GOVERNMENT,,government,China,,,
2977,FAN,item,fan,fan,,"The Eight Immortals with Attendants, Colour in gold ground",,H. 16.9 cm.W. 50.5 cm,LARGE SOUTH ROOMS,Ming,,painted by Li Shih-ta (c. A.D. 1550-1620),THE CHINESE GOVERNMENT,,government,China,yes,,
2978,FAN,item,fan,fan,,"Clouds and Mountains, Ink in gold ground, On the reverse is a poem transcribed by the artist",,H. 21.2 cm. W. 57.5 cm,LARGE SOUTH ROOMS,Ming,,painted by Wên Chêng-ming (A.D. 1470-1559),THE CHINESE GOVERNMENT,,government,China,,,
2979,FAN,item,fan,fan,,"Landscape with Pines, Colour in gold ground",,H. 16.9 cm. W. 51.5 cm,LARGE SOUTH ROOMS,Ming,,painted by Chao Tso (active c. A.D. 1540-1560),THE CHINESE GOVERNMENT,,government,China,,,
2980,FAN,item,fan,fan,,"Autumn Flowers, Colour in gold ground, On the reverse is a poem transcribed by Tung Ch'i-ch'ang",,H. 18 cm. W. 52 cm,LARGE SOUTH ROOMS,Ming,,painted by T'an Chih-i (Ming Dynasty),THE CHINESE GOVERNMENT,,government,China,,,
2981,ALBUM PAINTING,item,Paintings and Calligraphy,Landscape,plant derived materials; paper,"in ink on paper, Winter Landscape, From an album dated A.D. 1673",signed by Chang Fêng (active c. A.D. 1650),35.5 by 26.5 cm,SMALL SOUTH ROOM,Qing,,,"DR. A. BREUER, Berlin",,private,"Berlin, Germany",yes,,
2982,ALBUM PAINTING,item,Paintings and Calligraphy,Animal and plants,textiles; silk,"in ink on silk, Peach Blossom and Fruit, From an album dated A.D. 1667",,47 by 34 cm,SMALL SOUTH ROOM,,,by Kung Fu,"DR. A. BREUER, Berlin",,private,"Berlin, Germany",yes,,
2983,WOODCUT,item,Prints,Block Print,plant derived materials; wood,"with coloured washes, Landscape",,29.6 by 32 cm,SMALL SOUTH ROOM,Qing,,,"DR. E. HULTMARK, Stockholm",,private,"Stockholm, Sweden",yes,,
2984,COLOURED PRINT,item,Prints,Block Print,plant derived materials; paper,"from wood blocks, Lady and Child",,H. 95 cm.W. 50 cm,SMALL SOUTH ROOM,Qing,,,"PROFESSOR W. PERCEVAL YETTS, O.B.E., London",,private,"London, U.K.",,,
2985,WOODCUT,item,Prints,Block Print,plant derived materials; wood,"with coloured washes, Frogs",,30 by 33 cm,SMALL SOUTH ROOM,,,,"DR. E. HULTMARK, Stockholm",,private,"Stockholm, Sweden",yes,,
2986,RUBBING,item,Prints,Rubbing,plant derived materials; paper,"of the ""Chin kang pan jo po lo mi ching,"" or Diamond Sūtra (Kumārajīva's translation), Copied by Liu Kung-ch'üan, the great calligrapher, on 8th May A.D. 824, cut on stone by Shao Chien-ho of Ch'iang-yen",,W. 32 cm. L. 1100 cm,SMALL SOUTH ROOM,Sui and Tang,,,"BIBLIOTHÈQUE NATIONALE, Paris (Pelliot Collection)",,museum,"Paris, France",yes,,
2987,"Abhidharma-vijñānakāyapada-śāstra ch. 14, 《》14",item,Prints,Ancient Book,plant derived materials; paper,"translated into Chinese by Hsüan-tsang, Printed by Ko Ch'ang, From the library of the Ku-shan Monastery",,30 by 11.3 cm.,SMALL SOUTH ROOM,Song,,,"PROFESSOR PAUL PELLIOT, Paris",,private,"Paris, France",,,
2988,RUBBING,item,Prints,Rubbing,plant derived materials; paper,"An epitaph on the Dhyāna monk Yung, Calligraphically written by Ou-yang Hsün (A.D. 557-641), One leaf only, (Five leaves of this booklet are in the Stein Collection, British Museum)",,12 by 8 cm,SMALL SOUTH ROOM,Sui and Tang,From DunHuang,,"BIBLIOTHÈQUE NATIONALE, Paris (Pelliot Collection)",,museum,"Paris, France",yes,,
2989,DHĀRANĪ SŪTRA《》,item,Prints,Ancient Book,plant derived materials; paper,A block-printed roll of A.D. 975  ,,8 by 300 cm,SMALL SOUTH ROOM,Song,recovered from the ruins of the Lei-fêng Pagoda at Hang-chou when it collapsed in 1924,,THE CHINESE GOVERNMENT,,government,China,,,
2990,"THE DIAMOND SUTRA chaps. 30-32, 《》",item,Prints,Ancient Book,plant derived materials; paper,"A booklet printed from blocks, with note dated 3rd June, A.D. 950, Block-cutter, Lei Yen-mei, (The cyclical date given does not agree. If this is correct, the date is 14th June, A.D. 949) ",,,SMALL SOUTH ROOM,Five Dynasties,From DunHuang,,"BIBLIOTHÈQUE NATIONALE, Paris (Pelliot Collection)",,museum,"Paris, France",yes,,
2991,WOOD-BLOCK PRINT,item,Prints,Block Print,plant derived materials; paper,"Painted portrait of Vaiśramaṇa, the Guardian of the North, A prayer-sheet dated the 4th August, A.D. 947 ",,45 cm. by 33 cm,SMALL SOUTH ROOM,Five Dynasties,From DunHuang,,"BIBLIOTHÈQUE NATIONALE, Paris (Pelliot Collection)",,museum,"Paris, France",yes,,
2992,WOOD-BLOCK PRINT,item,Prints,Block Print,plant derived materials; paper,"Printed portrait of Mañjuśrī, A prayer-sheet",,30 by 20 cm,SMALL SOUTH ROOM,Five Dynasties,From DunHuang,,"BIBLIOTHÈQUE NATIONALE, Paris (Pelliot Collection)",,museum,"Paris, France",,,
2993,MANUSCRIPT,item,Prints,Ancient Book,plant derived materials; paper,"Copy of chap. 25 of the Lotus Sūtra, with painted scenes depicting the miracles of Kuan-yin ",,H. 17 cm. L. 138 cm,SMALL SOUTH ROOM,Sui and Tang,From DunHuang,,"BIBLIOTHÈQUE NATIONALE, Paris (Pelliot Collection)",,museum,"Paris, France",yes,,
2994,FO SHUO CHAI FA CH'ING CHING CHING CHING《》,item,Prints,Ancient Book,textiles; silk,an apocryphal sūtra with characters embroidered in silk,,28 by 83 cm,SMALL SOUTH ROOM,Sui and Tang,From DunHuang,,"BIBLIOTHÈQUE NATIONALE, Paris (Pelliot Collection)",,museum,"Paris, France",,,
2995,CHAPTER  OF THE LOTUS SUTRA (on Kuan-yin),item,Prints,Ancient Book,plant derived materials; paper,written in gold ink,,,SMALL SOUTH ROOM,Sui and Tang,From DunHuang,,"BIBLIOTHÈQUE NATIONALE, Paris (Pelliot Collection)",,museum,"Paris, France",yes,,
2996,TWO PRINTED FRAGMENTS OF THE CH'IEH YÜN《》,item,Prints,Ancient Book,plant derived materials; paper,a dictionary of pronunciation,,,SMALL SOUTH ROOM,Five Dynasties,From DunHuang,,"BIBLIOTHÈQUE NATIONALE, Paris (Pelliot Collection)",,museum,"Paris, France",,,
2997,MANUSCRIPT COPY,item,Prints,Ancient Book,textiles; silk,"on silk of Mo ho pan jo po lo mi ching (Maha-prajñā-pāramitā-sūtra, Kumārajīva's translation), chaper 12, 13",,,SMALL SOUTH ROOM,Six Dynasties,From DunHuang,,"BIBLIOTHÈQUE NATIONALE, Paris (Pelliot Collection)",,museum,"Paris, France",yes,,
2998,RUBBING,item,Prints,Rubbing,plant derived materials; paper,"of the ""Wên Ch'üan Ming,"" or inscription of the Hot Springs",,26.5 by 140 cm,SMALL SOUTH ROOM,Sui and Tang,From DunHuang,"composed and calligraphically written by the Emperor T'ai Tsung, Dated A.D. 653","BIBLIOTHÈQUE NATIONALE, Paris (Pelliot Collection)",,museum,"Paris, France",yes,,
2999,ALBUM PAINTING,item,Paintings and Calligraphy,Animal and plants,textiles; silk,"in ink on silk, Peony, From an album dated A.D. 1667 ",,47 by 34 cm,SMALL SOUTH ROOM,Qing,,by Kung Fu,"DR. A. BREUER, Berlin",,private,"Berlin, Germany",yes,,
3000,ALBUM PAINTING,item,Paintings and Calligraphy,Landscape,plant derived materials; paper,"in ink on paper ,Landscape, From an album dated A.D. 1673",,Size 35.5 by 26.5 cm,SMALL SOUTH ROOM,Qing,,signed by Chang Fêng (active c. A.D. 1650),"DR. A. BREUER, Berlin",,private,"Berlin, Germany",yes,,
3001,Painting in ink on paper,item,Paintings and Calligraphy,Scholar painting,plant derived materials; paper,"Study of Prunus Blossoms, Painting in ink on paper",signed by the artist,H. 124 cm. W. 26 cm,SMALL SOUTH ROOM,Yuan,,WANG MIEN (A.D. 1335-1407),"MRS. WILLIAM H. MOORE, New York",,private,"New York, U.S.A.",,,
3002,KÊNG CHIH T'U,item,Prints,Ancient Book,plant derived materials; paper,"Rice-growing and sericulture, Poems with hand-coloured illustrations",,,SMALL SOUTH ROOM,Qing,,"drawn by Chiao Ping-chên, engraved by Chu Kuei, With preface by the Emperor K'ang-hsi","THE DAUGHTERS OF THE LATE G. H. WOLLASTON, London",,private,"London, U.K.",,,
3003,ALBUM PORTRAIT,item,Paintings and Calligraphy,Court Painting,plant derived materials; paper,of the Emperor Kublai Khan (Shih Tzu) (reigned A.D. 1260-1293) ,,59 by 47 cm,SMALL SOUTH ROOM,Yuan,,,THE CHINESE GOVERNMENT,,government,China,yes,,
3004,TWO STRIPS,item,Textile,Others,textiles,"of red and gold brocade, joined",,165.2 by 152.5 cm,SMALL SOUTH ROOM,Qing,,,"PROFESSOR W. PERCEVAL YETTS, O.B.E., London",,private,"London, U.K.",,,
3005,IMPERIAL SILK TAPESTRY (k'o ssû) HANGINGk'o ssû,item,Textile,Furnishings,textiles; silk,"blue, gold and red",,99 by 91.4 cm,SMALL SOUTH ROOM,Qing,,,"PROFESSOR W. PERCEVAL YETTS, O.B.E., London",,private,"London, U.K.",,,
3006,IMPERIAL ROBE,item,Textile,Costume,textiles; silk,"silk, embroidered with ornamentation of dragons, etc., in pearls and coral",,,SMALL SOUTH ROOM,Qing,,,"LADY DAVID, Henley-on-Thames",,private,"Oxfordshire, U.K.",yes,,
3007,IMPERIAL CUSHION COVER,item,Textile,Furnishings,textiles; silk,embroidered silk,,48.2 by 48.2 cm,SMALL SOUTH ROOM,Qing,,,"PROFESSOR W. PERCEVAL YETTS, O.B.E., London",,private,"London, U.K.",,,
3008,BROCADE HANGING,item,Textile,Furnishings,textiles,"red, gold, blue and green",,155 by 49.4 cm,SMALL SOUTH ROOM,Qing,,,"PROFESSOR W. PERCEVAL YETTS, O.B.E., London",,private,"London, U.K.",yes,,
3009,IMPERIAL ROBE,item,Textile,Costume,textiles,embroidered blue satin,,,SMALL SOUTH ROOM,Qing,,,"THE EARL OF ELGIN AND KINCARDINE, K.T., C.M.G., Dunfermline",,private,"Fife, U.K.",yes,,
3010,STRIP OF BROCADE,item,Textile,Others,textiles,"mauve, gold, yellow, red, green and blue",,188 by 66.1 cm,SMALL SOUTH ROOM,Qing,,,"PROFESSOR W. PERCEVAL YETTS, O.B.E., London",,private,"London, U.K.",,,
3011,TRAY,item,Lacquer,Containers,plant derived materials; lacquer,"lacquer, with incised design of the Eight Immortals",,L. 50 cm,SMALL SOUTH ROOM,,,,"HIS EXCELLENCY DR. E. A. VORETZSCH, Colmberg, Germany",,private,"Bavaria, Germany",yes,,
3012,PORTRAIT OF CHU HIS (A.D. 1130-1200),item,Paintings and Calligraphy,Court Painting,plant derived materials; paper,and letters written by him,,Fr. 140 by 40 cm,SMALL SOUTH ROOM,Song,,,THE CHINESE GOVERNMENT,,government,China,,,
3013,FIGURE OF A BUDDHA,item,Organic Materials,Paper Cut,plant derived materials; paper,pricked out on paper,,H. 27 cm,SMALL SOUTH ROOM,Sui and Tang,From DunHuang,,"BIBLIOTHÈQUE NATIONALE, Paris (Pelliot Collection)",,museum,"Paris, France",yes,,
3013A,FIGURE OF A BUDDHA,item,Organic Materials,Paper Cut,plant derived materials; paper,cut out in paper,,H. 29 in,SMALL SOUTH ROOM,Sui and Tang,From DunHuang,,"BIBLIOTHÈQUE NATIONALE, Paris (Pelliot Collection)",,museum,"Paris, France",,,
3014,FO TING TSUN CHÊNG T'O LO NI,item,Prints,Ancient Book,plant derived materials; paper,"1 ch, A printed dhāraṇī or charm",,,SMALL SOUTH ROOM,Sui and Tang,,,"BIBLIOTHÈQUE NATIONALE, Paris (Pelliot Collection)",,museum,"Paris, France",,,
3015,ALBUM PORTRAIT,item,Paintings and Calligraphy,Court Painting,plant derived materials; paper,"of Ogotai Khan, third son of Genghiz Khan (A.D. 1185-1241)",,59 by 47 cm,SMALL SOUTH ROOM,Yuan,,,THE CHINESE GOVERNMENT,,government,China,yes,,
3016,Calligraphy,item,Paintings and Calligraphy,Calligraphy,plant derived materials; paper,"Transcription of a Poem of Tu Fu, Painting in ink on paper",,H. 181.4 cm. W. 46 cm,SMALL SOUTH ROOM,Ming,,TUNG CH'I-CH'ANG (1555-1636 A.D.),THE CHINESE GOVERNMENT,,government,China,,,
3017,TAPESTRY AND SILK-EMBROIDERED SHOE,item,Textile,Costume,textiles,,,,SMALL SOUTH ROOM,Qin and Han,from Lou-Lan and Kara-Khoja,,THE GOVERNMENT OF INDIA (Stein Collection),,government,India,,,
3018,WOOLLEN TAPESTRY SHOE,item,Textile,Costume,textiles; wool,,,,SMALL SOUTH ROOM,Qin and Han,from Lou-Lan and Kara-Khoja,,THE GOVERNMENT OF INDIA (Stein Collection),,government,India,,,
3019,WOOLLEN TAPESTRY SHOE,item,Textile,Costume,textiles; wool,,,,SMALL SOUTH ROOM,Sui and Tang,from Astāna,,THE GOVERNMENT OF INDIA (Stein Collection),,government,India,,,
3020,PAIR OF NESTORIAN DOVESNestorian Christianity,set,Bronze,Sculpture,metalwork; bronze,,,L. 5 cm,SMALL SOUTH ROOM,Yuan,,,"PROFESSOR PAUL PELLIOT, Paris",,private,"Paris, France",,,
3021,NESTORIAN CROSS,item,Bronze,Ornament,metalwork; bronze,,,W. 4.3 cm,SMALL SOUTH ROOM,Yuan,,,"PROFESSOR PAUL PELLIOT, Paris",,private,"Paris, France",yes,,
3022,INK PALLET,item,Stones and Minerals,Scholar's objects,stones; stone,in the form of a bamboo shoot,,L. 16.5 cm,SMALL SOUTH ROOM,Qing,,,"SIR PERCIVAL DAVID, BT., London",,private,"London, U.K.",yes,,
3023,INK TABLET,item,Stones and Minerals,Scholar's objects,stones; stone,,Mark of T'ien-ch'i period,W. 10 cm,SMALL SOUTH ROOM,Ming,,,THE BRITISH MUSEUM (Eumorfopoulos Collection),,museum,"London, U.K.",,,
3024,WOODBLOCK,item,Prints,Block Print,plant derived materials; wood,for printing Buddhas on Dhāraṇīs,,5.8 by 4.5 cm,SMALL SOUTH ROOM,Sui and Tang,,,"PROFESSOR PAUL PELLIOT, Paris",,private,"Paris, France",yes,,
3025,INK TABLET,item,Stones and Minerals,Scholar's objects,stones; stone,,Mark of T'ien-ch'i period,H. 13 cm,SMALL SOUTH ROOM,Ming,,,THE BRITISH MUSEUM (Eumorfopoulos Collection),,museum,"London, U.K.",,,
3026,INK TABLET,item,Stones and Minerals,Scholar's objects,stones; stone,,Mark of T'ien-ch'i period,W. 10 cm,SMALL SOUTH ROOM,Ming,,,THE BRITISH MUSEUM (Eumorfopoulos Collection),,museum,"London, U.K.",,,
3027,BONE,item,Organic Materials,,Animal derived materials; bone,used for divination by the scorching process,Inscribed,11.9 by 6.8 cm,SMALL SOUTH ROOM,Shang,Excavated near An-yang,,THE CHINESE GOVERNMENT,,government,China,yes,,
3028,FOUR PIECES OF BLACK POTTERY,set,Ceramics,pottery,ceramics; pottery,,,,SMALL SOUTH ROOM,Shang,from Ch'êng-tzŭ yai,,THE CHINESE GOVERNMENT,,government,China,,,
3029,WHITE POTTERY SHARD,item,Ceramics,pottery,ceramics; pottery,"incised, rim piece with loop handle moulded in t'ao-t'ieh (ogre mask) form",,13.6 by 9.9 cm,SMALL SOUTH ROOM,Shang,From An-yang,,THE CHINESE GOVERNMENT,,government,China,,,
3030,STONE CARVING,item,Stones and Minerals,Sculpture,stones; stone,,,7.7 by 8.4 cm,SMALL SOUTH ROOM,Shang,From An-yang,,THE CHINESE GOVERNMENT,,government,China,,,
3031,TWO FRAGMENTS OF AN IVORY CARVING,set,Organic Materials,,Animal derived materials; ivory,,,9 by 8.2 cm,SMALL SOUTH ROOM,Shang,,,THE KYOTO IMPERIAL UNIVERSITY,,museum,"Tokyo, Japan",,,
3032,BONE,item,Organic Materials,,Animal derived materials; bone,used for divination by the scorching process,Inscribed,L. 29 cm,SMALL SOUTH ROOM,Shang,Excavated near An-yang,,THE CHINESE GOVERNMENT,,government,China,,,
3033,BONE,item,Organic Materials,,Animal derived materials; bone,used for divination by the scorching process,Inscribed,12.6 by 6.4 cm,SMALL SOUTH ROOM,Shang,Excavated near An-yang,,THE CHINESE GOVERNMENT,,government,China,yes,,
3034,FRAGMENT,item,Organic Materials,,Animal derived materials; bone,"bone, carved and inlaid with turquoise",,6.6 by 2.2 cm,SMALL SOUTH ROOM,Shang,From An-yang,,THE CHINESE GOVERNMENT,,government,China,,,
3035,TOOTH,item,Organic Materials,,Animal derived materials; tooth,with carved decoration,,L. 7.5 cm,SMALL SOUTH ROOM,Shang,From An-yang,,THE CHINESE GOVERNMENT,,government,China,,,
3036,AXE,item,Stones and Minerals,Utilitarian Objects,stones; stone,,,13.8 by 6.5 cm,SMALL SOUTH ROOM,Shang,From An-yang,,THE CHINESE GOVERNMENT,,government,China,,,
3037,AXE,item,Stones and Minerals,Utilitarian Objects,stones; stone,weathered stone,,18.2 by 3.9 cm,SMALL SOUTH ROOM,Shang,,,THE CHINESE GOVERNMENT,,government,China,,,
3038,ALBUM LEAF,item,Paintings and Calligraphy,Calligraphy,plant derived materials; paper,calligraphy,,64.5 by 32 cm,SMALL SOUTH ROOM,Song,,Valedictory poem written by Mi Fei (A.D. 1051-1105),THE CHINESE GOVERNMENT,,government,China,yes,,
3039,ALBUM LEAF,item,Paintings and Calligraphy,Calligraphy,plant derived materials; paper,calligraphy,,51 by 31.5 cm,SMALL SOUTH ROOM,Song,,Poem written by Huang T'ing-chien (A.D. 1045-1105),THE CHINESE GOVERNMENT,,government,China,yes,,
3040,DHĀRAṆĪ (or charm),item,,,,with apsara and waves and inscription,inscription,,SMALL SOUTH ROOM,Five Dynasties,From DunHuang,,"MUSÉE GUIMET, Paris (Pelliot Collection)",,museum,"Paris, France",yes,,
3040A,ALBUM PORTRAIT,item,Paintings and Calligraphy,Court Painting,plant derived materials; paper,of the Emperor Wen Tsung (Tugh Timur) r. A.D. 1328-1331,,57.5 by 46 cm,SMALL SOUTH ROOM,Yuan,,,THE CHINESE GOVERNMENT,,government,China,,,
3041,SILK TAPESTRY,item,Textile,Furnishings,textiles; silk,(k'o ssû) woven with a poem written by Mi Fei. (A.D. 1051-1105),,113 by 55.5 c.m,SMALL SOUTH ROOM,Song,,,THE CHINESE GOVERNMENT,,government,China,,,
3042,Suan fa ch'üan nêng chi,item,Prints,Ancient Book,plant derived materials; paper,"A very rare work on mathematics written during the Yüan Dynasty, and printed about 1370, Original ""butterfly binding""",,31.4 by 18.5 cm,SMALL SOUTH ROOM,Yuan,,CHÊNG HÊNG,THE CHINESE GOVERNMENT,,government,China,,,
3043,Wên hsüan; ch. 3,item,Prints,Ancient Book,plant derived materials; paper,"With notes by Li Shan, The earliest printed edition, circa A.D. 1025, of this well-known anthology of prose and verse, compiled in the sixth century",,33.9 by 23 cm,SMALL SOUTH ROOM,Song,,"HSIAO T'UNG, son of the founder of the Liang Dynasty",THE CHINESE GOVERNMENT,,government,China,,,
3044,Yüeh shu ch. 83,item,Prints,Ancient Book,plant derived materials; paper,"A treatise on ancient music and musical instruments, compiled in A.D. 1101, but not printed until about the early 13th century",,30.9 by 20.5 cm,SMALL SOUTH ROOM,Song,,CH'ÊN YANG,THE CHINESE GOVERNMENT,,government,China,,,
3045,Yen lu kung chi ch. 1,item,Prints,Ancient Book,plant derived materials; paper,"Collected works, printed about A.D. 1550 from movable copper types",,24.6 by 16.6 cm,SMALL SOUTH ROOM,Ming,,YEN CHÊN-CH'ING,THE CHINESE GOVERNMENT,,government,China,,,
3046,Kai ping wu yin lei chü sû shêng p'ien ch. 12,item,Prints,Ancient Book,plant derived materials; paper,"A pronouncing dictionary arranged under the rhymes, Written under the Chin (Chin-Shan) Dynasty (in North China), printed about A.D. 1220",,28.5 by 18.4 cm,SMALL SOUTH ROOM,Song,,HAN TAO-CHAO (Editor),THE CHINESE GOVERNMENT,,government,China,,,
3047,T'ung chiao ch. 94,item,Prints,Ancient Book,plant derived materials; paper,"An historical encyclopedia written during the Sung Dynasty, The blocks of the present edition were cut in Fukien in A.D. 1322, From the library of the Emperor Ch'ien-lung",,34.5 by 22.2 cm,SMALL SOUTH ROOM,Yuan,,CHÊNG CH'IAO,THE CHINESE GOVERNMENT,,government,China,,,
3048,Hsüan ho po ku t'u ch. 25,item,Prints,Ancient Book,plant derived materials; paper,"Catalogue of the bronzes in the Sung Imperial Collection, Compiled during the Sung Dynasty but printed about A.D. 1310",,29.6 by 26.4 cm,SMALL SOUTH ROOM,Yuan,,WANG FU and others,THE CHINESE GOVERNMENT,,government,China,yes,,
3049,Ch'in han yin t'ung,item,Prints,Ancient Book,plant derived materials; paper,"A book of reproductions of ancient seals, written and printed in the Ming Dynasty, Printed in black and vermilion",,29.3 by 18.4 cm,SMALL SOUTH ROOM,Ming,,LO WANG-CH'ANG,THE CHINESE GOVERNMENT,,government,China,,,
3050,"Kuo ch'ao chu ch'ên tsou I ch. 1, 2, ",item,Prints,Ancient Book,plant derived materials; paper,"Ministerial reports made to the Emperor during the Sung Dynasty, Blocks cut about A.D. 1245, the present copy was printed from the original blocks during the Ming Dynasty",,31.7 by 20.5 cm,SMALL SOUTH ROOM,Song,,CHAO JU-YÜ (Editor),THE CHINESE GOVERNMENT,,government,China,,,
3051,"Ts'ê fu yüan kuei ch. 612,612",item,Prints,Ancient Book,plant derived materials; paper,This encyclopædic compilation was written and printed in the 11th century,,28.9 by 19.7 cm,SMALL SOUTH ROOM,Song,,WANG CH'IN-JO (compiler) and others,THE CHINESE GOVERNMENT,,government,China,,,
3052,Ta ming i t'ung chih ch. 29,item,Prints,Ancient Book,plant derived materials; paper,"A topography of the Empire, compiled and printed in the 15th century, Original silk binding",,37.3 by 22.2 cm,SMALL SOUTH ROOM,Ming,,LI HSIEN  and others,THE CHINESE GOVERNMENT,,government,China,,,
3053,Kuo ch'ao êrh po chia ming hsien wên sui  ch. 19. ,item,Prints,Ancient Book,plant derived materials; paper,A selection from the works of two hundred leading scholars of the Sung Dynasty,,26 by 17.7 cm,SMALL SOUTH ROOM,Song,,WANG CH'ÊNG,THE CHINESE GOVERNMENT,,government,China,,,
3054,I wên lei chü ch. 91,item,Prints,Ancient Book,plant derived materials; paper,"A book of literary essays, printed in A.D. 1515 from movable copper types",,24.2 by 14.6 cm,SMALL SOUTH ROOM,Song,,OU-YANG HSÜN,THE CHINESE GOVERNMENT,,government,China,,,
3055,PRINTED PRAYER-SHEET,item,Prints,Others,plant derived materials; paper,to Amitābha Buddha,,,SMALL SOUTH ROOM,Five Dynasties,From DunHuang,,"MUSÉE GUIMET, Paris (Pelliot Collection)",,museum,"Paris, France",yes,,
3055A,A ALBUM PORTRAIT of Genghiz Khan (A.D. 1162 - 1227),item,Paintings and Calligraphy,Court Painting,plant derived materials; paper,,,59 by 46.5 cm,SMALL SOUTH ROOM,Yuan,,,THE CHINESE GOVERNMENT,,government,China,,,
3056,ALBUM LEAF,item,Paintings and Calligraphy,Calligraphy,plant derived materials; paper,calligraphy,,,SMALL SOUTH ROOM,Song,,Poem written by Su Tung-p'o (A.D. 1036-1101),THE CHINESE GOVERNMENT,,government,China,yes,,
3057,ALBUM LEAF,item,Paintings and Calligraphy,Calligraphy,plant derived materials; paper,calligraphy,,,SMALL SOUTH ROOM,Yuan,,Letter written by Chao Mêng-fu (A.D. 1254-1302),THE CHINESE GOVERNMENT,,government,China,yes,,
3058,FAN,item,fan,fan,plant derived materials; paper,With landscape in colour on paper,,,SMALL SOUTH ROOM,Qing,,"painted by Lang Shih-ning (Giuseppe Castiglione, A.D. 1688-1766)","SIR PERCIVAL DAVID, BT., London",,private,"London, U.K.",yes,,
3059,BLOCK-PRINTED CHARM /,item,Prints,Block Print,plant derived materials; paper,,,33 by 45 cm,SMALL SOUTH ROOM,Sui and Tang,,,"MUSÉE GUIMET, Paris (Pelliot Collection)",,museum,"Paris, France",,,
3060,Calligraphy on paper,item,Paintings and Calligraphy,Calligraphy,plant derived materials; paper,"Essay on the Tsui Wêng Pavilion, Dated A.D. 1551",,H. 53.5 cm. W. 28.5 cm,SMALL SOUTH ROOM,Ming,,WÊN CHÊNG-MING (A.D. 1470-1567),THE CHINESE GOVERNMENT,,government,China,,,
3061,"Wan shou shêng tien pt. 1, ch. 41",item,Prints,Ancient Book,plant derived materials; paper,A contemporary illustrated account of the celebration of the sixtieth birthday of the Emperor K'ang-hsi (A.D. 1713),,29 by 19.8 cm,SMALL SOUTH ROOM,Qing,,MA CH'I and others,THE CHINESE GOVERNMENT,,government,China,,,
3062,T'ien wên t'u,item,Prints,Ancient Book,plant derived materials; paper,"An edition of Ch'ü Yüan's ""God-questions,"" noted for its illustrations",,23 by 13.6 cm,SMALL SOUTH ROOM,Qing,,HSIAO YÜN-TS'UNG (Illustrator),THE CHINESE GOVERNMENT,,government,China,,,
3063,Shuang hung chi ch. 1,item,Prints,Ancient Book,plant derived materials; paper,"An illustrated drama, printed about A.D. 1600",,28.3 by 17.4 cm,SMALL SOUTH ROOM,Ming,,YÜ HANG KÊNG SHÊNG (pseud.),THE CHINESE GOVERNMENT,,government,China,,,
3064,TA MING JÊN HSIAO HUANG HOU NEI HSÜN,item,Prints,Ancient Book,plant derived materials; paper,"Precepts for women, issued in the early 15th century, by order of the Ming Empress Jên Hsiao, ""Butterfly binding""",,35.2 by 21.3 cm,SMALL SOUTH ROOM,Ming,,,THE CHINESE GOVERNMENT,,government,China,,,
3065,SEALS AND PORTRAIT of the Emperor Ch'ien-lung (r. A.D.1736 -1795),item,Paintings and Calligraphy,Court Painting,plant derived materials; paper,,,,SMALL SOUTH ROOM,Qing,,,"MUSÉE GUIMET, Paris",,museum,"Paris, France",yes,,
3066,SHIH CHU CHAI HUA P'U,item,Prints,Ancient Book,plant derived materials; paper,"(The Ten Bamboo Studio), A book of suggested designs for paintings, printed from blocks about A.D. 1635, in five colours, Compiled and printed by Hu Chêng-yen",,29.4 by 16.6 cm,SMALL SOUTH ROOM,Qing,,Hu Chêng-yen",THE CHINESE GOVERNMENT,,government,China,yes,,
3067,Hsi hsiang chi,item,Prints,Ancient Book,plant derived materials; paper,An illustrated Ming edition of the Yüan musical drama "The Western Chamber",,28.8 by 18.2 cm,SMALL SOUTH ROOM,Ming,,WANG SHIH-FU and KUAN HAN-CH'ING、,THE CHINESE GOVERNMENT,,government,China,,,
3068,Yü shih jên fêng ch. 3,item,Prints,Ancient Book,plant derived materials; paper,An illustrated edition (circa 1600) of a Ming collection of admonitory stories of ancient Emperors,,33.8 by 22.5 cm,SMALL SOUTH ROOM,Ming,,CHIN CHUNG,THE CHINESE GOVERNMENT,,government,China,,,
3069,Hua i yi yü,item,Prints,Ancient Book,plant derived materials; paper,"A Chinese-Mongolian dictionary, compiled and printed in the 14th century under the Ming Dynasty",,37.2 by 22.2 cm,SMALL SOUTH ROOM,Ming,,HUO YÜAN-CHIEH (Editor),THE CHINESE GOVERNMENT,,government,China,,,
3070,Ling pao tao ch'uan ch'I ch. 1,item,Prints,Ancient Book,plant derived materials; paper,"Manuscript facsimile of the A.D. 1617 edition of a Ming musical drama, with illustrations",,27.7 by 17 cm,SMALL SOUTH ROOM,Ming,,CH'ÊN YÜ-CHIAO,THE CHINESE GOVERNMENT,,government,China,,,
3071,FAN,item,fan,fan,plant derived materials; paper,"Chrysanthemums, Colour on paper",,,SMALL SOUTH ROOM,Qing,,"painted by Yün Shou-p'ing (active A.D. 1633-90),","SIR PERCIVAL DAVID, BT., London",,private,"London, U.K.",yes,,
3072,WOOD BLOCK PRINT,item,Prints,Block Print,plant derived materials; paper,Buddhist Paradise,,,SMALL SOUTH ROOM,Sui and Tang,,,THE GOVERNMENT OF INDIA,,government,India,,,
3073,CALLIGRAPHY,item,Paintings and Calligraphy,Calligraphy,,,,,SMALL SOUTH ROOM,Song,,letter written by Ts'ai Hsiang (A.D. 1001-1066),THE CHINESE GOVERNMENT,,government,China,yes,,
3074,CALLIGRAPHY,item,Paintings and Calligraphy,Calligraphy,,,,,SMALL SOUTH ROOM,Song,,"letter written by Su Chê, brother of Su Tung-p'o. (A.D. 1039-1132)",THE CHINESE GOVERNMENT,,government,China,,,
3075,CALLIGRAPHY,item,Paintings and Calligraphy,Calligraphy,,,,,SMALL SOUTH ROOM,Song,,letter written by Su Tung-p'o. (A.D. 1036-1101),THE CHINESE GOVERNMENT,,government,China,,,
3076,CALLIGRAPHY,item,Paintings and Calligraphy,Calligraphy,,,,,SMALL SOUTH ROOM,Song,,letter written by Mi Fei (A.D. 1051-1105),THE CHINESE GOVERNMENT,,government,China,,,
3077,CALLIGRAPHY,item,Paintings and Calligraphy,Calligraphy,,,,,SMALL SOUTH ROOM,Song,,poem on the tree peony written by the Emperor Hui Tsung (r. 1100-1125) Sung Dynasty,THE CHINESE GOVERNMENT,,government,China,yes,,
3078,CALLIGRAPHY,item,Paintings and Calligraphy,Calligraphy,,,,,SMALL SOUTH ROOM,Song,,poem written by Huang T'ing-chien (A.D. 1045-1105),THE CHINESE GOVERNMENT,,government,China,yes,,
3079,PANEL,item,Ceramics,stoneware,ceramics; stoneware,"in two parts, with pavilions and figures, stoneware with coloured glazes",,H. 62 cm. W. 127.2 cm,STAIRCASE,Qing,,,"GEOFFREY HARMSWORTH, London",,private,"London, U.K.",yes,,
3080,PAGODA,item,Ceramics,pottery,ceramics; pottery,"pottery, with aubergine and turquoise glazes",,H. 69 cm,STAIRCASE,Ming,,,"THE HON. LADY WARD, London",,private,"London, U.K.",yes,,
